week_day,day,month_str,month_int,year,date_drawn,start_end_month,white_ball1,white_ball1_high_low,white_ball1_odd_even,white_ball2,white_ball2_high_low,white_ball2_odd_even,white_ball3,white_ball3_high_low,white_ball3_odd_even,white_ball4,white_ball4_high_low,white_ball4_odd_even,white_ball5,white_ball5_high_low,white_ball5_odd_even,sum_white,sum_white_hl,white_sums_odd_even,red_ball,red_ball_high_low,sum_white_red,sum_white_red_hl,white_red_sums_odd_even
Sat,25,Jun,6,2005,2005-06-25,End of Month,7,Low,Odd,28,Low,Even,31,Low,Odd,32,Low,Even,40,High,Even,138,Low,Even,14,High,152,Low,Even
Wed,29,Jun,6,2005,2005-06-29,End of Month,3,Low,Odd,8,Low,Even,22,Low,Even,42,High,Even,49,High,Odd,124,Low,Even,39,High,163,Low,Odd
Sat,2,Jul,7,2005,2005-07-02,Start of Month,9,Low,Odd,10,Low,Even,29,Low,Odd,39,High,Odd,52,High,Even,139,Low,Odd,20,High,159,Low,Odd
Wed,6,Jul,7,2005,2005-07-06,Start of Month,2,Low,Even,12,Low,Even,25,Low,Odd,30,Low,Even,48,High,Even,117,Low,Odd,38,High,155,Low,Odd
Sat,9,Jul,7,2005,2005-07-09,Start of Month,8,Low,Even,9,Low,Odd,39,High,Odd,47,High,Odd,53,High,Odd,156,Low,Even,4,Low,160,Low,Even
Wed,13,Jul,7,2005,2005-07-13,Start of Month,4,Low,Even,5,Low,Odd,13,Low,Odd,23,Low,Odd,43,High,Odd,88,Low,Even,34,High,122,Low,Even
Sat,16,Jul,7,2005,2005-07-16,End of Month,8,Low,Even,32,Low,Even,33,Low,Odd,41,High,Odd,50,High,Even,164,Low,Even,22,High,186,High,Even
Wed,20,Jul,7,2005,2005-07-20,End of Month,6,Low,Even,7,Low,Odd,32,Low,Even,39,High,Odd,51,High,Odd,135,Low,Odd,31,High,166,Low,Even
Sat,23,Jul,7,2005,2005-07-23,End of Month,13,Low,Odd,16,Low,Even,20,Low,Even,28,Low,Even,32,Low,Even,109,Low,Odd,36,High,145,Low,Odd
Wed,27,Jul,7,2005,2005-07-27,End of Month,1,Low,Odd,4,Low,Even,10,Low,Even,13,Low,Odd,29,Low,Odd,57,Low,Odd,3,Low,60,Low,Even
Sat,30,Jul,7,2005,2005-07-30,End of Month,8,Low,Even,14,Low,Even,35,High,Odd,38,High,Even,46,High,Even,141,Low,Odd,24,High,165,Low,Odd
Wed,3,Aug,8,2005,2005-08-03,Start of Month,5,Low,Odd,19,Low,Odd,24,Low,Even,28,Low,Even,39,High,Odd,115,Low,Odd,24,High,139,Low,Odd
Sat,6,Aug,8,2005,2005-08-06,Start of Month,1,Low,Odd,9,Low,Odd,19,Low,Odd,36,High,Even,53,High,Odd,118,Low,Even,33,High,151,Low,Odd
Wed,10,Aug,8,2005,2005-08-10,Start of Month,13,Low,Odd,31,Low,Odd,36,High,Even,38,High,Even,49,High,Odd,167,Low,Odd,2,Low,169,Low,Odd
Sat,13,Aug,8,2005,2005-08-13,Start of Month,1,Low,Odd,2,Low,Even,18,Low,Even,37,High,Odd,43,High,Odd,101,Low,Odd,37,High,138,Low,Even
Wed,17,Aug,8,2005,2005-08-17,End of Month,3,Low,Odd,8,Low,Even,30,Low,Even,43,High,Odd,53,High,Odd,137,Low,Odd,15,High,152,Low,Even
Sat,20,Aug,8,2005,2005-08-20,End of Month,13,Low,Odd,27,Low,Odd,28,Low,Even,29,Low,Odd,49,High,Odd,146,Low,Even,36,High,182,Low,Even
Wed,24,Aug,8,2005,2005-08-24,End of Month,9,Low,Odd,11,Low,Odd,26,Low,Even,35,High,Odd,51,High,Odd,132,Low,Even,32,High,164,Low,Even
Sat,27,Aug,8,2005,2005-08-27,End of Month,8,Low,Even,22,Low,Even,31,Low,Odd,39,High,Odd,44,High,Even,144,Low,Even,11,Low,155,Low,Odd
Wed,31,Aug,8,2005,2005-08-31,End of Month,13,Low,Odd,17,Low,Odd,19,Low,Odd,41,High,Odd,50,High,Even,140,Low,Even,13,Low,153,Low,Odd
Sat,3,Sep,9,2005,2005-09-03,Start of Month,1,Low,Odd,3,Low,Odd,30,Low,Even,31,Low,Odd,43,High,Odd,108,Low,Even,36,High,144,Low,Even
Wed,7,Sep,9,2005,2005-09-07,Start of Month,12,Low,Even,32,Low,Even,40,High,Even,50,High,Even,54,High,Even,188,High,Even,37,High,225,High,Odd
Sat,10,Sep,9,2005,2005-09-10,Start of Month,8,Low,Even,10,Low,Even,11,Low,Odd,48,High,Even,50,High,Even,127,Low,Odd,16,High,143,Low,Odd
Wed,14,Sep,9,2005,2005-09-14,Start of Month,21,Low,Odd,24,Low,Even,42,High,Even,49,High,Odd,50,High,Even,186,High,Even,1,Low,187,High,Odd
Sat,17,Sep,9,2005,2005-09-17,End of Month,5,Low,Odd,9,Low,Odd,27,Low,Odd,49,High,Odd,52,High,Even,142,Low,Even,6,Low,148,Low,Even
Wed,21,Sep,9,2005,2005-09-21,End of Month,3,Low,Odd,28,Low,Even,34,Low,Even,35,High,Odd,50,High,Even,150,Low,Even,8,Low,158,Low,Even
Sat,24,Sep,9,2005,2005-09-24,End of Month,2,Low,Even,10,Low,Even,31,Low,Odd,43,High,Odd,55,High,Odd,141,Low,Odd,14,High,155,Low,Odd
Wed,28,Sep,9,2005,2005-09-28,End of Month,7,Low,Odd,22,Low,Even,27,Low,Odd,48,High,Even,50,High,Even,154,Low,Even,17,High,171,Low,Odd
Sat,1,Oct,10,2005,2005-10-01,Start of Month,8,Low,Even,18,Low,Even,38,High,Even,45,High,Odd,54,High,Even,163,Low,Odd,23,High,186,High,Even
Wed,5,Oct,10,2005,2005-10-05,Start of Month,2,Low,Even,15,Low,Odd,25,Low,Odd,30,Low,Even,45,High,Odd,117,Low,Odd,17,High,134,Low,Even
Sat,8,Oct,10,2005,2005-10-08,Start of Month,26,Low,Even,31,Low,Odd,35,High,Odd,46,High,Even,50,High,Even,188,High,Even,28,High,216,High,Even
Wed,12,Oct,10,2005,2005-10-12,Start of Month,4,Low,Even,9,Low,Odd,18,Low,Even,51,High,Odd,54,High,Even,136,Low,Even,10,Low,146,Low,Even
Sat,15,Oct,10,2005,2005-10-15,Start of Month,1,Low,Odd,7,Low,Odd,8,Low,Even,34,Low,Even,45,High,Odd,95,Low,Odd,15,High,110,Low,Even
Wed,19,Oct,10,2005,2005-10-19,End of Month,7,Low,Odd,21,Low,Odd,43,High,Odd,44,High,Even,49,High,Odd,164,Low,Even,29,High,193,High,Odd
Sat,22,Oct,10,2005,2005-10-22,End of Month,6,Low,Even,7,Low,Odd,36,High,Even,51,High,Odd,53,High,Odd,153,Low,Odd,17,High,170,Low,Even
Wed,26,Oct,10,2005,2005-10-26,End of Month,2,Low,Even,10,Low,Even,39,High,Odd,42,High,Even,43,High,Odd,136,Low,Even,23,High,159,Low,Odd
Sat,29,Oct,10,2005,2005-10-29,End of Month,14,Low,Even,19,Low,Odd,22,Low,Even,41,High,Odd,50,High,Even,146,Low,Even,21,High,167,Low,Odd
Wed,2,Nov,11,2005,2005-11-02,Start of Month,6,Low,Even,11,Low,Odd,14,Low,Even,27,Low,Odd,41,High,Odd,99,Low,Odd,38,High,137,Low,Odd
Sat,5,Nov,11,2005,2005-11-05,Start of Month,7,Low,Odd,25,Low,Odd,29,Low,Odd,37,High,Odd,50,High,Even,148,Low,Even,17,High,165,Low,Odd
Wed,9,Nov,11,2005,2005-11-09,Start of Month,5,Low,Odd,13,Low,Odd,14,Low,Even,31,Low,Odd,49,High,Odd,112,Low,Even,30,High,142,Low,Even
Sat,12,Nov,11,2005,2005-11-12,Start of Month,17,Low,Odd,37,High,Odd,41,High,Odd,48,High,Even,55,High,Odd,198,High,Even,39,High,237,High,Odd
Wed,16,Nov,11,2005,2005-11-16,End of Month,5,Low,Odd,18,Low,Even,20,Low,Even,21,Low,Odd,44,High,Even,108,Low,Even,27,High,135,Low,Odd
Sat,19,Nov,11,2005,2005-11-19,End of Month,8,Low,Even,15,Low,Odd,20,Low,Even,41,High,Odd,54,High,Even,138,Low,Even,22,High,160,Low,Even
Wed,23,Nov,11,2005,2005-11-23,End of Month,9,Low,Odd,12,Low,Even,24,Low,Even,25,Low,Odd,27,Low,Odd,97,Low,Odd,33,High,130,Low,Even
Sat,26,Nov,11,2005,2005-11-26,End of Month,28,Low,Even,34,Low,Even,37,High,Odd,45,High,Odd,53,High,Odd,197,High,Odd,32,High,229,High,Odd
Wed,30,Nov,11,2005,2005-11-30,End of Month,19,Low,Odd,23,Low,Odd,27,Low,Odd,42,High,Even,52,High,Even,163,Low,Odd,1,Low,164,Low,Even
Sat,3,Dec,12,2005,2005-12-03,Start of Month,2,Low,Even,15,Low,Odd,26,Low,Even,37,High,Odd,42,High,Even,122,Low,Even,36,High,158,Low,Even
Wed,7,Dec,12,2005,2005-12-07,Start of Month,19,Low,Odd,30,Low,Even,41,High,Odd,45,High,Odd,54,High,Even,189,High,Odd,14,High,203,High,Odd
Sat,10,Dec,12,2005,2005-12-10,Start of Month,3,Low,Odd,21,Low,Odd,34,Low,Even,42,High,Even,45,High,Odd,145,Low,Odd,39,High,184,Low,Even
Wed,14,Dec,12,2005,2005-12-14,Start of Month,8,Low,Even,15,Low,Odd,16,Low,Even,45,High,Odd,51,High,Odd,135,Low,Odd,11,Low,146,Low,Even
Sat,17,Dec,12,2005,2005-12-17,End of Month,24,Low,Even,36,High,Even,44,High,Even,46,High,Even,53,High,Odd,203,High,Odd,18,High,221,High,Odd
Wed,21,Dec,12,2005,2005-12-21,End of Month,9,Low,Odd,12,Low,Even,16,Low,Even,23,Low,Odd,43,High,Odd,103,Low,Odd,37,High,140,Low,Even
Sat,24,Dec,12,2005,2005-12-24,End of Month,4,Low,Even,10,Low,Even,33,Low,Odd,34,Low,Even,50,High,Even,131,Low,Odd,14,High,145,Low,Odd
Wed,28,Dec,12,2005,2005-12-28,End of Month,12,Low,Even,15,Low,Odd,30,Low,Even,46,High,Even,54,High,Even,157,Low,Odd,1,Low,158,Low,Even
Sat,31,Dec,12,2005,2005-12-31,End of Month,4,Low,Even,30,Low,Even,37,High,Odd,43,High,Odd,46,High,Even,160,Low,Even,42,High,202,High,Even
Wed,4,Jan,1,2006,2006-01-04,Start of Month,10,Low,Even,23,Low,Odd,42,High,Even,48,High,Even,54,High,Even,177,High,Odd,3,Low,180,Low,Even
Sat,7,Jan,1,2006,2006-01-07,Start of Month,2,Low,Even,16,Low,Even,21,Low,Odd,32,Low,Even,43,High,Odd,114,Low,Even,6,Low,120,Low,Even
Wed,11,Jan,1,2006,2006-01-11,Start of Month,3,Low,Odd,6,Low,Even,14,Low,Even,17,Low,Odd,18,Low,Even,58,Low,Even,14,High,72,Low,Even
Sat,14,Jan,1,2006,2006-01-14,Start of Month,6,Low,Even,14,Low,Even,40,High,Even,46,High,Even,49,High,Odd,155,Low,Odd,17,High,172,Low,Even
Wed,18,Jan,1,2006,2006-01-18,End of Month,15,Low,Odd,29,Low,Odd,38,High,Even,52,High,Even,53,High,Odd,187,High,Odd,7,Low,194,High,Even
Sat,21,Jan,1,2006,2006-01-21,End of Month,3,Low,Odd,18,Low,Even,39,High,Odd,43,High,Odd,54,High,Even,157,Low,Odd,41,High,198,High,Even
Wed,25,Jan,1,2006,2006-01-25,End of Month,10,Low,Even,37,High,Odd,43,High,Odd,50,High,Even,52,High,Even,192,High,Even,14,High,206,High,Even
Sat,28,Jan,1,2006,2006-01-28,End of Month,14,Low,Even,15,Low,Odd,26,Low,Even,28,Low,Even,36,High,Even,119,Low,Odd,36,High,155,Low,Odd
Wed,1,Feb,2,2006,2006-02-01,Start of Month,11,Low,Odd,13,Low,Odd,30,Low,Even,35,High,Odd,55,High,Odd,144,Low,Even,37,High,181,Low,Odd
Sat,4,Feb,2,2006,2006-02-04,Start of Month,4,Low,Even,12,Low,Even,13,Low,Odd,30,Low,Even,38,High,Even,97,Low,Odd,30,High,127,Low,Odd
Wed,8,Feb,2,2006,2006-02-08,Start of Month,14,Low,Even,25,Low,Odd,32,Low,Even,48,High,Even,54,High,Even,173,High,Odd,10,Low,183,Low,Odd
Sat,11,Feb,2,2006,2006-02-11,Start of Month,7,Low,Odd,38,High,Even,40,High,Even,51,High,Odd,52,High,Even,188,High,Even,14,High,202,High,Even
Wed,15,Feb,2,2006,2006-02-15,Start of Month,3,Low,Odd,13,Low,Odd,35,High,Odd,39,High,Odd,40,High,Even,130,Low,Even,37,High,167,Low,Odd
Sat,18,Feb,2,2006,2006-02-18,End of Month,15,Low,Odd,17,Low,Odd,43,High,Odd,44,High,Even,48,High,Even,167,Low,Odd,29,High,196,High,Even
Wed,22,Feb,2,2006,2006-02-22,End of Month,9,Low,Odd,23,Low,Odd,47,High,Odd,53,High,Odd,55,High,Odd,187,High,Odd,39,High,226,High,Even
Sat,25,Feb,2,2006,2006-02-25,End of Month,3,Low,Odd,37,High,Odd,46,High,Even,48,High,Even,51,High,Odd,185,High,Odd,22,High,207,High,Odd
Wed,1,Mar,3,2006,2006-03-01,Start of Month,10,Low,Even,25,Low,Odd,35,High,Odd,38,High,Even,41,High,Odd,149,Low,Odd,23,High,172,Low,Even
Sat,4,Mar,3,2006,2006-03-04,Start of Month,13,Low,Odd,22,Low,Even,27,Low,Odd,52,High,Even,55,High,Odd,169,Low,Odd,26,High,195,High,Odd
Wed,8,Mar,3,2006,2006-03-08,Start of Month,1,Low,Odd,5,Low,Odd,7,Low,Odd,21,Low,Odd,43,High,Odd,77,Low,Odd,20,High,97,Low,Odd
Sat,11,Mar,3,2006,2006-03-11,Start of Month,16,Low,Even,35,High,Odd,37,High,Odd,52,High,Even,54,High,Even,194,High,Even,33,High,227,High,Odd
Wed,15,Mar,3,2006,2006-03-15,Start of Month,7,Low,Odd,12,Low,Even,36,High,Even,48,High,Even,54,High,Even,157,Low,Odd,37,High,194,High,Even
Sat,18,Mar,3,2006,2006-03-18,End of Month,1,Low,Odd,25,Low,Odd,34,Low,Even,36,High,Even,42,High,Even,138,Low,Even,19,High,157,Low,Odd
Wed,22,Mar,3,2006,2006-03-22,End of Month,18,Low,Even,22,Low,Even,23,Low,Odd,38,High,Even,45,High,Odd,146,Low,Even,31,High,177,Low,Odd
Sat,25,Mar,3,2006,2006-03-25,End of Month,20,Low,Even,34,Low,Even,37,High,Odd,39,High,Odd,45,High,Odd,175,High,Odd,32,High,207,High,Odd
Wed,29,Mar,3,2006,2006-03-29,End of Month,2,Low,Even,14,Low,Even,24,Low,Even,28,Low,Even,54,High,Even,122,Low,Even,13,Low,135,Low,Odd
Sat,1,Apr,4,2006,2006-04-01,Start of Month,1,Low,Odd,10,Low,Even,23,Low,Odd,50,High,Even,55,High,Odd,139,Low,Odd,29,High,168,Low,Even
Wed,5,Apr,4,2006,2006-04-05,Start of Month,3,Low,Odd,9,Low,Odd,24,Low,Even,29,Low,Odd,39,High,Odd,104,Low,Even,42,High,146,Low,Even
Sat,8,Apr,4,2006,2006-04-08,Start of Month,4,Low,Even,23,Low,Odd,35,High,Odd,43,High,Odd,44,High,Even,149,Low,Odd,35,High,184,Low,Even
Wed,12,Apr,4,2006,2006-04-12,Start of Month,16,Low,Even,26,Low,Even,34,Low,Even,35,High,Odd,41,High,Odd,152,Low,Even,24,High,176,Low,Even
Sat,15,Apr,4,2006,2006-04-15,Start of Month,13,Low,Odd,18,Low,Even,23,Low,Odd,28,Low,Even,46,High,Even,128,Low,Even,33,High,161,Low,Odd
Wed,19,Apr,4,2006,2006-04-19,End of Month,5,Low,Odd,28,Low,Even,32,Low,Even,34,Low,Even,53,High,Odd,152,Low,Even,10,Low,162,Low,Even
Sat,22,Apr,4,2006,2006-04-22,End of Month,4,Low,Even,5,Low,Odd,6,Low,Even,18,Low,Even,27,Low,Odd,60,Low,Even,24,High,84,Low,Even
Wed,26,Apr,4,2006,2006-04-26,End of Month,12,Low,Even,24,Low,Even,26,Low,Even,48,High,Even,55,High,Odd,165,Low,Odd,14,High,179,Low,Odd
Sat,29,Apr,4,2006,2006-04-29,End of Month,19,Low,Odd,30,Low,Even,35,High,Odd,40,High,Even,41,High,Odd,165,Low,Odd,14,High,179,Low,Odd
Wed,3,May,5,2006,2006-05-03,Start of Month,4,Low,Even,6,Low,Even,19,Low,Odd,38,High,Even,42,High,Even,109,Low,Odd,37,High,146,Low,Even
Sat,6,May,5,2006,2006-05-06,Start of Month,12,Low,Even,23,Low,Odd,25,Low,Odd,32,Low,Even,38,High,Even,130,Low,Even,27,High,157,Low,Odd
Wed,10,May,5,2006,2006-05-10,Start of Month,3,Low,Odd,4,Low,Even,11,Low,Odd,37,High,Odd,44,High,Even,99,Low,Odd,24,High,123,Low,Odd
Sat,13,May,5,2006,2006-05-13,Start of Month,19,Low,Odd,28,Low,Even,30,Low,Even,47,High,Odd,54,High,Even,178,High,Even,13,Low,191,High,Odd
Wed,17,May,5,2006,2006-05-17,End of Month,15,Low,Odd,17,Low,Odd,24,Low,Even,26,Low,Even,35,High,Odd,117,Low,Odd,38,High,155,Low,Odd
Sat,20,May,5,2006,2006-05-20,End of Month,2,Low,Even,9,Low,Odd,23,Low,Odd,44,High,Even,45,High,Odd,123,Low,Odd,38,High,161,Low,Odd
Wed,24,May,5,2006,2006-05-24,End of Month,2,Low,Even,3,Low,Odd,12,Low,Even,47,High,Odd,51,High,Odd,115,Low,Odd,10,Low,125,Low,Odd
Sat,27,May,5,2006,2006-05-27,End of Month,6,Low,Even,23,Low,Odd,27,Low,Odd,41,High,Odd,47,High,Odd,144,Low,Even,19,High,163,Low,Odd
Wed,31,May,5,2006,2006-05-31,End of Month,10,Low,Even,20,Low,Even,22,Low,Even,43,High,Odd,49,High,Odd,144,Low,Even,3,Low,147,Low,Odd
Sat,3,Jun,6,2006,2006-06-03,Start of Month,5,Low,Odd,6,Low,Even,18,Low,Even,20,Low,Even,50,High,Even,99,Low,Odd,35,High,134,Low,Even
Wed,7,Jun,6,2006,2006-06-07,Start of Month,4,Low,Even,10,Low,Even,20,Low,Even,26,Low,Even,40,High,Even,100,Low,Even,8,Low,108,Low,Even
Sat,10,Jun,6,2006,2006-06-10,Start of Month,16,Low,Even,24,Low,Even,26,Low,Even,36,High,Even,54,High,Even,156,Low,Even,11,Low,167,Low,Odd
Wed,14,Jun,6,2006,2006-06-14,Start of Month,4,Low,Even,14,Low,Even,15,Low,Odd,40,High,Even,48,High,Even,121,Low,Odd,12,Low,133,Low,Odd
Sat,17,Jun,6,2006,2006-06-17,End of Month,10,Low,Even,20,Low,Even,22,Low,Even,39,High,Odd,48,High,Even,139,Low,Odd,25,High,164,Low,Even
Wed,21,Jun,6,2006,2006-06-21,End of Month,11,Low,Odd,19,Low,Odd,22,Low,Even,43,High,Odd,45,High,Odd,140,Low,Even,34,High,174,Low,Even
Sat,24,Jun,6,2006,2006-06-24,End of Month,8,Low,Even,11,Low,Odd,30,Low,Even,39,High,Odd,47,High,Odd,135,Low,Odd,23,High,158,Low,Even
Wed,28,Jun,6,2006,2006-06-28,End of Month,2,Low,Even,8,Low,Even,16,Low,Even,45,High,Odd,51,High,Odd,122,Low,Even,32,High,154,Low,Even
Sat,1,Jul,7,2006,2006-07-01,Start of Month,2,Low,Even,31,Low,Odd,35,High,Odd,40,High,Even,42,High,Even,150,Low,Even,34,High,184,Low,Even
Wed,5,Jul,7,2006,2006-07-05,Start of Month,26,Low,Even,39,High,Odd,41,High,Odd,52,High,Even,53,High,Odd,211,High,Odd,20,High,231,High,Odd
Sat,8,Jul,7,2006,2006-07-08,Start of Month,32,Low,Even,37,High,Odd,44,High,Even,49,High,Odd,50,High,Even,212,High,Even,13,Low,225,High,Odd
Wed,12,Jul,7,2006,2006-07-12,Start of Month,18,Low,Even,19,Low,Odd,30,Low,Even,31,Low,Odd,33,Low,Odd,131,Low,Odd,15,High,146,Low,Even
Sat,15,Jul,7,2006,2006-07-15,Start of Month,20,Low,Even,35,High,Odd,36,High,Even,47,High,Odd,50,High,Even,188,High,Even,5,Low,193,High,Odd
Wed,19,Jul,7,2006,2006-07-19,End of Month,2,Low,Even,32,Low,Even,38,High,Even,44,High,Even,50,High,Even,166,Low,Even,21,High,187,High,Odd
Sat,22,Jul,7,2006,2006-07-22,End of Month,14,Low,Even,40,High,Even,47,High,Odd,54,High,Even,55,High,Odd,210,High,Even,6,Low,216,High,Even
Wed,26,Jul,7,2006,2006-07-26,End of Month,5,Low,Odd,10,Low,Even,17,Low,Odd,24,Low,Even,43,High,Odd,99,Low,Odd,31,High,130,Low,Even
Sat,29,Jul,7,2006,2006-07-29,End of Month,14,Low,Even,19,Low,Odd,26,Low,Even,39,High,Odd,55,High,Odd,153,Low,Odd,29,High,182,Low,Even
Wed,2,Aug,8,2006,2006-08-02,Start of Month,10,Low,Even,13,Low,Odd,16,Low,Even,19,Low,Odd,24,Low,Even,82,Low,Even,15,High,97,Low,Odd
Sat,5,Aug,8,2006,2006-08-05,Start of Month,2,Low,Even,3,Low,Odd,9,Low,Odd,48,High,Even,50,High,Even,112,Low,Even,23,High,135,Low,Odd
Wed,9,Aug,8,2006,2006-08-09,Start of Month,16,Low,Even,19,Low,Odd,41,High,Odd,43,High,Odd,52,High,Even,171,Low,Odd,35,High,206,High,Even
Sat,12,Aug,8,2006,2006-08-12,Start of Month,13,Low,Odd,14,Low,Even,18,Low,Even,27,Low,Odd,54,High,Even,126,Low,Even,32,High,158,Low,Even
Wed,16,Aug,8,2006,2006-08-16,End of Month,2,Low,Even,13,Low,Odd,22,Low,Even,48,High,Even,50,High,Even,135,Low,Odd,2,Low,137,Low,Odd
Sat,19,Aug,8,2006,2006-08-19,End of Month,12,Low,Even,22,Low,Even,26,Low,Even,29,Low,Odd,51,High,Odd,140,Low,Even,9,Low,149,Low,Odd
Wed,23,Aug,8,2006,2006-08-23,End of Month,8,Low,Even,17,Low,Odd,24,Low,Even,38,High,Even,51,High,Odd,138,Low,Even,31,High,169,Low,Odd
Sat,26,Aug,8,2006,2006-08-26,End of Month,24,Low,Even,26,Low,Even,38,High,Even,42,High,Even,46,High,Even,176,High,Even,16,High,192,High,Even
Wed,30,Aug,8,2006,2006-08-30,End of Month,3,Low,Odd,19,Low,Odd,33,Low,Odd,35,High,Odd,43,High,Odd,133,Low,Odd,1,Low,134,Low,Even
Sat,2,Sep,9,2006,2006-09-02,Start of Month,3,Low,Odd,8,Low,Even,24,Low,Even,28,Low,Even,49,High,Odd,112,Low,Even,25,High,137,Low,Odd
Wed,6,Sep,9,2006,2006-09-06,Start of Month,2,Low,Even,21,Low,Odd,27,Low,Odd,35,High,Odd,55,High,Odd,140,Low,Even,1,Low,141,Low,Odd
Sat,9,Sep,9,2006,2006-09-09,Start of Month,3,Low,Odd,19,Low,Odd,20,Low,Even,22,Low,Even,47,High,Odd,111,Low,Odd,2,Low,113,Low,Odd
Wed,13,Sep,9,2006,2006-09-13,Start of Month,15,Low,Odd,19,Low,Odd,26,Low,Even,45,High,Odd,47,High,Odd,152,Low,Even,3,Low,155,Low,Odd
Sat,16,Sep,9,2006,2006-09-16,End of Month,7,Low,Odd,8,Low,Even,26,Low,Even,27,Low,Odd,42,High,Even,110,Low,Even,12,Low,122,Low,Even
Wed,20,Sep,9,2006,2006-09-20,End of Month,7,Low,Odd,8,Low,Even,17,Low,Odd,29,Low,Odd,54,High,Even,115,Low,Odd,26,High,141,Low,Odd
Sat,23,Sep,9,2006,2006-09-23,End of Month,13,Low,Odd,21,Low,Odd,26,Low,Even,45,High,Odd,50,High,Even,155,Low,Odd,20,High,175,Low,Odd
Wed,27,Sep,9,2006,2006-09-27,End of Month,23,Low,Odd,28,Low,Even,33,Low,Odd,35,High,Odd,49,High,Odd,168,Low,Even,16,High,184,Low,Even
Sat,30,Sep,9,2006,2006-09-30,End of Month,6,Low,Even,15,Low,Odd,30,Low,Even,32,Low,Even,39,High,Odd,122,Low,Even,5,Low,127,Low,Odd
Wed,4,Oct,10,2006,2006-10-04,Start of Month,3,Low,Odd,7,Low,Odd,27,Low,Odd,39,High,Odd,40,High,Even,116,Low,Even,8,Low,124,Low,Even
Sat,7,Oct,10,2006,2006-10-07,Start of Month,3,Low,Odd,4,Low,Even,8,Low,Even,31,Low,Odd,45,High,Odd,91,Low,Odd,12,Low,103,Low,Odd
Wed,11,Oct,10,2006,2006-10-11,Start of Month,5,Low,Odd,10,Low,Even,12,Low,Even,35,High,Odd,38,High,Even,100,Low,Even,9,Low,109,Low,Odd
Sat,14,Oct,10,2006,2006-10-14,Start of Month,1,Low,Odd,15,Low,Odd,17,Low,Odd,26,Low,Even,40,High,Even,99,Low,Odd,19,High,118,Low,Even
Wed,18,Oct,10,2006,2006-10-18,End of Month,2,Low,Even,24,Low,Even,34,Low,Even,41,High,Odd,48,High,Even,149,Low,Odd,24,High,173,Low,Odd
Sat,21,Oct,10,2006,2006-10-21,End of Month,9,Low,Odd,29,Low,Odd,31,Low,Odd,45,High,Odd,55,High,Odd,169,Low,Odd,7,Low,176,Low,Even
Wed,25,Oct,10,2006,2006-10-25,End of Month,16,Low,Even,40,High,Even,42,High,Even,43,High,Odd,48,High,Even,189,High,Odd,1,Low,190,High,Even
Sat,28,Oct,10,2006,2006-10-28,End of Month,14,Low,Even,22,Low,Even,30,Low,Even,38,High,Even,41,High,Odd,145,Low,Odd,12,Low,157,Low,Odd
Wed,1,Nov,11,2006,2006-11-01,Start of Month,7,Low,Odd,8,Low,Even,13,Low,Odd,46,High,Even,54,High,Even,128,Low,Even,35,High,163,Low,Odd
Sat,4,Nov,11,2006,2006-11-04,Start of Month,12,Low,Even,13,Low,Odd,34,Low,Even,39,High,Odd,44,High,Even,142,Low,Even,5,Low,147,Low,Odd
Wed,8,Nov,11,2006,2006-11-08,Start of Month,8,Low,Even,11,Low,Odd,12,Low,Even,26,Low,Even,53,High,Odd,110,Low,Even,4,Low,114,Low,Even
Sat,11,Nov,11,2006,2006-11-11,Start of Month,35,High,Odd,38,High,Even,40,High,Even,49,High,Odd,55,High,Odd,217,High,Odd,41,High,258,High,Even
Wed,15,Nov,11,2006,2006-11-15,Start of Month,11,Low,Odd,28,Low,Even,30,Low,Even,34,Low,Even,43,High,Odd,146,Low,Even,29,High,175,Low,Odd
Sat,18,Nov,11,2006,2006-11-18,End of Month,1,Low,Odd,8,Low,Even,19,Low,Odd,36,High,Even,42,High,Even,106,Low,Even,20,High,126,Low,Even
Wed,22,Nov,11,2006,2006-11-22,End of Month,22,Low,Even,32,Low,Even,36,High,Even,49,High,Odd,55,High,Odd,194,High,Even,8,Low,202,High,Even
Sat,25,Nov,11,2006,2006-11-25,End of Month,5,Low,Odd,18,Low,Even,28,Low,Even,49,High,Odd,55,High,Odd,155,Low,Odd,38,High,193,High,Odd
Wed,29,Nov,11,2006,2006-11-29,End of Month,2,Low,Even,8,Low,Even,9,Low,Odd,12,Low,Even,19,Low,Odd,50,Low,Even,25,High,75,Low,Odd
Sat,2,Dec,12,2006,2006-12-02,Start of Month,17,Low,Odd,34,Low,Even,42,High,Even,45,High,Odd,50,High,Even,188,High,Even,11,Low,199,High,Odd
Wed,6,Dec,12,2006,2006-12-06,Start of Month,7,Low,Odd,34,Low,Even,35,High,Odd,36,High,Even,38,High,Even,150,Low,Even,14,High,164,Low,Even
Sat,9,Dec,12,2006,2006-12-09,Start of Month,19,Low,Odd,22,Low,Even,30,Low,Even,34,Low,Even,52,High,Even,157,Low,Odd,40,High,197,High,Odd
Wed,13,Dec,12,2006,2006-12-13,Start of Month,19,Low,Odd,32,Low,Even,33,Low,Odd,42,High,Even,54,High,Even,180,High,Even,15,High,195,High,Odd
Sat,16,Dec,12,2006,2006-12-16,End of Month,5,Low,Odd,17,Low,Odd,28,Low,Even,36,High,Even,51,High,Odd,137,Low,Odd,5,Low,142,Low,Even
Wed,20,Dec,12,2006,2006-12-20,End of Month,1,Low,Odd,6,Low,Even,14,Low,Even,26,Low,Even,34,Low,Even,81,Low,Odd,34,High,115,Low,Odd
Sat,23,Dec,12,2006,2006-12-23,End of Month,8,Low,Even,27,Low,Odd,43,High,Odd,52,High,Even,53,High,Odd,183,High,Odd,5,Low,188,High,Even
Wed,27,Dec,12,2006,2006-12-27,End of Month,14,Low,Even,16,Low,Even,27,Low,Odd,29,Low,Odd,41,High,Odd,127,Low,Odd,29,High,156,Low,Even
Sat,30,Dec,12,2006,2006-12-30,End of Month,9,Low,Odd,23,Low,Odd,28,Low,Even,31,Low,Odd,36,High,Even,127,Low,Odd,26,High,153,Low,Odd
Wed,3,Jan,1,2007,2007-01-03,Start of Month,10,Low,Even,12,Low,Even,24,Low,Even,35,High,Odd,55,High,Odd,136,Low,Even,31,High,167,Low,Odd
Sat,6,Jan,1,2007,2007-01-06,Start of Month,1,Low,Odd,24,Low,Even,40,High,Even,49,High,Odd,50,High,Even,164,Low,Even,38,High,202,High,Even
Wed,10,Jan,1,2007,2007-01-10,Start of Month,36,High,Even,42,High,Even,45,High,Odd,53,High,Odd,54,High,Even,230,High,Even,36,High,266,High,Even
Sat,13,Jan,1,2007,2007-01-13,Start of Month,1,Low,Odd,21,Low,Odd,23,Low,Odd,25,Low,Odd,26,Low,Even,96,Low,Even,4,Low,100,Low,Even
Wed,17,Jan,1,2007,2007-01-17,End of Month,16,Low,Even,35,High,Odd,49,High,Odd,50,High,Even,52,High,Even,202,High,Even,31,High,233,High,Odd
Sat,20,Jan,1,2007,2007-01-20,End of Month,1,Low,Odd,5,Low,Odd,26,Low,Even,32,Low,Even,38,High,Even,102,Low,Even,30,High,132,Low,Even
Wed,24,Jan,1,2007,2007-01-24,End of Month,9,Low,Odd,19,Low,Odd,29,Low,Odd,42,High,Even,53,High,Odd,152,Low,Even,17,High,169,Low,Odd
Sat,27,Jan,1,2007,2007-01-27,End of Month,10,Low,Even,19,Low,Odd,26,Low,Even,27,Low,Odd,32,Low,Even,114,Low,Even,14,High,128,Low,Even
Wed,31,Jan,1,2007,2007-01-31,End of Month,2,Low,Even,15,Low,Odd,25,Low,Odd,42,High,Even,48,High,Even,132,Low,Even,14,High,146,Low,Even
Sat,3,Feb,2,2007,2007-02-03,Start of Month,12,Low,Even,13,Low,Odd,20,Low,Even,33,Low,Odd,42,High,Even,120,Low,Even,37,High,157,Low,Odd
Wed,7,Feb,2,2007,2007-02-07,Start of Month,4,Low,Even,22,Low,Even,28,Low,Even,37,High,Odd,52,High,Even,143,Low,Odd,10,Low,153,Low,Odd
Sat,10,Feb,2,2007,2007-02-10,Start of Month,2,Low,Even,11,Low,Odd,16,Low,Even,41,High,Odd,42,High,Even,112,Low,Even,16,High,128,Low,Even
Wed,14,Feb,2,2007,2007-02-14,Start of Month,3,Low,Odd,26,Low,Even,30,Low,Even,54,High,Even,55,High,Odd,168,Low,Even,15,High,183,Low,Odd
Sat,17,Feb,2,2007,2007-02-17,End of Month,1,Low,Odd,15,Low,Odd,35,High,Odd,37,High,Odd,45,High,Odd,133,Low,Odd,32,High,165,Low,Odd
Wed,21,Feb,2,2007,2007-02-21,End of Month,2,Low,Even,8,Low,Even,22,Low,Even,29,Low,Odd,37,High,Odd,98,Low,Even,3,Low,101,Low,Odd
Sat,24,Feb,2,2007,2007-02-24,End of Month,36,High,Even,38,High,Even,42,High,Even,54,High,Even,55,High,Odd,225,High,Odd,24,High,249,High,Odd
Wed,28,Feb,2,2007,2007-02-28,End of Month,13,Low,Odd,20,Low,Even,41,High,Odd,42,High,Even,53,High,Odd,169,Low,Odd,2,Low,171,Low,Odd
Sat,3,Mar,3,2007,2007-03-03,Start of Month,1,Low,Odd,5,Low,Odd,16,Low,Even,22,Low,Even,48,High,Even,92,Low,Even,6,Low,98,Low,Even
Wed,7,Mar,3,2007,2007-03-07,Start of Month,13,Low,Odd,16,Low,Even,18,Low,Even,19,Low,Odd,46,High,Even,112,Low,Even,36,High,148,Low,Even
Sat,10,Mar,3,2007,2007-03-10,Start of Month,14,Low,Even,18,Low,Even,34,Low,Even,42,High,Even,43,High,Odd,151,Low,Odd,32,High,183,Low,Odd
Wed,14,Mar,3,2007,2007-03-14,Start of Month,4,Low,Even,27,Low,Odd,30,Low,Even,39,High,Odd,44,High,Even,144,Low,Even,18,High,162,Low,Even
Sat,17,Mar,3,2007,2007-03-17,End of Month,7,Low,Odd,17,Low,Odd,44,High,Even,47,High,Odd,54,High,Even,169,Low,Odd,3,Low,172,Low,Even
Wed,21,Mar,3,2007,2007-03-21,End of Month,16,Low,Even,24,Low,Even,38,High,Even,53,High,Odd,54,High,Even,185,High,Odd,5,Low,190,High,Even
Sat,24,Mar,3,2007,2007-03-24,End of Month,10,Low,Even,38,High,Even,40,High,Even,48,High,Even,53,High,Odd,189,High,Odd,3,Low,192,High,Even
Wed,28,Mar,3,2007,2007-03-28,End of Month,6,Low,Even,20,Low,Even,35,High,Odd,37,High,Odd,47,High,Odd,145,Low,Odd,1,Low,146,Low,Even
Sat,31,Mar,3,2007,2007-03-31,End of Month,2,Low,Even,5,Low,Odd,16,Low,Even,36,High,Even,40,High,Even,99,Low,Odd,36,High,135,Low,Odd
Wed,4,Apr,4,2007,2007-04-04,Start of Month,19,Low,Odd,30,Low,Even,39,High,Odd,40,High,Even,53,High,Odd,181,High,Odd,16,High,197,High,Odd
Sat,7,Apr,4,2007,2007-04-07,Start of Month,2,Low,Even,28,Low,Even,31,Low,Odd,54,High,Even,55,High,Odd,170,Low,Even,23,High,193,High,Odd
Wed,11,Apr,4,2007,2007-04-11,Start of Month,6,Low,Even,15,Low,Odd,38,High,Even,42,High,Even,51,High,Odd,152,Low,Even,18,High,170,Low,Even
Sat,14,Apr,4,2007,2007-04-14,Start of Month,12,Low,Even,21,Low,Odd,36,High,Even,38,High,Even,49,High,Odd,156,Low,Even,18,High,174,Low,Even
Wed,18,Apr,4,2007,2007-04-18,End of Month,6,Low,Even,10,Low,Even,12,Low,Even,13,Low,Odd,24,Low,Even,65,Low,Odd,19,High,84,Low,Even
Sat,21,Apr,4,2007,2007-04-21,End of Month,22,Low,Even,26,Low,Even,28,Low,Even,33,Low,Odd,45,High,Odd,154,Low,Even,17,High,171,Low,Odd
Wed,25,Apr,4,2007,2007-04-25,End of Month,12,Low,Even,13,Low,Odd,14,Low,Even,17,Low,Odd,53,High,Odd,109,Low,Odd,11,Low,120,Low,Even
Sat,28,Apr,4,2007,2007-04-28,End of Month,16,Low,Even,22,Low,Even,43,High,Odd,46,High,Even,49,High,Odd,176,High,Even,10,Low,186,High,Even
Wed,2,May,5,2007,2007-05-02,Start of Month,1,Low,Odd,8,Low,Even,35,High,Odd,40,High,Even,47,High,Odd,131,Low,Odd,9,Low,140,Low,Even
Sat,5,May,5,2007,2007-05-05,Start of Month,13,Low,Odd,21,Low,Odd,29,Low,Odd,40,High,Even,50,High,Even,153,Low,Odd,6,Low,159,Low,Odd
Wed,9,May,5,2007,2007-05-09,Start of Month,2,Low,Even,13,Low,Odd,30,Low,Even,44,High,Even,52,High,Even,141,Low,Odd,40,High,181,Low,Odd
Sat,12,May,5,2007,2007-05-12,Start of Month,30,Low,Even,44,High,Even,46,High,Even,51,High,Odd,53,High,Odd,224,High,Even,25,High,249,High,Odd
Wed,16,May,5,2007,2007-05-16,End of Month,6,Low,Even,7,Low,Odd,16,Low,Even,34,Low,Even,42,High,Even,105,Low,Odd,23,High,128,Low,Even
Sat,19,May,5,2007,2007-05-19,End of Month,3,Low,Odd,19,Low,Odd,21,Low,Odd,26,Low,Even,45,High,Odd,114,Low,Even,2,Low,116,Low,Even
Wed,23,May,5,2007,2007-05-23,End of Month,3,Low,Odd,11,Low,Odd,24,Low,Even,36,High,Even,38,High,Even,112,Low,Even,6,Low,118,Low,Even
Sat,26,May,5,2007,2007-05-26,End of Month,1,Low,Odd,5,Low,Odd,21,Low,Odd,46,High,Even,51,High,Odd,124,Low,Even,29,High,153,Low,Odd
Wed,30,May,5,2007,2007-05-30,End of Month,7,Low,Odd,23,Low,Odd,35,High,Odd,54,High,Even,55,High,Odd,174,High,Even,28,High,202,High,Even
Sat,2,Jun,6,2007,2007-06-02,Start of Month,2,Low,Even,22,Low,Even,32,Low,Even,36,High,Even,47,High,Odd,139,Low,Odd,36,High,175,Low,Odd
Wed,6,Jun,6,2007,2007-06-06,Start of Month,5,Low,Odd,9,Low,Odd,14,Low,Even,45,High,Odd,48,High,Even,121,Low,Odd,28,High,149,Low,Odd
Sat,9,Jun,6,2007,2007-06-09,Start of Month,7,Low,Odd,10,Low,Even,25,Low,Odd,32,Low,Even,41,High,Odd,115,Low,Odd,22,High,137,Low,Odd
Wed,13,Jun,6,2007,2007-06-13,Start of Month,10,Low,Even,13,Low,Odd,28,Low,Even,30,Low,Even,47,High,Odd,128,Low,Even,26,High,154,Low,Even
Sat,16,Jun,6,2007,2007-06-16,End of Month,4,Low,Even,8,Low,Even,32,Low,Even,47,High,Odd,51,High,Odd,142,Low,Even,27,High,169,Low,Odd
Wed,20,Jun,6,2007,2007-06-20,End of Month,23,Low,Odd,31,Low,Odd,32,Low,Even,37,High,Odd,55,High,Odd,178,High,Even,35,High,213,High,Odd
Sat,23,Jun,6,2007,2007-06-23,End of Month,14,Low,Even,15,Low,Odd,27,Low,Odd,43,High,Odd,53,High,Odd,152,Low,Even,28,High,180,Low,Even
Wed,27,Jun,6,2007,2007-06-27,End of Month,9,Low,Odd,11,Low,Odd,13,Low,Odd,24,Low,Even,43,High,Odd,100,Low,Even,18,High,118,Low,Even
Sat,30,Jun,6,2007,2007-06-30,End of Month,24,Low,Even,38,High,Even,39,High,Odd,46,High,Even,47,High,Odd,194,High,Even,26,High,220,High,Even
Wed,4,Jul,7,2007,2007-07-04,Start of Month,1,Low,Odd,2,Low,Even,15,Low,Odd,17,Low,Odd,49,High,Odd,84,Low,Even,35,High,119,Low,Odd
Sat,7,Jul,7,2007,2007-07-07,Start of Month,15,Low,Odd,21,Low,Odd,27,Low,Odd,41,High,Odd,47,High,Odd,151,Low,Odd,20,High,171,Low,Odd
Wed,11,Jul,7,2007,2007-07-11,Start of Month,8,Low,Even,20,Low,Even,29,Low,Odd,42,High,Even,43,High,Odd,142,Low,Even,35,High,177,Low,Odd
Sat,14,Jul,7,2007,2007-07-14,Start of Month,1,Low,Odd,21,Low,Odd,30,Low,Even,34,Low,Even,36,High,Even,122,Low,Even,37,High,159,Low,Odd
Wed,18,Jul,7,2007,2007-07-18,End of Month,3,Low,Odd,9,Low,Odd,14,Low,Even,40,High,Even,42,High,Even,108,Low,Even,3,Low,111,Low,Odd
Sat,21,Jul,7,2007,2007-07-21,End of Month,14,Low,Even,30,Low,Even,39,High,Odd,43,High,Odd,46,High,Even,172,Low,Even,14,High,186,High,Even
Wed,25,Jul,7,2007,2007-07-25,End of Month,28,Low,Even,35,High,Odd,40,High,Even,47,High,Odd,53,High,Odd,203,High,Odd,30,High,233,High,Odd
Sat,28,Jul,7,2007,2007-07-28,End of Month,15,Low,Odd,19,Low,Odd,24,Low,Even,27,Low,Odd,47,High,Odd,132,Low,Even,11,Low,143,Low,Odd
Wed,1,Aug,8,2007,2007-08-01,Start of Month,9,Low,Odd,16,Low,Even,23,Low,Odd,51,High,Odd,52,High,Even,151,Low,Odd,12,Low,163,Low,Odd
Sat,4,Aug,8,2007,2007-08-04,Start of Month,2,Low,Even,23,Low,Odd,24,Low,Even,27,Low,Odd,36,High,Even,112,Low,Even,3,Low,115,Low,Odd
Wed,8,Aug,8,2007,2007-08-08,Start of Month,9,Low,Odd,16,Low,Even,21,Low,Odd,30,Low,Even,52,High,Even,128,Low,Even,9,Low,137,Low,Odd
Sat,11,Aug,8,2007,2007-08-11,Start of Month,1,Low,Odd,10,Low,Even,11,Low,Odd,37,High,Odd,40,High,Even,99,Low,Odd,20,High,119,Low,Odd
Wed,15,Aug,8,2007,2007-08-15,Start of Month,19,Low,Odd,22,Low,Even,24,Low,Even,38,High,Even,51,High,Odd,154,Low,Even,9,Low,163,Low,Odd
Sat,18,Aug,8,2007,2007-08-18,End of Month,12,Low,Even,15,Low,Odd,28,Low,Even,31,Low,Odd,50,High,Even,136,Low,Even,12,Low,148,Low,Even
Wed,22,Aug,8,2007,2007-08-22,End of Month,12,Low,Even,37,High,Odd,40,High,Even,48,High,Even,50,High,Even,187,High,Odd,37,High,224,High,Even
Sat,25,Aug,8,2007,2007-08-25,End of Month,2,Low,Even,8,Low,Even,23,Low,Odd,29,Low,Odd,35,High,Odd,97,Low,Odd,19,High,116,Low,Even
Wed,29,Aug,8,2007,2007-08-29,End of Month,13,Low,Odd,16,Low,Even,33,Low,Odd,44,High,Even,47,High,Odd,153,Low,Odd,29,High,182,Low,Even
Sat,1,Sep,9,2007,2007-09-01,Start of Month,12,Low,Even,19,Low,Odd,23,Low,Odd,37,High,Odd,39,High,Odd,130,Low,Even,13,Low,143,Low,Odd
Wed,5,Sep,9,2007,2007-09-05,Start of Month,11,Low,Odd,20,Low,Even,21,Low,Odd,30,Low,Even,48,High,Even,130,Low,Even,18,High,148,Low,Even
Sat,8,Sep,9,2007,2007-09-08,Start of Month,7,Low,Odd,12,Low,Even,28,Low,Even,30,Low,Even,48,High,Even,125,Low,Odd,40,High,165,Low,Odd
Wed,12,Sep,9,2007,2007-09-12,Start of Month,5,Low,Odd,24,Low,Even,26,Low,Even,33,Low,Odd,47,High,Odd,135,Low,Odd,1,Low,136,Low,Even
Sat,15,Sep,9,2007,2007-09-15,Start of Month,13,Low,Odd,16,Low,Even,27,Low,Odd,48,High,Even,51,High,Odd,155,Low,Odd,21,High,176,Low,Even
Wed,19,Sep,9,2007,2007-09-19,End of Month,20,Low,Even,25,Low,Odd,26,Low,Even,45,High,Odd,46,High,Even,162,Low,Even,15,High,177,Low,Odd
Sat,22,Sep,9,2007,2007-09-22,End of Month,4,Low,Even,9,Low,Odd,18,Low,Even,43,High,Odd,55,High,Odd,129,Low,Odd,3,Low,132,Low,Even
Wed,26,Sep,9,2007,2007-09-26,End of Month,25,Low,Odd,27,Low,Odd,31,Low,Odd,44,High,Even,54,High,Even,181,High,Odd,8,Low,189,High,Odd
Sat,29,Sep,9,2007,2007-09-29,End of Month,31,Low,Odd,33,Low,Odd,38,High,Even,49,High,Odd,55,High,Odd,206,High,Even,39,High,245,High,Odd
Wed,3,Oct,10,2007,2007-10-03,Start of Month,2,Low,Even,4,Low,Even,14,Low,Even,15,Low,Odd,28,Low,Even,63,Low,Odd,23,High,86,Low,Even
Sat,6,Oct,10,2007,2007-10-06,Start of Month,8,Low,Even,30,Low,Even,32,Low,Even,33,Low,Odd,51,High,Odd,154,Low,Even,2,Low,156,Low,Even
Wed,10,Oct,10,2007,2007-10-10,Start of Month,12,Low,Even,16,Low,Even,31,Low,Odd,33,Low,Odd,54,High,Even,146,Low,Even,5,Low,151,Low,Odd
Sat,13,Oct,10,2007,2007-10-13,Start of Month,21,Low,Odd,30,Low,Even,34,Low,Even,36,High,Even,49,High,Odd,170,Low,Even,42,High,212,High,Even
Wed,17,Oct,10,2007,2007-10-17,End of Month,14,Low,Even,15,Low,Odd,19,Low,Odd,42,High,Even,46,High,Even,136,Low,Even,37,High,173,Low,Odd
Sat,20,Oct,10,2007,2007-10-20,End of Month,10,Low,Even,11,Low,Odd,37,High,Odd,40,High,Even,54,High,Even,152,Low,Even,10,Low,162,Low,Even
Wed,24,Oct,10,2007,2007-10-24,End of Month,10,Low,Even,11,Low,Odd,18,Low,Even,49,High,Odd,52,High,Even,140,Low,Even,2,Low,142,Low,Even
Sat,27,Oct,10,2007,2007-10-27,End of Month,13,Low,Odd,25,Low,Odd,30,Low,Even,40,High,Even,43,High,Odd,151,Low,Odd,12,Low,163,Low,Odd
Wed,31,Oct,10,2007,2007-10-31,End of Month,6,Low,Even,16,Low,Even,18,Low,Even,29,Low,Odd,37,High,Odd,106,Low,Even,24,High,130,Low,Even
Sat,3,Nov,11,2007,2007-11-03,Start of Month,1,Low,Odd,31,Low,Odd,38,High,Even,40,High,Even,53,High,Odd,163,Low,Odd,42,High,205,High,Odd
Wed,7,Nov,11,2007,2007-11-07,Start of Month,22,Low,Even,29,Low,Odd,35,High,Odd,46,High,Even,52,High,Even,184,High,Even,2,Low,186,High,Even
Sat,10,Nov,11,2007,2007-11-10,Start of Month,6,Low,Even,22,Low,Even,24,Low,Even,26,Low,Even,30,Low,Even,108,Low,Even,12,Low,120,Low,Even
Wed,14,Nov,11,2007,2007-11-14,Start of Month,16,Low,Even,18,Low,Even,20,Low,Even,30,Low,Even,48,High,Even,132,Low,Even,6,Low,138,Low,Even
Sat,17,Nov,11,2007,2007-11-17,End of Month,17,Low,Odd,27,Low,Odd,49,High,Odd,52,High,Even,53,High,Odd,198,High,Even,23,High,221,High,Odd
Wed,21,Nov,11,2007,2007-11-21,End of Month,3,Low,Odd,11,Low,Odd,13,Low,Odd,20,Low,Even,40,High,Even,87,Low,Odd,20,High,107,Low,Odd
Sat,24,Nov,11,2007,2007-11-24,End of Month,1,Low,Odd,7,Low,Odd,13,Low,Odd,23,Low,Odd,35,High,Odd,79,Low,Odd,19,High,98,Low,Even
Wed,28,Nov,11,2007,2007-11-28,End of Month,8,Low,Even,23,Low,Odd,32,Low,Even,37,High,Odd,39,High,Odd,139,Low,Odd,38,High,177,Low,Odd
Sat,1,Dec,12,2007,2007-12-01,Start of Month,7,Low,Odd,32,Low,Even,39,High,Odd,41,High,Odd,55,High,Odd,174,High,Even,13,Low,187,High,Odd
Wed,5,Dec,12,2007,2007-12-05,Start of Month,1,Low,Odd,8,Low,Even,15,Low,Odd,21,Low,Odd,55,High,Odd,100,Low,Even,41,High,141,Low,Odd
Sat,8,Dec,12,2007,2007-12-08,Start of Month,4,Low,Even,8,Low,Even,25,Low,Odd,29,Low,Odd,31,Low,Odd,97,Low,Odd,41,High,138,Low,Even
Wed,12,Dec,12,2007,2007-12-12,Start of Month,7,Low,Odd,14,Low,Even,33,Low,Odd,40,High,Even,55,High,Odd,149,Low,Odd,15,High,164,Low,Even
Sat,15,Dec,12,2007,2007-12-15,Start of Month,22,Low,Even,37,High,Odd,47,High,Odd,48,High,Even,50,High,Even,204,High,Even,17,High,221,High,Odd
Wed,19,Dec,12,2007,2007-12-19,End of Month,15,Low,Odd,18,Low,Even,22,Low,Even,23,Low,Odd,42,High,Even,120,Low,Even,37,High,157,Low,Odd
Sat,22,Dec,12,2007,2007-12-22,End of Month,5,Low,Odd,10,Low,Even,11,Low,Odd,34,Low,Even,38,High,Even,98,Low,Even,21,High,119,Low,Odd
Wed,26,Dec,12,2007,2007-12-26,End of Month,8,Low,Even,32,Low,Even,41,High,Odd,54,High,Even,55,High,Odd,190,High,Even,20,High,210,High,Even
Sat,29,Dec,12,2007,2007-12-29,End of Month,8,Low,Even,12,Low,Even,17,Low,Odd,35,High,Odd,49,High,Odd,121,Low,Odd,18,High,139,Low,Odd
Wed,2,Jan,1,2008,2008-01-02,Start of Month,2,Low,Even,11,Low,Odd,31,Low,Odd,34,Low,Even,48,High,Even,126,Low,Even,5,Low,131,Low,Odd
Sat,5,Jan,1,2008,2008-01-05,Start of Month,4,Low,Even,11,Low,Odd,16,Low,Even,33,Low,Odd,40,High,Even,104,Low,Even,9,Low,113,Low,Odd
Wed,9,Jan,1,2008,2008-01-09,Start of Month,2,Low,Even,13,Low,Odd,20,Low,Even,21,Low,Odd,23,Low,Odd,79,Low,Odd,24,High,103,Low,Odd
Sat,12,Jan,1,2008,2008-01-12,Start of Month,23,Low,Odd,39,High,Odd,43,High,Odd,47,High,Odd,53,High,Odd,205,High,Odd,14,High,219,High,Odd
Wed,16,Jan,1,2008,2008-01-16,End of Month,9,Low,Odd,18,Low,Even,19,Low,Odd,38,High,Even,47,High,Odd,131,Low,Odd,11,Low,142,Low,Even
Sat,19,Jan,1,2008,2008-01-19,End of Month,20,Low,Even,23,Low,Odd,25,Low,Odd,27,Low,Odd,28,Low,Even,123,Low,Odd,2,Low,125,Low,Odd
Wed,23,Jan,1,2008,2008-01-23,End of Month,4,Low,Even,16,Low,Even,35,High,Odd,47,High,Odd,48,High,Even,150,Low,Even,39,High,189,High,Odd
Sat,26,Jan,1,2008,2008-01-26,End of Month,11,Low,Odd,35,High,Odd,39,High,Odd,53,High,Odd,54,High,Even,192,High,Even,24,High,216,High,Even
Wed,30,Jan,1,2008,2008-01-30,End of Month,2,Low,Even,17,Low,Odd,41,High,Odd,54,High,Even,55,High,Odd,169,Low,Odd,17,High,186,High,Even
Sat,2,Feb,2,2008,2008-02-02,Start of Month,14,Low,Even,16,Low,Even,25,Low,Odd,26,Low,Even,44,High,Even,125,Low,Odd,30,High,155,Low,Odd
Wed,6,Feb,2,2008,2008-02-06,Start of Month,3,Low,Odd,5,Low,Odd,12,Low,Even,42,High,Even,43,High,Odd,105,Low,Odd,5,Low,110,Low,Even
Sat,9,Feb,2,2008,2008-02-09,Start of Month,4,Low,Even,23,Low,Odd,24,Low,Even,30,Low,Even,43,High,Odd,124,Low,Even,28,High,152,Low,Even
Wed,13,Feb,2,2008,2008-02-13,Start of Month,13,Low,Odd,19,Low,Odd,32,Low,Even,38,High,Even,51,High,Odd,153,Low,Odd,30,High,183,Low,Odd
Sat,16,Feb,2,2008,2008-02-16,End of Month,3,Low,Odd,4,Low,Even,8,Low,Even,20,Low,Even,49,High,Odd,84,Low,Even,18,High,102,Low,Even
Wed,20,Feb,2,2008,2008-02-20,End of Month,9,Low,Odd,12,Low,Even,20,Low,Even,22,Low,Even,36,High,Even,99,Low,Odd,31,High,130,Low,Even
Sat,23,Feb,2,2008,2008-02-23,End of Month,8,Low,Even,13,Low,Odd,23,Low,Odd,29,Low,Odd,47,High,Odd,120,Low,Even,32,High,152,Low,Even
Wed,27,Feb,2,2008,2008-02-27,End of Month,20,Low,Even,24,Low,Even,37,High,Odd,48,High,Even,53,High,Odd,182,High,Even,11,Low,193,High,Odd
Sat,1,Mar,3,2008,2008-03-01,Start of Month,2,Low,Even,19,Low,Odd,21,Low,Odd,31,Low,Odd,55,High,Odd,128,Low,Even,19,High,147,Low,Odd
Wed,5,Mar,3,2008,2008-03-05,Start of Month,10,Low,Even,15,Low,Odd,16,Low,Even,23,Low,Odd,31,Low,Odd,95,Low,Odd,5,Low,100,Low,Even
Sat,8,Mar,3,2008,2008-03-08,Start of Month,17,Low,Odd,29,Low,Odd,31,Low,Odd,34,Low,Even,49,High,Odd,160,Low,Even,16,High,176,Low,Even
Wed,12,Mar,3,2008,2008-03-12,Start of Month,12,Low,Even,19,Low,Odd,30,Low,Even,34,Low,Even,36,High,Even,131,Low,Odd,8,Low,139,Low,Odd
Sat,15,Mar,3,2008,2008-03-15,Start of Month,6,Low,Even,22,Low,Even,42,High,Even,43,High,Odd,47,High,Odd,160,Low,Even,16,High,176,Low,Even
Wed,19,Mar,3,2008,2008-03-19,End of Month,6,Low,Even,8,Low,Even,29,Low,Odd,41,High,Odd,49,High,Odd,133,Low,Odd,42,High,175,Low,Odd
Sat,22,Mar,3,2008,2008-03-22,End of Month,7,Low,Odd,25,Low,Odd,28,Low,Even,46,High,Even,48,High,Even,154,Low,Even,19,High,173,Low,Odd
Wed,26,Mar,3,2008,2008-03-26,End of Month,9,Low,Odd,12,Low,Even,20,Low,Even,37,High,Odd,49,High,Odd,127,Low,Odd,17,High,144,Low,Even
Sat,29,Mar,3,2008,2008-03-29,End of Month,18,Low,Even,20,Low,Even,25,Low,Odd,31,Low,Odd,36,High,Even,130,Low,Even,7,Low,137,Low,Odd
Wed,2,Apr,4,2008,2008-04-02,Start of Month,1,Low,Odd,34,Low,Even,37,High,Odd,44,High,Even,55,High,Odd,171,Low,Odd,33,High,204,High,Even
Sat,5,Apr,4,2008,2008-04-05,Start of Month,12,Low,Even,27,Low,Odd,30,Low,Even,37,High,Odd,47,High,Odd,153,Low,Odd,26,High,179,Low,Odd
Wed,9,Apr,4,2008,2008-04-09,Start of Month,3,Low,Odd,13,Low,Odd,19,Low,Odd,32,Low,Even,46,High,Even,113,Low,Odd,18,High,131,Low,Odd
Sat,12,Apr,4,2008,2008-04-12,Start of Month,11,Low,Odd,29,Low,Odd,48,High,Even,52,High,Even,55,High,Odd,195,High,Odd,36,High,231,High,Odd
Wed,16,Apr,4,2008,2008-04-16,End of Month,11,Low,Odd,16,Low,Even,18,Low,Even,21,Low,Odd,51,High,Odd,117,Low,Odd,16,High,133,Low,Odd
Sat,19,Apr,4,2008,2008-04-19,End of Month,13,Low,Odd,19,Low,Odd,24,Low,Even,33,Low,Odd,39,High,Odd,128,Low,Even,8,Low,136,Low,Even
Wed,23,Apr,4,2008,2008-04-23,End of Month,11,Low,Odd,20,Low,Even,21,Low,Odd,22,Low,Even,39,High,Odd,113,Low,Odd,1,Low,114,Low,Even
Sat,26,Apr,4,2008,2008-04-26,End of Month,7,Low,Odd,12,Low,Even,17,Low,Odd,27,Low,Odd,45,High,Odd,108,Low,Even,24,High,132,Low,Even
Wed,30,Apr,4,2008,2008-04-30,End of Month,1,Low,Odd,17,Low,Odd,25,Low,Odd,43,High,Odd,51,High,Odd,137,Low,Odd,38,High,175,Low,Odd
Sat,3,May,5,2008,2008-05-03,Start of Month,2,Low,Even,28,Low,Even,36,High,Even,42,High,Even,46,High,Even,154,Low,Even,40,High,194,High,Even
Wed,7,May,5,2008,2008-05-07,Start of Month,9,Low,Odd,25,Low,Odd,26,Low,Even,28,Low,Even,42,High,Even,130,Low,Even,26,High,156,Low,Even
Sat,10,May,5,2008,2008-05-10,Start of Month,7,Low,Odd,18,Low,Even,30,Low,Even,41,High,Odd,45,High,Odd,141,Low,Odd,6,Low,147,Low,Odd
Wed,14,May,5,2008,2008-05-14,Start of Month,19,Low,Odd,21,Low,Odd,29,Low,Odd,32,Low,Even,46,High,Even,147,Low,Odd,32,High,179,Low,Odd
Sat,17,May,5,2008,2008-05-17,End of Month,12,Low,Even,14,Low,Even,15,Low,Odd,21,Low,Odd,43,High,Odd,105,Low,Odd,30,High,135,Low,Odd
Wed,21,May,5,2008,2008-05-21,End of Month,7,Low,Odd,16,Low,Even,21,Low,Odd,33,Low,Odd,42,High,Even,119,Low,Odd,25,High,144,Low,Even
Sat,24,May,5,2008,2008-05-24,End of Month,33,Low,Odd,40,High,Even,41,High,Odd,51,High,Odd,52,High,Even,217,High,Odd,6,Low,223,High,Odd
Wed,28,May,5,2008,2008-05-28,End of Month,10,Low,Even,18,Low,Even,22,Low,Even,37,High,Odd,45,High,Odd,132,Low,Even,9,Low,141,Low,Odd
Sat,31,May,5,2008,2008-05-31,End of Month,3,Low,Odd,9,Low,Odd,14,Low,Even,17,Low,Odd,25,Low,Odd,68,Low,Even,8,Low,76,Low,Even
Wed,4,Jun,6,2008,2008-06-04,Start of Month,5,Low,Odd,18,Low,Even,20,Low,Even,40,High,Even,52,High,Even,135,Low,Odd,3,Low,138,Low,Even
Sat,7,Jun,6,2008,2008-06-07,Start of Month,12,Low,Even,26,Low,Even,34,Low,Even,44,High,Even,48,High,Even,164,Low,Even,9,Low,173,Low,Odd
Wed,11,Jun,6,2008,2008-06-11,Start of Month,7,Low,Odd,18,Low,Even,21,Low,Odd,28,Low,Even,49,High,Odd,123,Low,Odd,1,Low,124,Low,Even
Sat,14,Jun,6,2008,2008-06-14,Start of Month,9,Low,Odd,11,Low,Odd,20,Low,Even,31,Low,Odd,50,High,Even,121,Low,Odd,14,High,135,Low,Odd
Wed,18,Jun,6,2008,2008-06-18,End of Month,9,Low,Odd,12,Low,Even,31,Low,Odd,39,High,Odd,52,High,Even,143,Low,Odd,32,High,175,Low,Odd
Sat,21,Jun,6,2008,2008-06-21,End of Month,7,Low,Odd,8,Low,Even,9,Low,Odd,31,Low,Odd,50,High,Even,105,Low,Odd,31,High,136,Low,Even
Wed,25,Jun,6,2008,2008-06-25,End of Month,14,Low,Even,21,Low,Odd,25,Low,Odd,45,High,Odd,53,High,Odd,158,Low,Even,9,Low,167,Low,Odd
Sat,28,Jun,6,2008,2008-06-28,End of Month,14,Low,Even,26,Low,Even,32,Low,Even,34,Low,Even,44,High,Even,150,Low,Even,6,Low,156,Low,Even
Wed,2,Jul,7,2008,2008-07-02,Start of Month,4,Low,Even,33,Low,Odd,46,High,Even,48,High,Even,52,High,Even,183,High,Odd,17,High,200,High,Even
Sat,5,Jul,7,2008,2008-07-05,Start of Month,1,Low,Odd,24,Low,Even,34,Low,Even,47,High,Odd,48,High,Even,154,Low,Even,18,High,172,Low,Even
Wed,9,Jul,7,2008,2008-07-09,Start of Month,5,Low,Odd,7,Low,Odd,31,Low,Odd,49,High,Odd,53,High,Odd,145,Low,Odd,14,High,159,Low,Odd
Sat,12,Jul,7,2008,2008-07-12,Start of Month,2,Low,Even,12,Low,Even,20,Low,Even,22,Low,Even,50,High,Even,106,Low,Even,17,High,123,Low,Odd
Wed,16,Jul,7,2008,2008-07-16,End of Month,3,Low,Odd,15,Low,Odd,23,Low,Odd,29,Low,Odd,42,High,Even,112,Low,Even,17,High,129,Low,Odd
Sat,19,Jul,7,2008,2008-07-19,End of Month,6,Low,Even,28,Low,Even,46,High,Even,53,High,Odd,55,High,Odd,188,High,Even,2,Low,190,High,Even
Wed,23,Jul,7,2008,2008-07-23,End of Month,11,Low,Odd,14,Low,Even,35,High,Odd,41,High,Odd,52,High,Even,153,Low,Odd,2,Low,155,Low,Odd
Sat,26,Jul,7,2008,2008-07-26,End of Month,12,Low,Even,13,Low,Odd,21,Low,Odd,51,High,Odd,55,High,Odd,152,Low,Even,18,High,170,Low,Even
Wed,30,Jul,7,2008,2008-07-30,End of Month,3,Low,Odd,25,Low,Odd,45,High,Odd,51,High,Odd,55,High,Odd,179,High,Odd,13,Low,192,High,Even
Sat,2,Aug,8,2008,2008-08-02,Start of Month,2,Low,Even,5,Low,Odd,28,Low,Even,33,Low,Odd,54,High,Even,122,Low,Even,30,High,152,Low,Even
Wed,6,Aug,8,2008,2008-08-06,Start of Month,5,Low,Odd,24,Low,Even,36,High,Even,37,High,Odd,51,High,Odd,153,Low,Odd,19,High,172,Low,Even
Sat,9,Aug,8,2008,2008-08-09,Start of Month,32,Low,Even,40,High,Even,43,High,Odd,49,High,Odd,53,High,Odd,217,High,Odd,21,High,238,High,Even
Wed,13,Aug,8,2008,2008-08-13,Start of Month,5,Low,Odd,10,Low,Even,19,Low,Odd,23,Low,Odd,31,Low,Odd,88,Low,Even,26,High,114,Low,Even
Sat,16,Aug,8,2008,2008-08-16,End of Month,5,Low,Odd,34,Low,Even,40,High,Even,43,High,Odd,52,High,Even,174,High,Even,20,High,194,High,Even
Wed,20,Aug,8,2008,2008-08-20,End of Month,15,Low,Odd,16,Low,Even,24,Low,Even,35,High,Odd,47,High,Odd,137,Low,Odd,26,High,163,Low,Odd
Sat,23,Aug,8,2008,2008-08-23,End of Month,18,Low,Even,24,Low,Even,33,Low,Odd,47,High,Odd,48,High,Even,170,Low,Even,23,High,193,High,Odd
Wed,27,Aug,8,2008,2008-08-27,End of Month,13,Low,Odd,31,Low,Odd,36,High,Even,48,High,Even,49,High,Odd,177,High,Odd,11,Low,188,High,Even
Sat,30,Aug,8,2008,2008-08-30,End of Month,2,Low,Even,14,Low,Even,15,Low,Odd,32,Low,Even,47,High,Odd,110,Low,Even,36,High,146,Low,Even
Wed,3,Sep,9,2008,2008-09-03,Start of Month,38,High,Even,40,High,Even,46,High,Even,49,High,Odd,50,High,Even,223,High,Odd,34,High,257,High,Odd
Sat,6,Sep,9,2008,2008-09-06,Start of Month,17,Low,Odd,25,Low,Odd,26,Low,Even,49,High,Odd,54,High,Even,171,Low,Odd,11,Low,182,Low,Even
Wed,10,Sep,9,2008,2008-09-10,Start of Month,14,Low,Even,15,Low,Odd,28,Low,Even,37,High,Odd,53,High,Odd,147,Low,Odd,18,High,165,Low,Odd
Sat,13,Sep,9,2008,2008-09-13,Start of Month,7,Low,Odd,17,Low,Odd,29,Low,Odd,43,High,Odd,51,High,Odd,147,Low,Odd,38,High,185,Low,Odd
Wed,17,Sep,9,2008,2008-09-17,End of Month,12,Low,Even,23,Low,Odd,26,Low,Even,32,Low,Even,44,High,Even,137,Low,Odd,20,High,157,Low,Odd
Sat,20,Sep,9,2008,2008-09-20,End of Month,6,Low,Even,28,Low,Even,30,Low,Even,40,High,Even,47,High,Odd,151,Low,Odd,24,High,175,Low,Odd
Wed,24,Sep,9,2008,2008-09-24,End of Month,5,Low,Odd,13,Low,Odd,21,Low,Odd,32,Low,Even,36,High,Even,107,Low,Odd,33,High,140,Low,Even
Sat,27,Sep,9,2008,2008-09-27,End of Month,13,Low,Odd,24,Low,Even,29,Low,Odd,40,High,Even,52,High,Even,158,Low,Even,29,High,187,High,Odd
Wed,1,Oct,10,2008,2008-10-01,Start of Month,8,Low,Even,9,Low,Odd,39,High,Odd,43,High,Odd,55,High,Odd,154,Low,Even,26,High,180,Low,Even
Sat,4,Oct,10,2008,2008-10-04,Start of Month,1,Low,Odd,4,Low,Even,26,Low,Even,32,Low,Even,39,High,Odd,102,Low,Even,18,High,120,Low,Even
Wed,8,Oct,10,2008,2008-10-08,Start of Month,2,Low,Even,12,Low,Even,17,Low,Odd,48,High,Even,54,High,Even,133,Low,Odd,2,Low,135,Low,Odd
Sat,11,Oct,10,2008,2008-10-11,Start of Month,3,Low,Odd,7,Low,Odd,17,Low,Odd,39,High,Odd,47,High,Odd,113,Low,Odd,9,Low,122,Low,Even
Wed,15,Oct,10,2008,2008-10-15,Start of Month,3,Low,Odd,13,Low,Odd,32,Low,Even,38,High,Even,48,High,Even,134,Low,Even,13,Low,147,Low,Odd
Sat,18,Oct,10,2008,2008-10-18,End of Month,10,Low,Even,14,Low,Even,32,Low,Even,40,High,Even,49,High,Odd,145,Low,Odd,15,High,160,Low,Even
Wed,22,Oct,10,2008,2008-10-22,End of Month,10,Low,Even,17,Low,Odd,33,Low,Odd,51,High,Odd,52,High,Even,163,Low,Odd,5,Low,168,Low,Even
Sat,25,Oct,10,2008,2008-10-25,End of Month,1,Low,Odd,3,Low,Odd,14,Low,Even,38,High,Even,48,High,Even,104,Low,Even,2,Low,106,Low,Even
Wed,29,Oct,10,2008,2008-10-29,End of Month,20,Low,Even,30,Low,Even,37,High,Odd,50,High,Even,52,High,Even,189,High,Odd,33,High,222,High,Even
Sat,1,Nov,11,2008,2008-11-01,Start of Month,4,Low,Even,6,Low,Even,26,Low,Even,40,High,Even,41,High,Odd,117,Low,Odd,15,High,132,Low,Even
Wed,5,Nov,11,2008,2008-11-05,Start of Month,4,Low,Even,8,Low,Even,18,Low,Even,33,Low,Odd,36,High,Even,99,Low,Odd,32,High,131,Low,Odd
Sat,8,Nov,11,2008,2008-11-08,Start of Month,2,Low,Even,4,Low,Even,21,Low,Odd,36,High,Even,40,High,Even,103,Low,Odd,41,High,144,Low,Even
Wed,12,Nov,11,2008,2008-11-12,Start of Month,1,Low,Odd,18,Low,Even,25,Low,Odd,29,Low,Odd,45,High,Odd,118,Low,Even,2,Low,120,Low,Even
Sat,15,Nov,11,2008,2008-11-15,Start of Month,3,Low,Odd,7,Low,Odd,8,Low,Even,12,Low,Even,44,High,Even,74,Low,Even,37,High,111,Low,Odd
Wed,19,Nov,11,2008,2008-11-19,End of Month,8,Low,Even,13,Low,Odd,38,High,Even,39,High,Odd,45,High,Odd,143,Low,Odd,31,High,174,Low,Even
Sat,22,Nov,11,2008,2008-11-22,End of Month,17,Low,Odd,19,Low,Odd,26,Low,Even,32,Low,Even,45,High,Odd,139,Low,Odd,14,High,153,Low,Odd
Wed,26,Nov,11,2008,2008-11-26,End of Month,11,Low,Odd,26,Low,Even,31,Low,Odd,34,Low,Even,52,High,Even,154,Low,Even,14,High,168,Low,Even
Sat,29,Nov,11,2008,2008-11-29,End of Month,5,Low,Odd,33,Low,Odd,36,High,Even,39,High,Odd,55,High,Odd,168,Low,Even,21,High,189,High,Odd
Wed,3,Dec,12,2008,2008-12-03,Start of Month,16,Low,Even,17,Low,Odd,21,Low,Odd,25,Low,Odd,55,High,Odd,134,Low,Even,3,Low,137,Low,Odd
Sat,6,Dec,12,2008,2008-12-06,Start of Month,9,Low,Odd,35,High,Odd,39,High,Odd,43,High,Odd,53,High,Odd,179,High,Odd,10,Low,189,High,Odd
Wed,10,Dec,12,2008,2008-12-10,Start of Month,6,Low,Even,15,Low,Odd,24,Low,Even,37,High,Odd,41,High,Odd,123,Low,Odd,37,High,160,Low,Even
Sat,13,Dec,12,2008,2008-12-13,Start of Month,14,Low,Even,26,Low,Even,28,Low,Even,31,Low,Odd,40,High,Even,139,Low,Odd,13,Low,152,Low,Even
Wed,17,Dec,12,2008,2008-12-17,End of Month,7,Low,Odd,11,Low,Odd,18,Low,Even,24,Low,Even,30,Low,Even,90,Low,Even,26,High,116,Low,Even
Sat,20,Dec,12,2008,2008-12-20,End of Month,3,Low,Odd,14,Low,Even,19,Low,Odd,32,Low,Even,54,High,Even,122,Low,Even,24,High,146,Low,Even
Wed,24,Dec,12,2008,2008-12-24,End of Month,2,Low,Even,17,Low,Odd,22,Low,Even,32,Low,Even,41,High,Odd,114,Low,Even,8,Low,122,Low,Even
Sat,27,Dec,12,2008,2008-12-27,End of Month,12,Low,Even,15,Low,Odd,26,Low,Even,31,Low,Odd,43,High,Odd,127,Low,Odd,10,Low,137,Low,Odd
Wed,31,Dec,12,2008,2008-12-31,End of Month,7,Low,Odd,8,Low,Even,11,Low,Odd,17,Low,Odd,53,High,Odd,96,Low,Even,36,High,132,Low,Even
Sat,3,Jan,1,2009,2009-01-03,Start of Month,17,Low,Odd,22,Low,Even,24,Low,Even,38,High,Even,55,High,Odd,156,Low,Even,24,High,180,Low,Even
Wed,7,Jan,1,2009,2009-01-07,Start of Month,23,Low,Odd,31,Low,Odd,33,Low,Odd,38,High,Even,52,High,Even,177,High,Odd,24,High,201,High,Odd
Sat,10,Jan,1,2009,2009-01-10,Start of Month,8,Low,Even,10,Low,Even,18,Low,Even,43,High,Odd,56,High,Even,135,Low,Odd,9,Low,144,Low,Even
Wed,14,Jan,1,2009,2009-01-14,Start of Month,8,Low,Even,25,Low,Odd,34,Low,Even,39,High,Odd,46,High,Even,152,Low,Even,34,High,186,High,Even
Sat,17,Jan,1,2009,2009-01-17,End of Month,2,Low,Even,5,Low,Odd,9,Low,Odd,23,Low,Odd,59,High,Odd,98,Low,Even,26,High,124,Low,Even
Wed,21,Jan,1,2009,2009-01-21,End of Month,20,Low,Even,26,Low,Even,38,High,Even,46,High,Even,54,High,Even,184,High,Even,23,High,207,High,Odd
Sat,24,Jan,1,2009,2009-01-24,End of Month,6,Low,Even,20,Low,Even,25,Low,Odd,37,High,Odd,42,High,Even,130,Low,Even,25,High,155,Low,Odd
Wed,28,Jan,1,2009,2009-01-28,End of Month,5,Low,Odd,10,Low,Even,18,Low,Even,23,Low,Odd,32,Low,Even,88,Low,Even,4,Low,92,Low,Even
Sat,31,Jan,1,2009,2009-01-31,End of Month,1,Low,Odd,14,Low,Even,26,Low,Even,33,Low,Odd,41,High,Odd,115,Low,Odd,37,High,152,Low,Even
Wed,4,Feb,2,2009,2009-02-04,Start of Month,7,Low,Odd,24,Low,Even,30,Low,Even,32,Low,Even,44,High,Even,137,Low,Odd,18,High,155,Low,Odd
Sat,7,Feb,2,2009,2009-02-07,Start of Month,5,Low,Odd,18,Low,Even,20,Low,Even,28,Low,Even,53,High,Odd,124,Low,Even,27,High,151,Low,Odd
Wed,11,Feb,2,2009,2009-02-11,Start of Month,5,Low,Odd,10,Low,Even,22,Low,Even,45,High,Odd,49,High,Odd,131,Low,Odd,37,High,168,Low,Even
Sat,14,Feb,2,2009,2009-02-14,Start of Month,2,Low,Even,8,Low,Even,9,Low,Odd,33,Low,Odd,45,High,Odd,97,Low,Odd,5,Low,102,Low,Even
Wed,18,Feb,2,2009,2009-02-18,End of Month,2,Low,Even,15,Low,Odd,39,High,Odd,44,High,Even,56,High,Even,156,Low,Even,15,High,171,Low,Odd
Sat,21,Feb,2,2009,2009-02-21,End of Month,13,Low,Odd,31,Low,Odd,41,High,Odd,45,High,Odd,46,High,Even,176,High,Even,21,High,197,High,Odd
Wed,25,Feb,2,2009,2009-02-25,End of Month,17,Low,Odd,32,Low,Even,42,High,Even,49,High,Odd,56,High,Even,196,High,Even,11,Low,207,High,Odd
Sat,28,Feb,2,2009,2009-02-28,End of Month,3,Low,Odd,16,Low,Even,20,Low,Even,42,High,Even,58,High,Even,139,Low,Odd,7,Low,146,Low,Even
Wed,4,Mar,3,2009,2009-03-04,Start of Month,1,Low,Odd,6,Low,Even,44,High,Even,49,High,Odd,55,High,Odd,155,Low,Odd,36,High,191,High,Odd
Sat,7,Mar,3,2009,2009-03-07,Start of Month,21,Low,Odd,27,Low,Odd,28,Low,Even,56,High,Even,59,High,Odd,191,High,Odd,21,High,212,High,Even
Wed,11,Mar,3,2009,2009-03-11,Start of Month,3,Low,Odd,7,Low,Odd,13,Low,Odd,34,Low,Even,47,High,Odd,104,Low,Even,30,High,134,Low,Even
Sat,14,Mar,3,2009,2009-03-14,Start of Month,7,Low,Odd,30,Low,Even,33,Low,Odd,44,High,Even,51,High,Odd,165,Low,Odd,10,Low,175,Low,Odd
Wed,18,Mar,3,2009,2009-03-18,End of Month,16,Low,Even,26,Low,Even,29,Low,Odd,41,High,Odd,45,High,Odd,157,Low,Odd,1,Low,158,Low,Even
Sat,21,Mar,3,2009,2009-03-21,End of Month,19,Low,Odd,23,Low,Odd,27,Low,Odd,49,High,Odd,52,High,Even,170,Low,Even,21,High,191,High,Odd
Wed,25,Mar,3,2009,2009-03-25,End of Month,10,Low,Even,20,Low,Even,23,Low,Odd,47,High,Odd,54,High,Even,154,Low,Even,26,High,180,Low,Even
Sat,28,Mar,3,2009,2009-03-28,End of Month,2,Low,Even,3,Low,Odd,16,Low,Even,41,High,Odd,48,High,Even,110,Low,Even,19,High,129,Low,Odd
Wed,1,Apr,4,2009,2009-04-01,Start of Month,2,Low,Even,9,Low,Odd,33,Low,Odd,41,High,Odd,54,High,Even,139,Low,Odd,14,High,153,Low,Odd
Sat,4,Apr,4,2009,2009-04-04,Start of Month,14,Low,Even,21,Low,Odd,50,High,Even,57,High,Odd,58,High,Even,200,High,Even,7,Low,207,High,Odd
Wed,8,Apr,4,2009,2009-04-08,Start of Month,1,Low,Odd,6,Low,Even,48,High,Even,52,High,Even,56,High,Even,163,Low,Odd,9,Low,172,Low,Even
Sat,11,Apr,4,2009,2009-04-11,Start of Month,7,Low,Odd,28,Low,Even,35,High,Odd,46,High,Even,49,High,Odd,165,Low,Odd,20,High,185,Low,Odd
Wed,15,Apr,4,2009,2009-04-15,Start of Month,16,Low,Even,22,Low,Even,26,Low,Even,27,Low,Odd,59,High,Odd,150,Low,Even,5,Low,155,Low,Odd
Sat,18,Apr,4,2009,2009-04-18,End of Month,7,Low,Odd,15,Low,Odd,28,Low,Even,43,High,Odd,44,High,Even,137,Low,Odd,20,High,157,Low,Odd
Wed,22,Apr,4,2009,2009-04-22,End of Month,15,Low,Odd,22,Low,Even,30,Low,Even,37,High,Odd,48,High,Even,152,Low,Even,12,Low,164,Low,Even
Sat,25,Apr,4,2009,2009-04-25,End of Month,8,Low,Even,26,Low,Even,30,Low,Even,42,High,Even,52,High,Even,158,Low,Even,15,High,173,Low,Odd
Wed,29,Apr,4,2009,2009-04-29,End of Month,6,Low,Even,19,Low,Odd,36,High,Even,50,High,Even,59,High,Odd,170,Low,Even,13,Low,183,Low,Odd
Sat,2,May,5,2009,2009-05-02,Start of Month,3,Low,Odd,20,Low,Even,38,High,Even,42,High,Even,45,High,Odd,148,Low,Even,27,High,175,Low,Odd
Wed,6,May,5,2009,2009-05-06,Start of Month,7,Low,Odd,8,Low,Even,12,Low,Even,22,Low,Even,31,Low,Odd,80,Low,Even,18,High,98,Low,Even
Sat,9,May,5,2009,2009-05-09,Start of Month,4,Low,Even,15,Low,Odd,32,Low,Even,49,High,Odd,58,High,Even,158,Low,Even,21,High,179,Low,Odd
Wed,13,May,5,2009,2009-05-13,Start of Month,19,Low,Odd,30,Low,Even,32,Low,Even,37,High,Odd,40,High,Even,158,Low,Even,37,High,195,High,Odd
Sat,16,May,5,2009,2009-05-16,End of Month,6,Low,Even,7,Low,Odd,31,Low,Odd,40,High,Even,56,High,Even,140,Low,Even,38,High,178,Low,Even
Wed,20,May,5,2009,2009-05-20,End of Month,23,Low,Odd,30,Low,Even,31,Low,Odd,35,High,Odd,42,High,Even,161,Low,Odd,6,Low,167,Low,Odd
Sat,23,May,5,2009,2009-05-23,End of Month,19,Low,Odd,23,Low,Odd,34,Low,Even,52,High,Even,57,High,Odd,185,High,Odd,21,High,206,High,Even
Wed,27,May,5,2009,2009-05-27,End of Month,5,Low,Odd,6,Low,Even,12,Low,Even,16,Low,Even,21,Low,Odd,60,Low,Even,7,Low,67,Low,Odd
Sat,30,May,5,2009,2009-05-30,End of Month,1,Low,Odd,23,Low,Odd,42,High,Even,51,High,Odd,59,High,Odd,176,High,Even,20,High,196,High,Even
Wed,3,Jun,6,2009,2009-06-03,Start of Month,16,Low,Even,20,Low,Even,22,Low,Even,32,Low,Even,37,High,Odd,127,Low,Odd,9,Low,136,Low,Even
Sat,6,Jun,6,2009,2009-06-06,Start of Month,10,Low,Even,18,Low,Even,23,Low,Odd,30,Low,Even,45,High,Odd,126,Low,Even,2,Low,128,Low,Even
Wed,10,Jun,6,2009,2009-06-10,Start of Month,15,Low,Odd,26,Low,Even,27,Low,Odd,42,High,Even,58,High,Even,168,Low,Even,37,High,205,High,Odd
Sat,13,Jun,6,2009,2009-06-13,Start of Month,13,Low,Odd,16,Low,Even,20,Low,Even,35,High,Odd,41,High,Odd,125,Low,Odd,6,Low,131,Low,Odd
Wed,17,Jun,6,2009,2009-06-17,End of Month,5,Low,Odd,9,Low,Odd,37,High,Odd,42,High,Even,53,High,Odd,146,Low,Even,27,High,173,Low,Odd
Sat,20,Jun,6,2009,2009-06-20,End of Month,3,Low,Odd,11,Low,Odd,18,Low,Even,22,Low,Even,28,Low,Even,82,Low,Even,33,High,115,Low,Odd
Wed,24,Jun,6,2009,2009-06-24,End of Month,16,Low,Even,18,Low,Even,24,Low,Even,51,High,Odd,53,High,Odd,162,Low,Even,16,High,178,Low,Even
Sat,27,Jun,6,2009,2009-06-27,End of Month,18,Low,Even,22,Low,Even,26,Low,Even,39,High,Odd,48,High,Even,153,Low,Odd,17,High,170,Low,Even
Wed,1,Jul,7,2009,2009-07-01,Start of Month,9,Low,Odd,32,Low,Even,38,High,Even,52,High,Even,53,High,Odd,184,High,Even,15,High,199,High,Odd
Sat,4,Jul,7,2009,2009-07-04,Start of Month,4,Low,Even,9,Low,Odd,22,Low,Even,41,High,Odd,44,High,Even,120,Low,Even,14,High,134,Low,Even
Wed,8,Jul,7,2009,2009-07-08,Start of Month,19,Low,Odd,42,High,Even,50,High,Even,53,High,Odd,56,High,Even,220,High,Even,39,High,259,High,Odd
Sat,11,Jul,7,2009,2009-07-11,Start of Month,1,Low,Odd,4,Low,Even,20,Low,Even,39,High,Odd,42,High,Even,106,Low,Even,2,Low,108,Low,Even
Wed,15,Jul,7,2009,2009-07-15,Start of Month,26,Low,Even,50,High,Even,51,High,Odd,52,High,Even,57,High,Odd,236,High,Even,37,High,273,High,Odd
Sat,18,Jul,7,2009,2009-07-18,End of Month,4,Low,Even,21,Low,Odd,26,Low,Even,28,Low,Even,47,High,Odd,126,Low,Even,37,High,163,Low,Odd
Wed,22,Jul,7,2009,2009-07-22,End of Month,4,Low,Even,6,Low,Even,16,Low,Even,22,Low,Even,32,Low,Even,80,Low,Even,11,Low,91,Low,Odd
Sat,25,Jul,7,2009,2009-07-25,End of Month,5,Low,Odd,17,Low,Odd,33,Low,Odd,46,High,Even,52,High,Even,153,Low,Odd,9,Low,162,Low,Even
Wed,29,Jul,7,2009,2009-07-29,End of Month,2,Low,Even,5,Low,Odd,38,High,Even,43,High,Odd,59,High,Odd,147,Low,Odd,8,Low,155,Low,Odd
Sat,1,Aug,8,2009,2009-08-01,Start of Month,5,Low,Odd,37,High,Odd,39,High,Odd,46,High,Even,53,High,Odd,180,High,Even,8,Low,188,High,Even
Wed,5,Aug,8,2009,2009-08-05,Start of Month,25,Low,Odd,34,Low,Even,41,High,Odd,46,High,Even,49,High,Odd,195,High,Odd,29,High,224,High,Even
Sat,8,Aug,8,2009,2009-08-08,Start of Month,4,Low,Even,33,Low,Odd,37,High,Odd,45,High,Odd,50,High,Even,169,Low,Odd,11,Low,180,Low,Even
Wed,12,Aug,8,2009,2009-08-12,Start of Month,10,Low,Even,25,Low,Odd,32,Low,Even,34,Low,Even,47,High,Odd,148,Low,Even,5,Low,153,Low,Odd
Sat,15,Aug,8,2009,2009-08-15,Start of Month,14,Low,Even,15,Low,Odd,26,Low,Even,32,Low,Even,36,High,Even,123,Low,Odd,12,Low,135,Low,Odd
Wed,19,Aug,8,2009,2009-08-19,End of Month,14,Low,Even,24,Low,Even,31,Low,Odd,43,High,Odd,51,High,Odd,163,Low,Odd,27,High,190,High,Even
Sat,22,Aug,8,2009,2009-08-22,End of Month,3,Low,Odd,6,Low,Even,20,Low,Even,32,Low,Even,51,High,Odd,112,Low,Even,23,High,135,Low,Odd
Wed,26,Aug,8,2009,2009-08-26,End of Month,1,Low,Odd,21,Low,Odd,23,Low,Odd,30,Low,Even,43,High,Odd,118,Low,Even,11,Low,129,Low,Odd
Sat,29,Aug,8,2009,2009-08-29,End of Month,1,Low,Odd,20,Low,Even,37,High,Odd,52,High,Even,53,High,Odd,163,Low,Odd,33,High,196,High,Even
Wed,2,Sep,9,2009,2009-09-02,Start of Month,18,Low,Even,23,Low,Odd,36,High,Even,47,High,Odd,59,High,Odd,183,High,Odd,36,High,219,High,Odd
Sat,5,Sep,9,2009,2009-09-05,Start of Month,9,Low,Odd,16,Low,Even,27,Low,Odd,35,High,Odd,57,High,Odd,144,Low,Even,29,High,173,Low,Odd
Wed,9,Sep,9,2009,2009-09-09,Start of Month,4,Low,Even,16,Low,Even,18,Low,Even,51,High,Odd,53,High,Odd,142,Low,Even,23,High,165,Low,Odd
Sat,12,Sep,9,2009,2009-09-12,Start of Month,13,Low,Odd,28,Low,Even,38,High,Even,41,High,Odd,56,High,Even,176,High,Even,25,High,201,High,Odd
Wed,16,Sep,9,2009,2009-09-16,End of Month,17,Low,Odd,37,High,Odd,40,High,Even,51,High,Odd,56,High,Even,201,High,Odd,25,High,226,High,Even
Sat,19,Sep,9,2009,2009-09-19,End of Month,5,Low,Odd,24,Low,Even,25,Low,Odd,30,Low,Even,49,High,Odd,133,Low,Odd,23,High,156,Low,Even
Wed,23,Sep,9,2009,2009-09-23,End of Month,7,Low,Odd,8,Low,Even,20,Low,Even,25,Low,Odd,29,Low,Odd,89,Low,Odd,11,Low,100,Low,Even
Sat,26,Sep,9,2009,2009-09-26,End of Month,18,Low,Even,20,Low,Even,34,Low,Even,36,High,Even,39,High,Odd,147,Low,Odd,19,High,166,Low,Even
Wed,30,Sep,9,2009,2009-09-30,End of Month,41,High,Odd,42,High,Even,52,High,Even,54,High,Even,57,High,Odd,246,High,Even,30,High,276,High,Even
Sat,3,Oct,10,2009,2009-10-03,Start of Month,12,Low,Even,24,Low,Even,48,High,Even,50,High,Even,57,High,Odd,191,High,Odd,22,High,213,High,Odd
Wed,7,Oct,10,2009,2009-10-07,Start of Month,2,Low,Even,20,Low,Even,21,Low,Odd,38,High,Even,50,High,Even,131,Low,Odd,22,High,153,Low,Odd
Sat,10,Oct,10,2009,2009-10-10,Start of Month,13,Low,Odd,32,Low,Even,45,High,Odd,49,High,Odd,50,High,Even,189,High,Odd,30,High,219,High,Odd
Wed,14,Oct,10,2009,2009-10-14,Start of Month,5,Low,Odd,15,Low,Odd,25,Low,Odd,30,Low,Even,40,High,Even,115,Low,Odd,6,Low,121,Low,Odd
Sat,17,Oct,10,2009,2009-10-17,End of Month,5,Low,Odd,16,Low,Even,25,Low,Odd,30,Low,Even,49,High,Odd,125,Low,Odd,39,High,164,Low,Even
Wed,21,Oct,10,2009,2009-10-21,End of Month,6,Low,Even,16,Low,Even,34,Low,Even,45,High,Odd,51,High,Odd,152,Low,Even,4,Low,156,Low,Even
Sat,24,Oct,10,2009,2009-10-24,End of Month,14,Low,Even,22,Low,Even,38,High,Even,49,High,Odd,59,High,Odd,182,High,Even,16,High,198,High,Even
Wed,28,Oct,10,2009,2009-10-28,End of Month,3,Low,Odd,11,Low,Odd,26,Low,Even,46,High,Even,51,High,Odd,137,Low,Odd,23,High,160,Low,Even
Sat,31,Oct,10,2009,2009-10-31,End of Month,2,Low,Even,19,Low,Odd,26,Low,Even,41,High,Odd,54,High,Even,142,Low,Even,23,High,165,Low,Odd
Wed,4,Nov,11,2009,2009-11-04,Start of Month,10,Low,Even,11,Low,Odd,14,Low,Even,45,High,Odd,51,High,Odd,131,Low,Odd,17,High,148,Low,Even
Sat,7,Nov,11,2009,2009-11-07,Start of Month,7,Low,Odd,32,Low,Even,37,High,Odd,46,High,Even,50,High,Even,172,Low,Even,26,High,198,High,Even
Wed,11,Nov,11,2009,2009-11-11,Start of Month,8,Low,Even,12,Low,Even,14,Low,Even,22,Low,Even,29,Low,Odd,85,Low,Odd,22,High,107,Low,Odd
Sat,14,Nov,11,2009,2009-11-14,Start of Month,19,Low,Odd,30,Low,Even,32,Low,Even,48,High,Even,57,High,Odd,186,High,Even,14,High,200,High,Even
Wed,18,Nov,11,2009,2009-11-18,End of Month,32,Low,Even,42,High,Even,50,High,Even,58,High,Even,59,High,Odd,241,High,Odd,31,High,272,High,Even
Sat,21,Nov,11,2009,2009-11-21,End of Month,7,Low,Odd,26,Low,Even,36,High,Even,49,High,Odd,58,High,Even,176,High,Even,4,Low,180,Low,Even
Wed,25,Nov,11,2009,2009-11-25,End of Month,4,Low,Even,13,Low,Odd,18,Low,Even,49,High,Odd,59,High,Odd,143,Low,Odd,5,Low,148,Low,Even
Sat,28,Nov,11,2009,2009-11-28,End of Month,26,Low,Even,27,Low,Odd,28,Low,Even,46,High,Even,50,High,Even,177,High,Odd,21,High,198,High,Even
Wed,2,Dec,12,2009,2009-12-02,Start of Month,14,Low,Even,34,Low,Even,37,High,Odd,46,High,Even,55,High,Odd,186,High,Even,37,High,223,High,Odd
Sat,5,Dec,12,2009,2009-12-05,Start of Month,27,Low,Odd,39,High,Odd,41,High,Odd,44,High,Even,58,High,Even,209,High,Odd,17,High,226,High,Even
Wed,9,Dec,12,2009,2009-12-09,Start of Month,1,Low,Odd,5,Low,Odd,12,Low,Even,13,Low,Odd,58,High,Even,89,Low,Odd,21,High,110,Low,Even
Sat,12,Dec,12,2009,2009-12-12,Start of Month,12,Low,Even,13,Low,Odd,14,Low,Even,35,High,Odd,41,High,Odd,115,Low,Odd,29,High,144,Low,Even
Wed,16,Dec,12,2009,2009-12-16,End of Month,13,Low,Odd,23,Low,Odd,25,Low,Odd,35,High,Odd,43,High,Odd,139,Low,Odd,15,High,154,Low,Even
Sat,19,Dec,12,2009,2009-12-19,End of Month,17,Low,Odd,24,Low,Even,39,High,Odd,41,High,Odd,47,High,Odd,168,Low,Even,21,High,189,High,Odd
Wed,23,Dec,12,2009,2009-12-23,End of Month,8,Low,Even,32,Low,Even,49,High,Odd,51,High,Odd,52,High,Even,192,High,Even,23,High,215,High,Odd
Sat,26,Dec,12,2009,2009-12-26,End of Month,32,Low,Even,36,High,Even,37,High,Odd,41,High,Odd,53,High,Odd,199,High,Odd,30,High,229,High,Odd
Wed,30,Dec,12,2009,2009-12-30,End of Month,5,Low,Odd,14,Low,Even,38,High,Even,39,High,Odd,52,High,Even,148,Low,Even,6,Low,154,Low,Even
Sat,2,Jan,1,2010,2010-01-02,Start of Month,3,Low,Odd,7,Low,Odd,23,Low,Odd,27,Low,Odd,42,High,Even,102,Low,Even,37,High,139,Low,Odd
Wed,6,Jan,1,2010,2010-01-06,Start of Month,20,Low,Even,27,Low,Odd,29,Low,Odd,56,High,Even,58,High,Even,190,High,Even,31,High,221,High,Odd
Sat,9,Jan,1,2010,2010-01-09,Start of Month,20,Low,Even,41,High,Odd,44,High,Even,50,High,Even,54,High,Even,209,High,Odd,22,High,231,High,Odd
Wed,13,Jan,1,2010,2010-01-13,Start of Month,8,Low,Even,11,Low,Odd,15,Low,Odd,32,Low,Even,50,High,Even,116,Low,Even,27,High,143,Low,Odd
Sat,16,Jan,1,2010,2010-01-16,End of Month,7,Low,Odd,8,Low,Even,23,Low,Odd,41,High,Odd,55,High,Odd,134,Low,Even,23,High,157,Low,Odd
Wed,20,Jan,1,2010,2010-01-20,End of Month,15,Low,Odd,32,Low,Even,43,High,Odd,44,High,Even,46,High,Even,180,High,Even,19,High,199,High,Odd
Sat,23,Jan,1,2010,2010-01-23,End of Month,15,Low,Odd,16,Low,Even,20,Low,Even,42,High,Even,53,High,Odd,146,Low,Even,17,High,163,Low,Odd
Wed,27,Jan,1,2010,2010-01-27,End of Month,6,Low,Even,15,Low,Odd,20,Low,Even,26,Low,Even,31,Low,Odd,98,Low,Even,9,Low,107,Low,Odd
Sat,30,Jan,1,2010,2010-01-30,End of Month,6,Low,Even,26,Low,Even,35,High,Odd,47,High,Odd,48,High,Even,162,Low,Even,21,High,183,Low,Odd
Wed,3,Feb,2,2010,2010-02-03,Start of Month,17,Low,Odd,22,Low,Even,36,High,Even,37,High,Odd,52,High,Even,164,Low,Even,24,High,188,High,Even
Sat,6,Feb,2,2010,2010-02-06,Start of Month,14,Low,Even,22,Low,Even,52,High,Even,54,High,Even,59,High,Odd,201,High,Odd,4,Low,205,High,Odd
Wed,10,Feb,2,2010,2010-02-10,Start of Month,5,Low,Odd,8,Low,Even,29,Low,Odd,37,High,Odd,38,High,Even,117,Low,Odd,34,High,151,Low,Odd
Sat,13,Feb,2,2010,2010-02-13,Start of Month,10,Low,Even,14,Low,Even,30,Low,Even,40,High,Even,51,High,Odd,145,Low,Odd,1,Low,146,Low,Even
Wed,17,Feb,2,2010,2010-02-17,End of Month,7,Low,Odd,8,Low,Even,19,Low,Odd,26,Low,Even,36,High,Even,96,Low,Even,15,High,111,Low,Odd
Sat,20,Feb,2,2010,2010-02-20,End of Month,13,Low,Odd,27,Low,Odd,37,High,Odd,41,High,Odd,54,High,Even,172,Low,Even,32,High,204,High,Even
Wed,24,Feb,2,2010,2010-02-24,End of Month,4,Low,Even,17,Low,Odd,35,High,Odd,50,High,Even,57,High,Odd,163,Low,Odd,12,Low,175,Low,Odd
Sat,27,Feb,2,2010,2010-02-27,End of Month,18,Low,Even,47,High,Odd,51,High,Odd,53,High,Odd,58,High,Even,227,High,Odd,30,High,257,High,Odd
Wed,3,Mar,3,2010,2010-03-03,Start of Month,7,Low,Odd,9,Low,Odd,14,Low,Even,45,High,Odd,49,High,Odd,124,Low,Even,23,High,147,Low,Odd
Sat,6,Mar,3,2010,2010-03-06,Start of Month,10,Low,Even,29,Low,Odd,33,Low,Odd,41,High,Odd,59,High,Odd,172,Low,Even,15,High,187,High,Odd
Wed,10,Mar,3,2010,2010-03-10,Start of Month,17,Low,Odd,21,Low,Odd,37,High,Odd,41,High,Odd,50,High,Even,166,Low,Even,1,Low,167,Low,Odd
Sat,13,Mar,3,2010,2010-03-13,Start of Month,6,Low,Even,16,Low,Even,20,Low,Even,31,Low,Odd,36,High,Even,109,Low,Odd,8,Low,117,Low,Odd
Wed,17,Mar,3,2010,2010-03-17,End of Month,24,Low,Even,26,Low,Even,45,High,Odd,48,High,Even,55,High,Odd,198,High,Even,8,Low,206,High,Even
Sat,20,Mar,3,2010,2010-03-20,End of Month,9,Low,Odd,36,High,Even,39,High,Odd,44,High,Even,45,High,Odd,173,High,Odd,9,Low,182,Low,Even
Wed,24,Mar,3,2010,2010-03-24,End of Month,14,Low,Even,20,Low,Even,24,Low,Even,39,High,Odd,49,High,Odd,146,Low,Even,7,Low,153,Low,Odd
Sat,27,Mar,3,2010,2010-03-27,End of Month,7,Low,Odd,21,Low,Odd,32,Low,Even,44,High,Even,52,High,Even,156,Low,Even,10,Low,166,Low,Even
Wed,31,Mar,3,2010,2010-03-31,End of Month,5,Low,Odd,13,Low,Odd,17,Low,Odd,45,High,Odd,54,High,Even,134,Low,Even,12,Low,146,Low,Even
Sat,3,Apr,4,2010,2010-04-03,Start of Month,10,Low,Even,15,Low,Odd,31,Low,Odd,52,High,Even,59,High,Odd,167,Low,Odd,4,Low,171,Low,Odd
Wed,7,Apr,4,2010,2010-04-07,Start of Month,4,Low,Even,36,High,Even,40,High,Even,44,High,Even,52,High,Even,176,High,Even,33,High,209,High,Odd
Sat,10,Apr,4,2010,2010-04-10,Start of Month,21,Low,Odd,22,Low,Even,49,High,Odd,52,High,Even,58,High,Even,202,High,Even,34,High,236,High,Even
Wed,14,Apr,4,2010,2010-04-14,Start of Month,6,Low,Even,14,Low,Even,32,Low,Even,38,High,Even,52,High,Even,142,Low,Even,20,High,162,Low,Even
Sat,17,Apr,4,2010,2010-04-17,End of Month,5,Low,Odd,21,Low,Odd,22,Low,Even,41,High,Odd,49,High,Odd,138,Low,Even,15,High,153,Low,Odd
Wed,21,Apr,4,2010,2010-04-21,End of Month,11,Low,Odd,34,Low,Even,41,High,Odd,49,High,Odd,55,High,Odd,190,High,Even,20,High,210,High,Even
Sat,24,Apr,4,2010,2010-04-24,End of Month,1,Low,Odd,12,Low,Even,53,High,Odd,56,High,Even,57,High,Odd,179,High,Odd,5,Low,184,Low,Even
Wed,28,Apr,4,2010,2010-04-28,End of Month,12,Low,Even,22,Low,Even,25,Low,Odd,28,Low,Even,44,High,Even,131,Low,Odd,24,High,155,Low,Odd
Sat,1,May,5,2010,2010-05-01,Start of Month,16,Low,Even,23,Low,Odd,25,Low,Odd,49,High,Odd,58,High,Even,171,Low,Odd,20,High,191,High,Odd
Wed,5,May,5,2010,2010-05-05,Start of Month,13,Low,Odd,34,Low,Even,40,High,Even,47,High,Odd,57,High,Odd,191,High,Odd,11,Low,202,High,Even
Sat,8,May,5,2010,2010-05-08,Start of Month,5,Low,Odd,22,Low,Even,34,Low,Even,41,High,Odd,57,High,Odd,159,Low,Odd,31,High,190,High,Even
Wed,12,May,5,2010,2010-05-12,Start of Month,37,High,Odd,51,High,Odd,52,High,Even,53,High,Odd,58,High,Even,251,High,Odd,38,High,289,High,Odd
Sat,15,May,5,2010,2010-05-15,Start of Month,15,Low,Odd,21,Low,Odd,23,Low,Odd,28,Low,Even,36,High,Even,123,Low,Odd,20,High,143,Low,Odd
Wed,19,May,5,2010,2010-05-19,End of Month,2,Low,Even,7,Low,Odd,29,Low,Odd,55,High,Odd,58,High,Even,151,Low,Odd,27,High,178,Low,Even
Sat,22,May,5,2010,2010-05-22,End of Month,19,Low,Odd,20,Low,Even,40,High,Even,47,High,Odd,57,High,Odd,183,High,Odd,29,High,212,High,Even
Wed,26,May,5,2010,2010-05-26,End of Month,1,Low,Odd,6,Low,Even,10,Low,Even,13,Low,Odd,20,Low,Even,50,Low,Even,32,High,82,Low,Even
Sat,29,May,5,2010,2010-05-29,End of Month,1,Low,Odd,3,Low,Odd,24,Low,Even,28,Low,Even,41,High,Odd,97,Low,Odd,10,Low,107,Low,Odd
Wed,2,Jun,6,2010,2010-06-02,Start of Month,4,Low,Even,9,Low,Odd,14,Low,Even,39,High,Odd,43,High,Odd,109,Low,Odd,38,High,147,Low,Odd
Sat,5,Jun,6,2010,2010-06-05,Start of Month,18,Low,Even,34,Low,Even,40,High,Even,48,High,Even,59,High,Odd,199,High,Odd,25,High,224,High,Even
Wed,9,Jun,6,2010,2010-06-09,Start of Month,14,Low,Even,22,Low,Even,27,Low,Odd,32,Low,Even,49,High,Odd,144,Low,Even,5,Low,149,Low,Odd
Sat,12,Jun,6,2010,2010-06-12,Start of Month,9,Low,Odd,12,Low,Even,13,Low,Odd,35,High,Odd,38,High,Even,107,Low,Odd,30,High,137,Low,Odd
Wed,16,Jun,6,2010,2010-06-16,End of Month,8,Low,Even,11,Low,Odd,18,Low,Even,29,Low,Odd,36,High,Even,102,Low,Even,6,Low,108,Low,Even
Sat,19,Jun,6,2010,2010-06-19,End of Month,9,Low,Odd,30,Low,Even,31,Low,Odd,50,High,Even,54,High,Even,174,High,Even,39,High,213,High,Odd
Wed,23,Jun,6,2010,2010-06-23,End of Month,11,Low,Odd,30,Low,Even,45,High,Odd,47,High,Odd,48,High,Even,181,High,Odd,10,Low,191,High,Odd
Sat,26,Jun,6,2010,2010-06-26,End of Month,13,Low,Odd,30,Low,Even,32,Low,Even,38,High,Even,57,High,Odd,170,Low,Even,25,High,195,High,Odd
Wed,30,Jun,6,2010,2010-06-30,End of Month,6,Low,Even,38,High,Even,43,High,Odd,47,High,Odd,48,High,Even,182,High,Even,27,High,209,High,Odd
Sat,3,Jul,7,2010,2010-07-03,Start of Month,3,Low,Odd,10,Low,Even,14,Low,Even,52,High,Even,53,High,Odd,132,Low,Even,3,Low,135,Low,Odd
Wed,7,Jul,7,2010,2010-07-07,Start of Month,10,Low,Even,41,High,Odd,44,High,Even,48,High,Even,56,High,Even,199,High,Odd,4,Low,203,High,Odd
Sat,10,Jul,7,2010,2010-07-10,Start of Month,20,Low,Even,21,Low,Odd,27,Low,Odd,28,Low,Even,56,High,Even,152,Low,Even,4,Low,156,Low,Even
Wed,14,Jul,7,2010,2010-07-14,Start of Month,20,Low,Even,21,Low,Odd,23,Low,Odd,38,High,Even,42,High,Even,144,Low,Even,6,Low,150,Low,Even
Sat,17,Jul,7,2010,2010-07-17,End of Month,22,Low,Even,27,Low,Odd,35,High,Odd,37,High,Odd,45,High,Odd,166,Low,Even,3,Low,169,Low,Odd
Wed,21,Jul,7,2010,2010-07-21,End of Month,16,Low,Even,22,Low,Even,30,Low,Even,51,High,Odd,58,High,Even,177,High,Odd,25,High,202,High,Even
Sat,24,Jul,7,2010,2010-07-24,End of Month,20,Low,Even,30,Low,Even,38,High,Even,46,High,Even,59,High,Odd,193,High,Odd,27,High,220,High,Even
Wed,28,Jul,7,2010,2010-07-28,End of Month,1,Low,Odd,11,Low,Odd,20,Low,Even,25,Low,Odd,27,Low,Odd,84,Low,Even,2,Low,86,Low,Even
Sat,31,Jul,7,2010,2010-07-31,End of Month,1,Low,Odd,16,Low,Even,17,Low,Odd,41,High,Odd,57,High,Odd,132,Low,Even,15,High,147,Low,Odd
Wed,4,Aug,8,2010,2010-08-04,Start of Month,19,Low,Odd,28,Low,Even,30,Low,Even,37,High,Odd,53,High,Odd,167,Low,Odd,36,High,203,High,Odd
Sat,7,Aug,8,2010,2010-08-07,Start of Month,4,Low,Even,22,Low,Even,26,Low,Even,31,Low,Odd,52,High,Even,135,Low,Odd,30,High,165,Low,Odd
Wed,11,Aug,8,2010,2010-08-11,Start of Month,7,Low,Odd,10,Low,Even,22,Low,Even,23,Low,Odd,52,High,Even,114,Low,Even,29,High,143,Low,Odd
Sat,14,Aug,8,2010,2010-08-14,Start of Month,9,Low,Odd,33,Low,Odd,36,High,Even,50,High,Even,58,High,Even,186,High,Even,31,High,217,High,Odd
Wed,18,Aug,8,2010,2010-08-18,End of Month,4,Low,Even,32,Low,Even,33,Low,Odd,47,High,Odd,55,High,Odd,171,Low,Odd,39,High,210,High,Even
Sat,21,Aug,8,2010,2010-08-21,End of Month,7,Low,Odd,10,Low,Even,12,Low,Even,22,Low,Even,27,Low,Odd,78,Low,Even,26,High,104,Low,Even
Wed,25,Aug,8,2010,2010-08-25,End of Month,16,Low,Even,17,Low,Odd,29,Low,Odd,31,Low,Odd,36,High,Even,129,Low,Odd,23,High,152,Low,Even
Sat,28,Aug,8,2010,2010-08-28,End of Month,4,Low,Even,22,Low,Even,27,Low,Odd,32,Low,Even,56,High,Even,141,Low,Odd,13,Low,154,Low,Even
Wed,1,Sep,9,2010,2010-09-01,Start of Month,17,Low,Odd,20,Low,Even,21,Low,Odd,40,High,Even,51,High,Odd,149,Low,Odd,19,High,168,Low,Even
Sat,4,Sep,9,2010,2010-09-04,Start of Month,11,Low,Odd,14,Low,Even,22,Low,Even,33,Low,Odd,42,High,Even,122,Low,Even,38,High,160,Low,Even
Wed,8,Sep,9,2010,2010-09-08,Start of Month,10,Low,Even,35,High,Odd,39,High,Odd,51,High,Odd,57,High,Odd,192,High,Even,20,High,212,High,Even
Sat,11,Sep,9,2010,2010-09-11,Start of Month,7,Low,Odd,17,Low,Odd,20,Low,Even,36,High,Even,59,High,Odd,139,Low,Odd,33,High,172,Low,Even
Wed,15,Sep,9,2010,2010-09-15,Start of Month,7,Low,Odd,20,Low,Even,21,Low,Odd,34,Low,Even,43,High,Odd,125,Low,Odd,34,High,159,Low,Odd
Sat,18,Sep,9,2010,2010-09-18,End of Month,1,Low,Odd,18,Low,Even,37,High,Odd,39,High,Odd,44,High,Even,139,Low,Odd,13,Low,152,Low,Even
Wed,22,Sep,9,2010,2010-09-22,End of Month,10,Low,Even,24,Low,Even,36,High,Even,52,High,Even,55,High,Odd,177,High,Odd,15,High,192,High,Even
Sat,25,Sep,9,2010,2010-09-25,End of Month,8,Low,Even,16,Low,Even,27,Low,Odd,35,High,Odd,42,High,Even,128,Low,Even,30,High,158,Low,Even
Wed,29,Sep,9,2010,2010-09-29,End of Month,13,Low,Odd,44,High,Even,51,High,Odd,52,High,Even,55,High,Odd,215,High,Odd,30,High,245,High,Odd
Sat,2,Oct,10,2010,2010-10-02,Start of Month,12,Low,Even,20,Low,Even,30,Low,Even,36,High,Even,47,High,Odd,145,Low,Odd,25,High,170,Low,Even
Wed,6,Oct,10,2010,2010-10-06,Start of Month,14,Low,Even,26,Low,Even,37,High,Odd,41,High,Odd,46,High,Even,164,Low,Even,24,High,188,High,Even
Sat,9,Oct,10,2010,2010-10-09,Start of Month,2,Low,Even,6,Low,Even,32,Low,Even,42,High,Even,49,High,Odd,131,Low,Odd,35,High,166,Low,Even
Wed,13,Oct,10,2010,2010-10-13,Start of Month,12,Low,Even,22,Low,Even,32,Low,Even,34,Low,Even,46,High,Even,146,Low,Even,2,Low,148,Low,Even
Sat,16,Oct,10,2010,2010-10-16,End of Month,11,Low,Odd,12,Low,Even,15,Low,Odd,16,Low,Even,28,Low,Even,82,Low,Even,11,Low,93,Low,Odd
Wed,20,Oct,10,2010,2010-10-20,End of Month,7,Low,Odd,17,Low,Odd,20,Low,Even,39,High,Odd,59,High,Odd,142,Low,Even,17,High,159,Low,Odd
Sat,23,Oct,10,2010,2010-10-23,End of Month,2,Low,Even,7,Low,Odd,16,Low,Even,20,Low,Even,46,High,Even,91,Low,Odd,34,High,125,Low,Odd
Wed,27,Oct,10,2010,2010-10-27,End of Month,20,Low,Even,24,Low,Even,25,Low,Odd,53,High,Odd,59,High,Odd,181,High,Odd,15,High,196,High,Even
Sat,30,Oct,10,2010,2010-10-30,End of Month,1,Low,Odd,7,Low,Odd,27,Low,Odd,36,High,Even,49,High,Odd,120,Low,Even,39,High,159,Low,Odd
Wed,3,Nov,11,2010,2010-11-03,Start of Month,34,Low,Even,38,High,Even,39,High,Odd,45,High,Odd,50,High,Even,206,High,Even,33,High,239,High,Odd
Sat,6,Nov,11,2010,2010-11-06,Start of Month,7,Low,Odd,12,Low,Even,23,Low,Odd,34,Low,Even,38,High,Even,114,Low,Even,33,High,147,Low,Odd
Wed,10,Nov,11,2010,2010-11-10,Start of Month,5,Low,Odd,8,Low,Even,11,Low,Odd,40,High,Even,44,High,Even,108,Low,Even,10,Low,118,Low,Even
Sat,13,Nov,11,2010,2010-11-13,Start of Month,17,Low,Odd,30,Low,Even,48,High,Even,51,High,Odd,54,High,Even,200,High,Even,29,High,229,High,Odd
Wed,17,Nov,11,2010,2010-11-17,End of Month,14,Low,Even,16,Low,Even,53,High,Odd,54,High,Even,59,High,Odd,196,High,Even,5,Low,201,High,Odd
Sat,20,Nov,11,2010,2010-11-20,End of Month,10,Low,Even,12,Low,Even,38,High,Even,53,High,Odd,57,High,Odd,170,Low,Even,1,Low,171,Low,Odd
Wed,24,Nov,11,2010,2010-11-24,End of Month,8,Low,Even,20,Low,Even,21,Low,Odd,32,Low,Even,37,High,Odd,118,Low,Even,4,Low,122,Low,Even
Sat,27,Nov,11,2010,2010-11-27,End of Month,10,Low,Even,30,Low,Even,37,High,Odd,47,High,Odd,54,High,Even,178,High,Even,39,High,217,High,Odd
Wed,1,Dec,12,2010,2010-12-01,Start of Month,5,Low,Odd,10,Low,Even,11,Low,Odd,12,Low,Even,20,Low,Even,58,Low,Even,2,Low,60,Low,Even
Sat,4,Dec,12,2010,2010-12-04,Start of Month,13,Low,Odd,24,Low,Even,27,Low,Odd,31,Low,Odd,42,High,Even,137,Low,Odd,22,High,159,Low,Odd
Wed,8,Dec,12,2010,2010-12-08,Start of Month,8,Low,Even,11,Low,Odd,25,Low,Odd,41,High,Odd,58,High,Even,143,Low,Odd,16,High,159,Low,Odd
Sat,11,Dec,12,2010,2010-12-11,Start of Month,1,Low,Odd,8,Low,Even,10,Low,Even,19,Low,Odd,20,Low,Even,58,Low,Even,23,High,81,Low,Odd
Wed,15,Dec,12,2010,2010-12-15,Start of Month,10,Low,Even,11,Low,Odd,18,Low,Even,32,Low,Even,45,High,Odd,116,Low,Even,18,High,134,Low,Even
Sat,18,Dec,12,2010,2010-12-18,End of Month,4,Low,Even,11,Low,Odd,19,Low,Odd,33,Low,Odd,43,High,Odd,110,Low,Even,14,High,124,Low,Even
Wed,22,Dec,12,2010,2010-12-22,End of Month,11,Low,Odd,33,Low,Odd,44,High,Even,46,High,Even,47,High,Odd,181,High,Odd,12,Low,193,High,Odd
Sat,25,Dec,12,2010,2010-12-25,End of Month,1,Low,Odd,17,Low,Odd,38,High,Even,50,High,Even,52,High,Even,158,Low,Even,24,High,182,Low,Even
Wed,29,Dec,12,2010,2010-12-29,End of Month,3,Low,Odd,16,Low,Even,18,Low,Even,20,Low,Even,37,High,Odd,94,Low,Even,30,High,124,Low,Even
Sat,1,Jan,1,2011,2011-01-01,Start of Month,18,Low,Even,22,Low,Even,37,High,Odd,47,High,Odd,54,High,Even,178,High,Even,36,High,214,High,Even
Wed,5,Jan,1,2011,2011-01-05,Start of Month,22,Low,Even,26,Low,Even,32,Low,Even,38,High,Even,40,High,Even,158,Low,Even,7,Low,165,Low,Odd
Sat,8,Jan,1,2011,2011-01-08,Start of Month,6,Low,Even,7,Low,Odd,26,Low,Even,33,Low,Odd,52,High,Even,124,Low,Even,24,High,148,Low,Even
Wed,12,Jan,1,2011,2011-01-12,Start of Month,19,Low,Odd,21,Low,Odd,23,Low,Odd,40,High,Even,48,High,Even,151,Low,Odd,27,High,178,Low,Even
Sat,15,Jan,1,2011,2011-01-15,Start of Month,9,Low,Odd,13,Low,Odd,22,Low,Even,23,Low,Odd,37,High,Odd,104,Low,Even,31,High,135,Low,Odd
Wed,19,Jan,1,2011,2011-01-19,End of Month,22,Low,Even,36,High,Even,51,High,Odd,56,High,Even,59,High,Odd,224,High,Even,32,High,256,High,Even
Sat,22,Jan,1,2011,2011-01-22,End of Month,30,Low,Even,31,Low,Odd,34,Low,Even,45,High,Odd,51,High,Odd,191,High,Odd,23,High,214,High,Even
Wed,26,Jan,1,2011,2011-01-26,End of Month,4,Low,Even,5,Low,Odd,36,High,Even,47,High,Odd,58,High,Even,150,Low,Even,6,Low,156,Low,Even
Sat,29,Jan,1,2011,2011-01-29,End of Month,24,Low,Even,28,Low,Even,45,High,Odd,49,High,Odd,52,High,Even,198,High,Even,2,Low,200,High,Even
Wed,2,Feb,2,2011,2011-02-02,Start of Month,3,Low,Odd,14,Low,Even,33,Low,Odd,53,High,Odd,57,High,Odd,160,Low,Even,36,High,196,High,Even
Sat,5,Feb,2,2011,2011-02-05,Start of Month,15,Low,Odd,37,High,Odd,41,High,Odd,56,High,Even,59,High,Odd,208,High,Even,5,Low,213,High,Odd
Wed,9,Feb,2,2011,2011-02-09,Start of Month,7,Low,Odd,11,Low,Odd,39,High,Odd,42,High,Even,51,High,Odd,150,Low,Even,30,High,180,Low,Even
Sat,12,Feb,2,2011,2011-02-12,Start of Month,11,Low,Odd,32,Low,Even,36,High,Even,48,High,Even,52,High,Even,179,High,Odd,19,High,198,High,Even
Wed,16,Feb,2,2011,2011-02-16,End of Month,9,Low,Odd,13,Low,Odd,21,Low,Odd,23,Low,Odd,48,High,Even,114,Low,Even,24,High,138,Low,Even
Sat,19,Feb,2,2011,2011-02-19,End of Month,3,Low,Odd,12,Low,Even,34,Low,Even,37,High,Odd,42,High,Even,128,Low,Even,36,High,164,Low,Even
Wed,23,Feb,2,2011,2011-02-23,End of Month,29,Low,Odd,32,Low,Even,36,High,Even,39,High,Odd,49,High,Odd,185,High,Odd,29,High,214,High,Even
Sat,26,Feb,2,2011,2011-02-26,End of Month,4,Low,Even,13,Low,Odd,17,Low,Odd,21,Low,Odd,45,High,Odd,100,Low,Even,10,Low,110,Low,Even
Wed,2,Mar,3,2011,2011-03-02,Start of Month,7,Low,Odd,31,Low,Odd,50,High,Even,51,High,Odd,58,High,Even,197,High,Odd,6,Low,203,High,Odd
Sat,5,Mar,3,2011,2011-03-05,Start of Month,2,Low,Even,23,Low,Odd,31,Low,Odd,42,High,Even,48,High,Even,146,Low,Even,21,High,167,Low,Odd
Wed,9,Mar,3,2011,2011-03-09,Start of Month,12,Low,Even,20,Low,Even,28,Low,Even,40,High,Even,48,High,Even,148,Low,Even,8,Low,156,Low,Even
Sat,12,Mar,3,2011,2011-03-12,Start of Month,1,Low,Odd,4,Low,Even,12,Low,Even,41,High,Odd,47,High,Odd,105,Low,Odd,3,Low,108,Low,Even
Wed,16,Mar,3,2011,2011-03-16,End of Month,28,Low,Even,39,High,Odd,40,High,Even,48,High,Even,53,High,Odd,208,High,Even,9,Low,217,High,Odd
Sat,19,Mar,3,2011,2011-03-19,End of Month,3,Low,Odd,11,Low,Odd,20,Low,Even,27,Low,Odd,46,High,Even,107,Low,Odd,8,Low,115,Low,Odd
Wed,23,Mar,3,2011,2011-03-23,End of Month,5,Low,Odd,15,Low,Odd,26,Low,Even,28,Low,Even,32,Low,Even,106,Low,Even,9,Low,115,Low,Odd
Sat,26,Mar,3,2011,2011-03-26,End of Month,4,Low,Even,10,Low,Even,11,Low,Odd,19,Low,Odd,33,Low,Odd,77,Low,Odd,27,High,104,Low,Even
Wed,30,Mar,3,2011,2011-03-30,End of Month,19,Low,Odd,20,Low,Even,42,High,Even,56,High,Even,58,High,Even,195,High,Odd,37,High,232,High,Even
Sat,2,Apr,4,2011,2011-04-02,Start of Month,6,Low,Even,22,Low,Even,34,Low,Even,43,High,Odd,45,High,Odd,150,Low,Even,23,High,173,Low,Odd
Wed,6,Apr,4,2011,2011-04-06,Start of Month,10,Low,Even,18,Low,Even,41,High,Odd,55,High,Odd,56,High,Even,180,High,Even,15,High,195,High,Odd
Sat,9,Apr,4,2011,2011-04-09,Start of Month,5,Low,Odd,14,Low,Even,32,Low,Even,53,High,Odd,56,High,Even,160,Low,Even,11,Low,171,Low,Odd
Wed,13,Apr,4,2011,2011-04-13,Start of Month,4,Low,Even,23,Low,Odd,39,High,Odd,49,High,Odd,50,High,Even,165,Low,Odd,39,High,204,High,Even
Sat,16,Apr,4,2011,2011-04-16,End of Month,21,Low,Odd,33,Low,Odd,44,High,Even,45,High,Odd,55,High,Odd,198,High,Even,7,Low,205,High,Odd
Wed,20,Apr,4,2011,2011-04-20,End of Month,9,Low,Odd,24,Low,Even,34,Low,Even,36,High,Even,43,High,Odd,146,Low,Even,27,High,173,Low,Odd
Sat,23,Apr,4,2011,2011-04-23,End of Month,3,Low,Odd,11,Low,Odd,47,High,Odd,48,High,Even,58,High,Even,167,Low,Odd,19,High,186,High,Even
Wed,27,Apr,4,2011,2011-04-27,End of Month,4,Low,Even,24,Low,Even,40,High,Even,44,High,Even,55,High,Odd,167,Low,Odd,5,Low,172,Low,Even
Sat,30,Apr,4,2011,2011-04-30,End of Month,6,Low,Even,13,Low,Odd,15,Low,Odd,32,Low,Even,41,High,Odd,107,Low,Odd,3,Low,110,Low,Even
Wed,4,May,5,2011,2011-05-04,Start of Month,3,Low,Odd,15,Low,Odd,27,Low,Odd,29,Low,Odd,41,High,Odd,115,Low,Odd,24,High,139,Low,Odd
Sat,7,May,5,2011,2011-05-07,Start of Month,2,Low,Even,11,Low,Odd,27,Low,Odd,47,High,Odd,55,High,Odd,142,Low,Even,15,High,157,Low,Odd
Wed,11,May,5,2011,2011-05-11,Start of Month,9,Low,Odd,17,Low,Odd,32,Low,Even,43,High,Odd,45,High,Odd,146,Low,Even,31,High,177,Low,Odd
Sat,14,May,5,2011,2011-05-14,Start of Month,8,Low,Even,17,Low,Odd,18,Low,Even,40,High,Even,44,High,Even,127,Low,Odd,16,High,143,Low,Odd
Wed,18,May,5,2011,2011-05-18,End of Month,7,Low,Odd,12,Low,Even,13,Low,Odd,42,High,Even,49,High,Odd,123,Low,Odd,16,High,139,Low,Odd
Sat,21,May,5,2011,2011-05-21,End of Month,2,Low,Even,8,Low,Even,40,High,Even,49,High,Odd,50,High,Even,149,Low,Odd,36,High,185,Low,Odd
Wed,25,May,5,2011,2011-05-25,End of Month,4,Low,Even,23,Low,Odd,31,Low,Odd,42,High,Even,50,High,Even,150,Low,Even,23,High,173,Low,Odd
Sat,28,May,5,2011,2011-05-28,End of Month,12,Low,Even,20,Low,Even,43,High,Odd,51,High,Odd,55,High,Odd,181,High,Odd,11,Low,192,High,Even
Wed,1,Jun,6,2011,2011-06-01,Start of Month,8,Low,Even,18,Low,Even,38,High,Even,46,High,Even,56,High,Even,166,Low,Even,31,High,197,High,Odd
Sat,4,Jun,6,2011,2011-06-04,Start of Month,17,Low,Odd,19,Low,Odd,39,High,Odd,41,High,Odd,58,High,Even,174,High,Even,21,High,195,High,Odd
Wed,8,Jun,6,2011,2011-06-08,Start of Month,14,Low,Even,37,High,Odd,44,High,Even,45,High,Odd,53,High,Odd,193,High,Odd,29,High,222,High,Even
Sat,11,Jun,6,2011,2011-06-11,Start of Month,16,Low,Even,18,Low,Even,27,Low,Odd,36,High,Even,50,High,Even,147,Low,Odd,8,Low,155,Low,Odd
Wed,15,Jun,6,2011,2011-06-15,Start of Month,19,Low,Odd,20,Low,Even,38,High,Even,41,High,Odd,43,High,Odd,161,Low,Odd,29,High,190,High,Even
Sat,18,Jun,6,2011,2011-06-18,End of Month,12,Low,Even,21,Low,Odd,22,Low,Even,38,High,Even,41,High,Odd,134,Low,Even,18,High,152,Low,Even
Wed,22,Jun,6,2011,2011-06-22,End of Month,12,Low,Even,15,Low,Odd,19,Low,Odd,46,High,Even,59,High,Odd,151,Low,Odd,12,Low,163,Low,Odd
Sat,25,Jun,6,2011,2011-06-25,End of Month,18,Low,Even,36,High,Even,39,High,Odd,41,High,Odd,57,High,Odd,191,High,Odd,12,Low,203,High,Odd
Wed,29,Jun,6,2011,2011-06-29,End of Month,24,Low,Even,30,Low,Even,45,High,Odd,57,High,Odd,59,High,Odd,215,High,Odd,26,High,241,High,Odd
Sat,2,Jul,7,2011,2011-07-02,Start of Month,1,Low,Odd,11,Low,Odd,18,Low,Even,29,Low,Odd,51,High,Odd,110,Low,Even,32,High,142,Low,Even
Wed,6,Jul,7,2011,2011-07-06,Start of Month,11,Low,Odd,15,Low,Odd,24,Low,Even,50,High,Even,55,High,Odd,155,Low,Odd,8,Low,163,Low,Odd
Sat,9,Jul,7,2011,2011-07-09,Start of Month,1,Low,Odd,9,Low,Odd,11,Low,Odd,23,Low,Odd,31,Low,Odd,75,Low,Odd,6,Low,81,Low,Odd
Wed,13,Jul,7,2011,2011-07-13,Start of Month,8,Low,Even,18,Low,Even,19,Low,Odd,32,Low,Even,54,High,Even,131,Low,Odd,8,Low,139,Low,Odd
Sat,16,Jul,7,2011,2011-07-16,End of Month,24,Low,Even,28,Low,Even,48,High,Even,50,High,Even,54,High,Even,204,High,Even,25,High,229,High,Odd
Wed,20,Jul,7,2011,2011-07-20,End of Month,1,Low,Odd,4,Low,Even,38,High,Even,40,High,Even,42,High,Even,125,Low,Odd,17,High,142,Low,Even
Sat,23,Jul,7,2011,2011-07-23,End of Month,1,Low,Odd,7,Low,Odd,27,Low,Odd,38,High,Even,48,High,Even,121,Low,Odd,30,High,151,Low,Odd
Wed,27,Jul,7,2011,2011-07-27,End of Month,38,High,Even,40,High,Even,41,High,Odd,51,High,Odd,59,High,Odd,229,High,Odd,33,High,262,High,Even
Sat,30,Jul,7,2011,2011-07-30,End of Month,20,Low,Even,40,High,Even,41,High,Odd,47,High,Odd,55,High,Odd,203,High,Odd,19,High,222,High,Even
Wed,3,Aug,8,2011,2011-08-03,Start of Month,13,Low,Odd,19,Low,Odd,21,Low,Odd,28,Low,Even,49,High,Odd,130,Low,Even,11,Low,141,Low,Odd
Sat,6,Aug,8,2011,2011-08-06,Start of Month,25,Low,Odd,30,Low,Even,54,High,Even,57,High,Odd,59,High,Odd,225,High,Odd,6,Low,231,High,Odd
Wed,10,Aug,8,2011,2011-08-10,Start of Month,11,Low,Odd,18,Low,Even,36,High,Even,41,High,Odd,46,High,Even,152,Low,Even,38,High,190,High,Even
Sat,13,Aug,8,2011,2011-08-13,Start of Month,9,Low,Odd,12,Low,Even,35,High,Odd,50,High,Even,58,High,Even,164,Low,Even,4,Low,168,Low,Even
Wed,17,Aug,8,2011,2011-08-17,End of Month,18,Low,Even,28,Low,Even,31,Low,Odd,48,High,Even,52,High,Even,177,High,Odd,37,High,214,High,Even
Sat,20,Aug,8,2011,2011-08-20,End of Month,2,Low,Even,17,Low,Odd,23,Low,Odd,28,Low,Even,47,High,Odd,117,Low,Odd,36,High,153,Low,Odd
Wed,24,Aug,8,2011,2011-08-24,End of Month,9,Low,Odd,13,Low,Odd,47,High,Odd,49,High,Odd,53,High,Odd,171,Low,Odd,39,High,210,High,Even
Sat,27,Aug,8,2011,2011-08-27,End of Month,2,Low,Even,12,Low,Even,25,Low,Odd,54,High,Even,58,High,Even,151,Low,Odd,14,High,165,Low,Odd
Wed,31,Aug,8,2011,2011-08-31,End of Month,13,Low,Odd,19,Low,Odd,35,High,Odd,47,High,Odd,57,High,Odd,171,Low,Odd,29,High,200,High,Even
Sat,3,Sep,9,2011,2011-09-03,Start of Month,15,Low,Odd,25,Low,Odd,52,High,Even,53,High,Odd,54,High,Even,199,High,Odd,2,Low,201,High,Odd
Wed,7,Sep,9,2011,2011-09-07,Start of Month,3,Low,Odd,5,Low,Odd,18,Low,Even,27,Low,Odd,54,High,Even,107,Low,Odd,13,Low,120,Low,Even
Sat,10,Sep,9,2011,2011-09-10,Start of Month,4,Low,Even,19,Low,Odd,22,Low,Even,32,Low,Even,53,High,Odd,130,Low,Even,24,High,154,Low,Even
Wed,14,Sep,9,2011,2011-09-14,Start of Month,16,Low,Even,41,High,Odd,42,High,Even,50,High,Even,59,High,Odd,208,High,Even,5,Low,213,High,Odd
Sat,17,Sep,9,2011,2011-09-17,End of Month,6,Low,Even,20,Low,Even,22,Low,Even,32,Low,Even,43,High,Odd,123,Low,Odd,11,Low,134,Low,Even
Wed,21,Sep,9,2011,2011-09-21,End of Month,12,Low,Even,47,High,Odd,48,High,Even,52,High,Even,55,High,Odd,214,High,Even,13,Low,227,High,Odd
Sat,24,Sep,9,2011,2011-09-24,End of Month,3,Low,Odd,4,Low,Even,12,Low,Even,27,Low,Odd,44,High,Even,90,Low,Even,26,High,116,Low,Even
Wed,28,Sep,9,2011,2011-09-28,End of Month,30,Low,Even,41,High,Odd,50,High,Even,51,High,Odd,53,High,Odd,225,High,Odd,8,Low,233,High,Odd
Sat,1,Oct,10,2011,2011-10-01,Start of Month,1,Low,Odd,12,Low,Even,23,Low,Odd,27,Low,Odd,43,High,Odd,106,Low,Even,31,High,137,Low,Odd
Wed,5,Oct,10,2011,2011-10-05,Start of Month,7,Low,Odd,20,Low,Even,43,High,Odd,46,High,Even,54,High,Even,170,Low,Even,17,High,187,High,Odd
Sat,8,Oct,10,2011,2011-10-08,Start of Month,3,Low,Odd,27,Low,Odd,35,High,Odd,37,High,Odd,45,High,Odd,147,Low,Odd,31,High,178,Low,Even
Wed,12,Oct,10,2011,2011-10-12,Start of Month,10,Low,Even,12,Low,Even,23,Low,Odd,43,High,Odd,47,High,Odd,135,Low,Odd,18,High,153,Low,Odd
Sat,15,Oct,10,2011,2011-10-15,Start of Month,5,Low,Odd,10,Low,Even,24,Low,Even,38,High,Even,43,High,Odd,120,Low,Even,1,Low,121,Low,Odd
Wed,19,Oct,10,2011,2011-10-19,End of Month,16,Low,Even,26,Low,Even,35,High,Odd,52,High,Even,58,High,Even,187,High,Odd,2,Low,189,High,Odd
Sat,22,Oct,10,2011,2011-10-22,End of Month,3,Low,Odd,8,Low,Even,23,Low,Odd,30,Low,Even,58,High,Even,122,Low,Even,13,Low,135,Low,Odd
Wed,26,Oct,10,2011,2011-10-26,End of Month,1,Low,Odd,18,Low,Even,21,Low,Odd,39,High,Odd,55,High,Odd,134,Low,Even,6,Low,140,Low,Even
Sat,29,Oct,10,2011,2011-10-29,End of Month,11,Low,Odd,16,Low,Even,40,High,Even,51,High,Odd,56,High,Even,174,High,Even,38,High,212,High,Even
Wed,2,Nov,11,2011,2011-11-02,Start of Month,12,Low,Even,14,Low,Even,34,Low,Even,39,High,Odd,46,High,Even,145,Low,Odd,36,High,181,Low,Odd
Sat,5,Nov,11,2011,2011-11-05,Start of Month,2,Low,Even,33,Low,Odd,39,High,Odd,40,High,Even,43,High,Odd,157,Low,Odd,26,High,183,Low,Odd
Wed,9,Nov,11,2011,2011-11-09,Start of Month,5,Low,Odd,35,High,Odd,57,High,Odd,58,High,Even,59,High,Odd,214,High,Even,12,Low,226,High,Even
Sat,12,Nov,11,2011,2011-11-12,Start of Month,4,Low,Even,35,High,Odd,36,High,Even,51,High,Odd,56,High,Even,182,High,Even,8,Low,190,High,Even
Wed,16,Nov,11,2011,2011-11-16,End of Month,13,Low,Odd,22,Low,Even,25,Low,Odd,39,High,Odd,51,High,Odd,150,Low,Even,28,High,178,Low,Even
Sat,19,Nov,11,2011,2011-11-19,End of Month,9,Low,Odd,16,Low,Even,17,Low,Odd,28,Low,Even,30,Low,Even,100,Low,Even,11,Low,111,Low,Odd
Wed,23,Nov,11,2011,2011-11-23,End of Month,4,Low,Even,30,Low,Even,35,High,Odd,57,High,Odd,59,High,Odd,185,High,Odd,25,High,210,High,Even
Sat,26,Nov,11,2011,2011-11-26,End of Month,20,Low,Even,37,High,Odd,39,High,Odd,45,High,Odd,55,High,Odd,196,High,Even,28,High,224,High,Even
Wed,30,Nov,11,2011,2011-11-30,End of Month,2,Low,Even,6,Low,Even,34,Low,Even,35,High,Odd,47,High,Odd,124,Low,Even,22,High,146,Low,Even
Sat,3,Dec,12,2011,2011-12-03,Start of Month,5,Low,Odd,18,Low,Even,33,Low,Odd,43,High,Odd,45,High,Odd,144,Low,Even,8,Low,152,Low,Even
Wed,7,Dec,12,2011,2011-12-07,Start of Month,3,Low,Odd,14,Low,Even,20,Low,Even,39,High,Odd,40,High,Even,116,Low,Even,37,High,153,Low,Odd
Sat,10,Dec,12,2011,2011-12-10,Start of Month,4,Low,Even,19,Low,Odd,33,Low,Odd,41,High,Odd,59,High,Odd,156,Low,Even,9,Low,165,Low,Odd
Wed,14,Dec,12,2011,2011-12-14,Start of Month,2,Low,Even,24,Low,Even,46,High,Even,52,High,Even,56,High,Even,180,High,Even,19,High,199,High,Odd
Sat,17,Dec,12,2011,2011-12-17,End of Month,13,Low,Odd,28,Low,Even,49,High,Odd,51,High,Odd,59,High,Odd,200,High,Even,33,High,233,High,Odd
Wed,21,Dec,12,2011,2011-12-21,End of Month,10,Low,Even,13,Low,Odd,15,Low,Odd,31,Low,Odd,54,High,Even,123,Low,Odd,18,High,141,Low,Odd
Sat,24,Dec,12,2011,2011-12-24,End of Month,14,Low,Even,16,Low,Even,30,Low,Even,51,High,Odd,52,High,Even,163,Low,Odd,19,High,182,Low,Even
Wed,28,Dec,12,2011,2011-12-28,End of Month,16,Low,Even,21,Low,Odd,27,Low,Odd,41,High,Odd,45,High,Odd,150,Low,Even,14,High,164,Low,Even
Sat,31,Dec,12,2011,2011-12-31,End of Month,5,Low,Odd,23,Low,Odd,25,Low,Odd,28,Low,Even,40,High,Even,121,Low,Odd,34,High,155,Low,Odd
Wed,4,Jan,1,2012,2012-01-04,Start of Month,21,Low,Odd,35,High,Odd,46,High,Even,47,High,Odd,50,High,Even,199,High,Odd,2,Low,201,High,Odd
Sat,7,Jan,1,2012,2012-01-07,Start of Month,3,Low,Odd,21,Low,Odd,24,Low,Even,38,High,Even,39,High,Odd,125,Low,Odd,24,High,149,Low,Odd
Wed,11,Jan,1,2012,2012-01-11,Start of Month,5,Low,Odd,19,Low,Odd,29,Low,Odd,45,High,Odd,47,High,Odd,145,Low,Odd,25,High,170,Low,Even
Sat,14,Jan,1,2012,2012-01-14,Start of Month,10,Low,Even,30,Low,Even,36,High,Even,38,High,Even,41,High,Odd,155,Low,Odd,1,Low,156,Low,Even
Wed,18,Jan,1,2012,2012-01-18,End of Month,6,Low,Even,29,Low,Odd,34,Low,Even,44,High,Even,50,High,Even,163,Low,Odd,28,High,191,High,Odd
Sat,21,Jan,1,2012,2012-01-21,End of Month,12,Low,Even,24,Low,Even,43,High,Odd,44,High,Even,45,High,Odd,168,Low,Even,7,Low,175,Low,Odd
Wed,25,Jan,1,2012,2012-01-25,End of Month,4,Low,Even,19,Low,Odd,28,Low,Even,29,Low,Odd,47,High,Odd,127,Low,Odd,5,Low,132,Low,Even
Sat,28,Jan,1,2012,2012-01-28,End of Month,5,Low,Odd,33,Low,Odd,41,High,Odd,54,High,Even,59,High,Odd,192,High,Even,13,Low,205,High,Odd
Wed,1,Feb,2,2012,2012-02-01,Start of Month,8,Low,Even,13,Low,Odd,17,Low,Odd,34,Low,Even,59,High,Odd,131,Low,Odd,35,High,166,Low,Even
Sat,4,Feb,2,2012,2012-02-04,Start of Month,15,Low,Odd,23,Low,Odd,43,High,Odd,45,High,Odd,56,High,Even,182,High,Even,7,Low,189,High,Odd
Wed,8,Feb,2,2012,2012-02-08,Start of Month,17,Low,Odd,28,Low,Even,38,High,Even,39,High,Odd,51,High,Odd,173,High,Odd,33,High,206,High,Even
Sat,11,Feb,2,2012,2012-02-11,Start of Month,1,Low,Odd,10,Low,Even,37,High,Odd,52,High,Even,57,High,Odd,157,Low,Odd,11,Low,168,Low,Even
Wed,15,Feb,2,2012,2012-02-15,Start of Month,11,Low,Odd,12,Low,Even,32,Low,Even,52,High,Even,56,High,Even,163,Low,Odd,11,Low,174,Low,Even
Sat,18,Feb,2,2012,2012-02-18,End of Month,23,Low,Odd,28,Low,Even,50,High,Even,56,High,Even,59,High,Odd,216,High,Even,5,Low,221,High,Odd
Wed,22,Feb,2,2012,2012-02-22,End of Month,7,Low,Odd,16,Low,Even,17,Low,Odd,39,High,Odd,51,High,Odd,130,Low,Even,32,High,162,Low,Even
Sat,25,Feb,2,2012,2012-02-25,End of Month,6,Low,Even,11,Low,Odd,42,High,Even,53,High,Odd,54,High,Even,166,Low,Even,7,Low,173,Low,Odd
Wed,29,Feb,2,2012,2012-02-29,End of Month,1,Low,Odd,4,Low,Even,11,Low,Odd,23,Low,Odd,26,Low,Even,65,Low,Odd,14,High,79,Low,Odd
Sat,3,Mar,3,2012,2012-03-03,Start of Month,29,Low,Odd,30,Low,Even,45,High,Odd,47,High,Odd,49,High,Odd,200,High,Even,35,High,235,High,Odd
Wed,7,Mar,3,2012,2012-03-07,Start of Month,12,Low,Even,35,High,Odd,45,High,Odd,46,High,Even,47,High,Odd,185,High,Odd,12,Low,197,High,Odd
Sat,10,Mar,3,2012,2012-03-10,Start of Month,5,Low,Odd,14,Low,Even,17,Low,Odd,20,Low,Even,41,High,Odd,97,Low,Odd,5,Low,102,Low,Even
Wed,14,Mar,3,2012,2012-03-14,Start of Month,1,Low,Odd,8,Low,Even,41,High,Odd,46,High,Even,59,High,Odd,155,Low,Odd,24,High,179,Low,Odd
Sat,17,Mar,3,2012,2012-03-17,End of Month,11,Low,Odd,14,Low,Even,49,High,Odd,55,High,Odd,58,High,Even,187,High,Odd,30,High,217,High,Odd
Wed,21,Mar,3,2012,2012-03-21,End of Month,32,Low,Even,43,High,Odd,53,High,Odd,55,High,Odd,56,High,Even,239,High,Odd,6,Low,245,High,Odd
Sat,24,Mar,3,2012,2012-03-24,End of Month,1,Low,Odd,15,Low,Odd,35,High,Odd,37,High,Odd,47,High,Odd,135,Low,Odd,8,Low,143,Low,Odd
Wed,28,Mar,3,2012,2012-03-28,End of Month,11,Low,Odd,16,Low,Even,29,Low,Odd,50,High,Even,58,High,Even,164,Low,Even,33,High,197,High,Odd
Sat,31,Mar,3,2012,2012-03-31,End of Month,5,Low,Odd,14,Low,Even,36,High,Even,54,High,Even,58,High,Even,167,Low,Odd,27,High,194,High,Even
Wed,4,Apr,4,2012,2012-04-04,Start of Month,1,Low,Odd,24,Low,Even,33,Low,Odd,45,High,Odd,49,High,Odd,152,Low,Even,6,Low,158,Low,Even
Sat,7,Apr,4,2012,2012-04-07,Start of Month,5,Low,Odd,13,Low,Odd,17,Low,Odd,20,Low,Even,30,Low,Even,85,Low,Odd,18,High,103,Low,Odd
Wed,11,Apr,4,2012,2012-04-11,Start of Month,16,Low,Even,23,Low,Odd,42,High,Even,44,High,Even,47,High,Odd,172,Low,Even,2,Low,174,Low,Even
Sat,14,Apr,4,2012,2012-04-14,Start of Month,14,Low,Even,15,Low,Odd,16,Low,Even,19,Low,Odd,24,Low,Even,88,Low,Even,2,Low,90,Low,Even
Wed,18,Apr,4,2012,2012-04-18,End of Month,20,Low,Even,22,Low,Even,39,High,Odd,46,High,Even,49,High,Odd,176,High,Even,29,High,205,High,Odd
Sat,21,Apr,4,2012,2012-04-21,End of Month,6,Low,Even,8,Low,Even,20,Low,Even,42,High,Even,51,High,Odd,127,Low,Odd,16,High,143,Low,Odd
Wed,25,Apr,4,2012,2012-04-25,End of Month,4,Low,Even,25,Low,Odd,29,Low,Odd,34,Low,Even,43,High,Odd,135,Low,Odd,29,High,164,Low,Even
Sat,28,Apr,4,2012,2012-04-28,End of Month,31,Low,Odd,39,High,Odd,40,High,Even,57,High,Odd,58,High,Even,225,High,Odd,33,High,258,High,Even
Wed,2,May,5,2012,2012-05-02,Start of Month,7,Low,Odd,8,Low,Even,33,Low,Odd,38,High,Even,50,High,Even,136,Low,Even,29,High,165,Low,Odd
Sat,5,May,5,2012,2012-05-05,Start of Month,9,Low,Odd,12,Low,Even,20,Low,Even,44,High,Even,59,High,Odd,144,Low,Even,23,High,167,Low,Odd
Wed,9,May,5,2012,2012-05-09,Start of Month,1,Low,Odd,7,Low,Odd,11,Low,Odd,55,High,Odd,56,High,Even,130,Low,Even,1,Low,131,Low,Odd
Sat,12,May,5,2012,2012-05-12,Start of Month,10,Low,Even,24,Low,Even,35,High,Odd,53,High,Odd,58,High,Even,180,High,Even,22,High,202,High,Even
Wed,16,May,5,2012,2012-05-16,End of Month,3,Low,Odd,7,Low,Odd,21,Low,Odd,28,Low,Even,43,High,Odd,102,Low,Even,2,Low,104,Low,Even
Sat,19,May,5,2012,2012-05-19,End of Month,8,Low,Even,13,Low,Odd,35,High,Odd,46,High,Even,51,High,Odd,153,Low,Odd,30,High,183,Low,Odd
Wed,23,May,5,2012,2012-05-23,End of Month,4,Low,Even,7,Low,Odd,26,Low,Even,53,High,Odd,59,High,Odd,149,Low,Odd,32,High,181,Low,Odd
Sat,26,May,5,2012,2012-05-26,End of Month,13,Low,Odd,14,Low,Even,41,High,Odd,49,High,Odd,59,High,Odd,176,High,Even,14,High,190,High,Even
Wed,30,May,5,2012,2012-05-30,End of Month,9,Low,Odd,10,Low,Even,24,Low,Even,52,High,Even,56,High,Even,151,Low,Odd,14,High,165,Low,Odd
Sat,2,Jun,6,2012,2012-06-02,Start of Month,9,Low,Odd,10,Low,Even,17,Low,Odd,29,Low,Odd,45,High,Odd,110,Low,Even,33,High,143,Low,Odd
Wed,6,Jun,6,2012,2012-06-06,Start of Month,19,Low,Odd,30,Low,Even,33,Low,Odd,48,High,Even,59,High,Odd,189,High,Odd,27,High,216,High,Even
Sat,9,Jun,6,2012,2012-06-09,Start of Month,18,Low,Even,22,Low,Even,45,High,Odd,56,High,Even,57,High,Odd,198,High,Even,27,High,225,High,Odd
Wed,13,Jun,6,2012,2012-06-13,Start of Month,7,Low,Odd,10,Low,Even,14,Low,Even,33,Low,Odd,57,High,Odd,121,Low,Odd,18,High,139,Low,Odd
Sat,16,Jun,6,2012,2012-06-16,End of Month,8,Low,Even,14,Low,Even,15,Low,Odd,16,Low,Even,27,Low,Odd,80,Low,Even,26,High,106,Low,Even
Wed,20,Jun,6,2012,2012-06-20,End of Month,11,Low,Odd,17,Low,Odd,29,Low,Odd,56,High,Even,57,High,Odd,170,Low,Even,14,High,184,Low,Even
Sat,23,Jun,6,2012,2012-06-23,End of Month,1,Low,Odd,3,Low,Odd,41,High,Odd,44,High,Even,53,High,Odd,142,Low,Even,30,High,172,Low,Even
Wed,27,Jun,6,2012,2012-06-27,End of Month,6,Low,Even,34,Low,Even,40,High,Even,46,High,Even,58,High,Even,184,High,Even,6,Low,190,High,Even
Sat,30,Jun,6,2012,2012-06-30,End of Month,7,Low,Odd,15,Low,Odd,20,Low,Even,41,High,Odd,44,High,Even,127,Low,Odd,22,High,149,Low,Odd
Wed,4,Jul,7,2012,2012-07-04,Start of Month,14,Low,Even,19,Low,Odd,35,High,Odd,39,High,Odd,56,High,Even,163,Low,Odd,33,High,196,High,Even
Sat,7,Jul,7,2012,2012-07-07,Start of Month,3,Low,Odd,5,Low,Odd,29,Low,Odd,39,High,Odd,59,High,Odd,135,Low,Odd,29,High,164,Low,Even
Wed,11,Jul,7,2012,2012-07-11,Start of Month,5,Low,Odd,22,Low,Even,36,High,Even,49,High,Odd,55,High,Odd,167,Low,Odd,23,High,190,High,Even
Sat,14,Jul,7,2012,2012-07-14,Start of Month,4,Low,Even,16,Low,Even,32,Low,Even,37,High,Odd,46,High,Even,135,Low,Odd,13,Low,148,Low,Even
Wed,18,Jul,7,2012,2012-07-18,End of Month,2,Low,Even,5,Low,Odd,20,Low,Even,23,Low,Odd,57,High,Odd,107,Low,Odd,3,Low,110,Low,Even
Sat,21,Jul,7,2012,2012-07-21,End of Month,9,Low,Odd,31,Low,Odd,38,High,Even,54,High,Even,56,High,Even,188,High,Even,20,High,208,High,Even
Wed,25,Jul,7,2012,2012-07-25,End of Month,3,Low,Odd,14,Low,Even,35,High,Odd,38,High,Even,46,High,Even,136,Low,Even,16,High,152,Low,Even
Sat,28,Jul,7,2012,2012-07-28,End of Month,5,Low,Odd,6,Low,Even,13,Low,Odd,36,High,Even,50,High,Even,110,Low,Even,13,Low,123,Low,Odd
Wed,1,Aug,8,2012,2012-08-01,Start of Month,3,Low,Odd,16,Low,Even,48,High,Even,56,High,Even,58,High,Even,181,High,Odd,4,Low,185,Low,Odd
Sat,4,Aug,8,2012,2012-08-04,Start of Month,19,Low,Odd,30,Low,Even,48,High,Even,53,High,Odd,55,High,Odd,205,High,Odd,18,High,223,High,Odd
Wed,8,Aug,8,2012,2012-08-08,Start of Month,3,Low,Odd,7,Low,Odd,11,Low,Odd,15,Low,Odd,28,Low,Even,64,Low,Even,12,Low,76,Low,Even
Sat,11,Aug,8,2012,2012-08-11,Start of Month,4,Low,Even,13,Low,Odd,39,High,Odd,46,High,Even,51,High,Odd,153,Low,Odd,1,Low,154,Low,Even
Wed,15,Aug,8,2012,2012-08-15,Start of Month,6,Low,Even,27,Low,Odd,46,High,Even,51,High,Odd,56,High,Even,186,High,Even,21,High,207,High,Odd
Sat,18,Aug,8,2012,2012-08-18,End of Month,14,Low,Even,26,Low,Even,41,High,Odd,55,High,Odd,59,High,Odd,195,High,Odd,1,Low,196,High,Even
Wed,22,Aug,8,2012,2012-08-22,End of Month,22,Low,Even,29,Low,Odd,31,Low,Odd,47,High,Odd,55,High,Odd,184,High,Even,19,High,203,High,Odd
Sat,25,Aug,8,2012,2012-08-25,End of Month,1,Low,Odd,6,Low,Even,7,Low,Odd,20,Low,Even,49,High,Odd,83,Low,Odd,23,High,106,Low,Even
Wed,29,Aug,8,2012,2012-08-29,End of Month,25,Low,Odd,28,Low,Even,49,High,Odd,54,High,Even,56,High,Even,212,High,Even,28,High,240,High,Even
Sat,1,Sep,9,2012,2012-09-01,Start of Month,8,Low,Even,11,Low,Odd,21,Low,Odd,44,High,Even,49,High,Odd,133,Low,Odd,22,High,155,Low,Odd
Wed,5,Sep,9,2012,2012-09-05,Start of Month,4,Low,Even,19,Low,Odd,26,Low,Even,42,High,Even,51,High,Odd,142,Low,Even,29,High,171,Low,Odd
Sat,8,Sep,9,2012,2012-09-08,Start of Month,6,Low,Even,20,Low,Even,34,Low,Even,44,High,Even,48,High,Even,152,Low,Even,29,High,181,Low,Odd
Wed,12,Sep,9,2012,2012-09-12,Start of Month,24,Low,Even,33,Low,Odd,36,High,Even,48,High,Even,56,High,Even,197,High,Odd,6,Low,203,High,Odd
Sat,15,Sep,9,2012,2012-09-15,Start of Month,3,Low,Odd,20,Low,Even,26,Low,Even,43,High,Odd,48,High,Even,140,Low,Even,1,Low,141,Low,Odd
Wed,19,Sep,9,2012,2012-09-19,End of Month,1,Low,Odd,5,Low,Odd,8,Low,Even,39,High,Odd,50,High,Even,103,Low,Odd,23,High,126,Low,Even
Sat,22,Sep,9,2012,2012-09-22,End of Month,2,Low,Even,16,Low,Even,18,Low,Even,40,High,Even,42,High,Even,118,Low,Even,33,High,151,Low,Odd
Wed,26,Sep,9,2012,2012-09-26,End of Month,13,Low,Odd,26,Low,Even,39,High,Odd,41,High,Odd,42,High,Even,161,Low,Odd,10,Low,171,Low,Odd
Sat,29,Sep,9,2012,2012-09-29,End of Month,14,Low,Even,18,Low,Even,28,Low,Even,29,Low,Odd,57,High,Odd,146,Low,Even,8,Low,154,Low,Even
Wed,3,Oct,10,2012,2012-10-03,Start of Month,17,Low,Odd,23,Low,Odd,36,High,Even,55,High,Odd,59,High,Odd,190,High,Even,10,Low,200,High,Even
Sat,6,Oct,10,2012,2012-10-06,Start of Month,15,Low,Odd,26,Low,Even,34,Low,Even,36,High,Even,59,High,Odd,170,Low,Even,35,High,205,High,Odd
Wed,10,Oct,10,2012,2012-10-10,Start of Month,18,Low,Even,26,Low,Even,29,Low,Odd,35,High,Odd,43,High,Odd,151,Low,Odd,28,High,179,Low,Odd
Sat,13,Oct,10,2012,2012-10-13,Start of Month,2,Low,Even,5,Low,Odd,25,Low,Odd,26,Low,Even,49,High,Odd,107,Low,Odd,18,High,125,Low,Odd
Wed,17,Oct,10,2012,2012-10-17,End of Month,1,Low,Odd,7,Low,Odd,10,Low,Even,23,Low,Odd,42,High,Even,83,Low,Odd,35,High,118,Low,Even
Sat,20,Oct,10,2012,2012-10-20,End of Month,4,Low,Even,21,Low,Odd,28,Low,Even,31,Low,Odd,44,High,Even,128,Low,Even,10,Low,138,Low,Even
Wed,24,Oct,10,2012,2012-10-24,End of Month,3,Low,Odd,18,Low,Even,21,Low,Odd,23,Low,Odd,50,High,Even,115,Low,Odd,4,Low,119,Low,Odd
Sat,27,Oct,10,2012,2012-10-27,End of Month,22,Low,Even,32,Low,Even,34,Low,Even,36,High,Even,56,High,Even,180,High,Even,33,High,213,High,Odd
Wed,31,Oct,10,2012,2012-10-31,End of Month,1,Low,Odd,27,Low,Odd,31,Low,Odd,45,High,Odd,48,High,Even,152,Low,Even,5,Low,157,Low,Odd
Sat,3,Nov,11,2012,2012-11-03,Start of Month,4,Low,Even,7,Low,Odd,9,Low,Odd,30,Low,Even,54,High,Even,104,Low,Even,25,High,129,Low,Odd
Wed,7,Nov,11,2012,2012-11-07,Start of Month,32,Low,Even,34,Low,Even,45,High,Odd,52,High,Even,58,High,Even,221,High,Odd,20,High,241,High,Odd
Sat,10,Nov,11,2012,2012-11-10,Start of Month,32,Low,Even,42,High,Even,50,High,Even,54,High,Even,55,High,Odd,233,High,Odd,32,High,265,High,Odd
Wed,14,Nov,11,2012,2012-11-14,Start of Month,8,Low,Even,10,Low,Even,30,Low,Even,44,High,Even,58,High,Even,150,Low,Even,13,Low,163,Low,Odd
Sat,17,Nov,11,2012,2012-11-17,End of Month,3,Low,Odd,15,Low,Odd,27,Low,Odd,58,High,Even,59,High,Odd,162,Low,Even,20,High,182,Low,Even
Wed,21,Nov,11,2012,2012-11-21,End of Month,8,Low,Even,18,Low,Even,24,Low,Even,30,Low,Even,39,High,Odd,119,Low,Odd,26,High,145,Low,Odd
Sat,24,Nov,11,2012,2012-11-24,End of Month,22,Low,Even,32,Low,Even,37,High,Odd,44,High,Even,50,High,Even,185,High,Odd,34,High,219,High,Odd
Wed,28,Nov,11,2012,2012-11-28,End of Month,5,Low,Odd,16,Low,Even,22,Low,Even,23,Low,Odd,29,Low,Odd,95,Low,Odd,6,Low,101,Low,Odd
Sat,1,Dec,12,2012,2012-12-01,Start of Month,3,Low,Odd,10,Low,Even,19,Low,Odd,36,High,Even,46,High,Even,114,Low,Even,3,Low,117,Low,Odd
Wed,5,Dec,12,2012,2012-12-05,Start of Month,13,Low,Odd,17,Low,Odd,19,Low,Odd,27,Low,Odd,38,High,Even,114,Low,Even,12,Low,126,Low,Even
Sat,8,Dec,12,2012,2012-12-08,Start of Month,7,Low,Odd,23,Low,Odd,26,Low,Even,40,High,Even,53,High,Odd,149,Low,Odd,21,High,170,Low,Even
Wed,12,Dec,12,2012,2012-12-12,Start of Month,8,Low,Even,10,Low,Even,25,Low,Odd,36,High,Even,44,High,Even,123,Low,Odd,28,High,151,Low,Odd
Sat,15,Dec,12,2012,2012-12-15,Start of Month,15,Low,Odd,23,Low,Odd,40,High,Even,44,High,Even,55,High,Odd,177,High,Odd,14,High,191,High,Odd
Wed,19,Dec,12,2012,2012-12-19,End of Month,5,Low,Odd,8,Low,Even,20,Low,Even,23,Low,Odd,30,Low,Even,86,Low,Even,3,Low,89,Low,Odd
Sat,22,Dec,12,2012,2012-12-22,End of Month,1,Low,Odd,18,Low,Even,35,High,Odd,39,High,Odd,44,High,Even,137,Low,Odd,11,Low,148,Low,Even
Wed,26,Dec,12,2012,2012-12-26,End of Month,11,Low,Odd,13,Low,Odd,23,Low,Odd,43,High,Odd,54,High,Even,144,Low,Even,4,Low,148,Low,Even
Sat,29,Dec,12,2012,2012-12-29,End of Month,36,High,Even,46,High,Even,50,High,Even,52,High,Even,55,High,Odd,239,High,Odd,14,High,253,High,Odd
Wed,2,Jan,1,2013,2013-01-02,Start of Month,18,Low,Even,20,Low,Even,28,Low,Even,35,High,Odd,53,High,Odd,154,Low,Even,20,High,174,Low,Even
Sat,5,Jan,1,2013,2013-01-05,Start of Month,26,Low,Even,30,Low,Even,49,High,Odd,51,High,Odd,54,High,Even,210,High,Even,25,High,235,High,Odd
Wed,9,Jan,1,2013,2013-01-09,Start of Month,11,Low,Odd,13,Low,Odd,20,Low,Even,27,Low,Odd,59,High,Odd,130,Low,Even,26,High,156,Low,Even
Sat,12,Jan,1,2013,2013-01-12,Start of Month,10,Low,Even,14,Low,Even,21,Low,Odd,23,Low,Odd,47,High,Odd,115,Low,Odd,7,Low,122,Low,Even
Wed,16,Jan,1,2013,2013-01-16,End of Month,9,Low,Odd,21,Low,Odd,28,Low,Even,32,Low,Even,51,High,Odd,141,Low,Odd,35,High,176,Low,Even
Sat,19,Jan,1,2013,2013-01-19,End of Month,8,Low,Even,28,Low,Even,29,Low,Odd,34,Low,Even,38,High,Even,137,Low,Odd,35,High,172,Low,Even
Wed,23,Jan,1,2013,2013-01-23,End of Month,11,Low,Odd,12,Low,Even,24,Low,Even,43,High,Odd,45,High,Odd,135,Low,Odd,9,Low,144,Low,Even
Sat,26,Jan,1,2013,2013-01-26,End of Month,3,Low,Odd,22,Low,Even,26,Low,Even,41,High,Odd,49,High,Odd,141,Low,Odd,18,High,159,Low,Odd
Wed,30,Jan,1,2013,2013-01-30,End of Month,14,Low,Even,16,Low,Even,32,Low,Even,47,High,Odd,52,High,Even,161,Low,Odd,16,High,177,Low,Odd
Sat,2,Feb,2,2013,2013-02-02,Start of Month,11,Low,Odd,16,Low,Even,33,Low,Odd,40,High,Even,41,High,Odd,141,Low,Odd,34,High,175,Low,Odd
Wed,6,Feb,2,2013,2013-02-06,Start of Month,5,Low,Odd,27,Low,Odd,36,High,Even,38,High,Even,41,High,Odd,147,Low,Odd,12,Low,159,Low,Odd
Sat,9,Feb,2,2013,2013-02-09,Start of Month,5,Low,Odd,6,Low,Even,16,Low,Even,36,High,Even,58,High,Even,121,Low,Odd,3,Low,124,Low,Even
Wed,13,Feb,2,2013,2013-02-13,Start of Month,12,Low,Even,23,Low,Odd,25,Low,Odd,27,Low,Odd,43,High,Odd,130,Low,Even,29,High,159,Low,Odd
Sat,16,Feb,2,2013,2013-02-16,End of Month,15,Low,Odd,16,Low,Even,46,High,Even,50,High,Even,58,High,Even,185,High,Odd,29,High,214,High,Even
Wed,20,Feb,2,2013,2013-02-20,End of Month,3,Low,Odd,17,Low,Odd,19,Low,Odd,25,Low,Odd,32,Low,Even,96,Low,Even,17,High,113,Low,Odd
Sat,23,Feb,2,2013,2013-02-23,End of Month,2,Low,Even,5,Low,Odd,31,Low,Odd,39,High,Odd,41,High,Odd,118,Low,Even,29,High,147,Low,Odd
Wed,27,Feb,2,2013,2013-02-27,End of Month,3,Low,Odd,14,Low,Even,20,Low,Even,34,Low,Even,48,High,Even,119,Low,Odd,21,High,140,Low,Even
Sat,2,Mar,3,2013,2013-03-02,Start of Month,3,Low,Odd,8,Low,Even,13,Low,Odd,41,High,Odd,56,High,Even,121,Low,Odd,16,High,137,Low,Odd
Wed,6,Mar,3,2013,2013-03-06,Start of Month,6,Low,Even,10,Low,Even,23,Low,Odd,41,High,Odd,45,High,Odd,125,Low,Odd,1,Low,126,Low,Even
Sat,9,Mar,3,2013,2013-03-09,Start of Month,10,Low,Even,37,High,Odd,40,High,Even,46,High,Even,52,High,Even,185,High,Odd,12,Low,197,High,Odd
Wed,13,Mar,3,2013,2013-03-13,Start of Month,5,Low,Odd,9,Low,Odd,28,Low,Even,32,Low,Even,38,High,Even,112,Low,Even,29,High,141,Low,Odd
Sat,16,Mar,3,2013,2013-03-16,End of Month,3,Low,Odd,7,Low,Odd,21,Low,Odd,44,High,Even,53,High,Odd,128,Low,Even,16,High,144,Low,Even
Wed,20,Mar,3,2013,2013-03-20,End of Month,13,Low,Odd,14,Low,Even,17,Low,Odd,43,High,Odd,54,High,Even,141,Low,Odd,15,High,156,Low,Even
Sat,23,Mar,3,2013,2013-03-23,End of Month,17,Low,Odd,29,Low,Odd,31,Low,Odd,52,High,Even,53,High,Odd,182,High,Even,31,High,213,High,Odd
Wed,27,Mar,3,2013,2013-03-27,End of Month,7,Low,Odd,37,High,Odd,43,High,Odd,48,High,Even,52,High,Even,187,High,Odd,16,High,203,High,Odd
Sat,30,Mar,3,2013,2013-03-30,End of Month,11,Low,Odd,23,Low,Odd,26,Low,Even,46,High,Even,55,High,Odd,161,Low,Odd,27,High,188,High,Even
Wed,3,Apr,4,2013,2013-04-03,Start of Month,1,Low,Odd,6,Low,Even,8,Low,Even,12,Low,Even,35,High,Odd,62,Low,Even,3,Low,65,Low,Odd
Sat,6,Apr,4,2013,2013-04-06,Start of Month,4,Low,Even,7,Low,Odd,8,Low,Even,29,Low,Odd,39,High,Odd,87,Low,Odd,24,High,111,Low,Odd
Wed,10,Apr,4,2013,2013-04-10,Start of Month,1,Low,Odd,36,High,Even,40,High,Even,52,High,Even,53,High,Odd,182,High,Even,20,High,202,High,Even
Sat,13,Apr,4,2013,2013-04-13,Start of Month,10,Low,Even,12,Low,Even,31,Low,Odd,56,High,Even,57,High,Odd,166,Low,Even,33,High,199,High,Odd
Wed,17,Apr,4,2013,2013-04-17,End of Month,13,Low,Odd,18,Low,Even,36,High,Even,48,High,Even,58,High,Even,173,High,Odd,28,High,201,High,Odd
Sat,20,Apr,4,2013,2013-04-20,End of Month,6,Low,Even,8,Low,Even,30,Low,Even,39,High,Odd,48,High,Even,131,Low,Odd,20,High,151,Low,Odd
Wed,24,Apr,4,2013,2013-04-24,End of Month,9,Low,Odd,19,Low,Odd,31,Low,Odd,56,High,Even,59,High,Odd,174,High,Even,2,Low,176,Low,Even
Sat,27,Apr,4,2013,2013-04-27,End of Month,3,Low,Odd,23,Low,Odd,48,High,Even,54,High,Even,55,High,Odd,183,High,Odd,5,Low,188,High,Even
Wed,1,May,5,2013,2013-05-01,Start of Month,22,Low,Even,26,Low,Even,31,Low,Odd,54,High,Even,55,High,Odd,188,High,Even,18,High,206,High,Even
Sat,4,May,5,2013,2013-05-04,Start of Month,7,Low,Odd,12,Low,Even,26,Low,Even,36,High,Even,40,High,Even,121,Low,Odd,17,High,138,Low,Even
Wed,8,May,5,2013,2013-05-08,Start of Month,21,Low,Odd,22,Low,Even,26,Low,Even,30,Low,Even,57,High,Odd,156,Low,Even,27,High,183,Low,Odd
Sat,11,May,5,2013,2013-05-11,Start of Month,6,Low,Even,13,Low,Odd,19,Low,Odd,23,Low,Odd,43,High,Odd,104,Low,Even,16,High,120,Low,Even
Wed,15,May,5,2013,2013-05-15,Start of Month,2,Low,Even,11,Low,Odd,26,Low,Even,34,Low,Even,41,High,Odd,114,Low,Even,32,High,146,Low,Even
Sat,18,May,5,2013,2013-05-18,End of Month,10,Low,Even,13,Low,Odd,14,Low,Even,22,Low,Even,52,High,Even,111,Low,Odd,11,Low,122,Low,Even
Wed,22,May,5,2013,2013-05-22,End of Month,9,Low,Odd,31,Low,Odd,35,High,Odd,41,High,Odd,57,High,Odd,173,High,Odd,26,High,199,High,Odd
Sat,25,May,5,2013,2013-05-25,End of Month,2,Low,Even,6,Low,Even,19,Low,Odd,21,Low,Odd,27,Low,Odd,75,Low,Odd,25,High,100,Low,Even
Wed,29,May,5,2013,2013-05-29,End of Month,9,Low,Odd,14,Low,Even,17,Low,Odd,49,High,Odd,57,High,Odd,146,Low,Even,2,Low,148,Low,Even
Sat,1,Jun,6,2013,2013-06-01,Start of Month,22,Low,Even,28,Low,Even,33,Low,Odd,53,High,Odd,59,High,Odd,195,High,Odd,14,High,209,High,Odd
Wed,5,Jun,6,2013,2013-06-05,Start of Month,4,Low,Even,26,Low,Even,33,Low,Odd,36,High,Even,55,High,Odd,154,Low,Even,32,High,186,High,Even
Sat,8,Jun,6,2013,2013-06-08,Start of Month,2,Low,Even,11,Low,Odd,22,Low,Even,26,Low,Even,32,Low,Even,93,Low,Odd,19,High,112,Low,Even
Wed,12,Jun,6,2013,2013-06-12,Start of Month,16,Low,Even,22,Low,Even,23,Low,Odd,42,High,Even,55,High,Odd,158,Low,Even,32,High,190,High,Even
Sat,15,Jun,6,2013,2013-06-15,Start of Month,28,Low,Even,36,High,Even,40,High,Even,48,High,Even,55,High,Odd,207,High,Odd,1,Low,208,High,Even
Wed,19,Jun,6,2013,2013-06-19,End of Month,7,Low,Odd,46,High,Even,47,High,Odd,52,High,Even,57,High,Odd,209,High,Odd,17,High,226,High,Even
Sat,22,Jun,6,2013,2013-06-22,End of Month,13,Low,Odd,19,Low,Odd,23,Low,Odd,33,Low,Odd,57,High,Odd,145,Low,Odd,28,High,173,Low,Odd
Wed,26,Jun,6,2013,2013-06-26,End of Month,1,Low,Odd,18,Low,Even,33,Low,Odd,39,High,Odd,46,High,Even,137,Low,Odd,33,High,170,Low,Even
Sat,29,Jun,6,2013,2013-06-29,End of Month,8,Low,Even,28,Low,Even,30,Low,Even,53,High,Odd,56,High,Even,175,High,Odd,16,High,191,High,Odd
Wed,3,Jul,7,2013,2013-07-03,Start of Month,3,Low,Odd,6,Low,Even,29,Low,Odd,40,High,Even,51,High,Odd,129,Low,Odd,4,Low,133,Low,Odd
Sat,6,Jul,7,2013,2013-07-06,Start of Month,2,Low,Even,13,Low,Odd,35,High,Odd,36,High,Even,52,High,Even,138,Low,Even,11,Low,149,Low,Odd
Wed,10,Jul,7,2013,2013-07-10,Start of Month,30,Low,Even,31,Low,Odd,45,High,Odd,55,High,Odd,59,High,Odd,220,High,Even,27,High,247,High,Odd
Sat,13,Jul,7,2013,2013-07-13,Start of Month,2,Low,Even,8,Low,Even,22,Low,Even,35,High,Odd,37,High,Odd,104,Low,Even,6,Low,110,Low,Even
Wed,17,Jul,7,2013,2013-07-17,End of Month,1,Low,Odd,22,Low,Even,34,Low,Even,38,High,Even,42,High,Even,137,Low,Odd,17,High,154,Low,Even
Sat,20,Jul,7,2013,2013-07-20,End of Month,14,Low,Even,25,Low,Odd,27,Low,Odd,38,High,Even,58,High,Even,162,Low,Even,6,Low,168,Low,Even
Wed,24,Jul,7,2013,2013-07-24,End of Month,9,Low,Odd,29,Low,Odd,40,High,Even,44,High,Even,54,High,Even,176,High,Even,7,Low,183,Low,Odd
Sat,27,Jul,7,2013,2013-07-27,End of Month,9,Low,Odd,23,Low,Odd,40,High,Even,53,High,Odd,58,High,Even,183,High,Odd,6,Low,189,High,Odd
Wed,31,Jul,7,2013,2013-07-31,End of Month,8,Low,Even,24,Low,Even,39,High,Odd,49,High,Odd,59,High,Odd,179,High,Odd,5,Low,184,Low,Even
Sat,3,Aug,8,2013,2013-08-03,Start of Month,21,Low,Odd,24,Low,Even,36,High,Even,42,High,Even,45,High,Odd,168,Low,Even,15,High,183,Low,Odd
Wed,7,Aug,8,2013,2013-08-07,Start of Month,5,Low,Odd,25,Low,Odd,30,Low,Even,58,High,Even,59,High,Odd,177,High,Odd,32,High,209,High,Odd
Sat,10,Aug,8,2013,2013-08-10,Start of Month,4,Low,Even,12,Low,Even,14,Low,Even,37,High,Odd,58,High,Even,125,Low,Odd,13,Low,138,Low,Even
Wed,14,Aug,8,2013,2013-08-14,Start of Month,4,Low,Even,11,Low,Odd,17,Low,Odd,43,High,Odd,51,High,Odd,126,Low,Even,20,High,146,Low,Even
Sat,17,Aug,8,2013,2013-08-17,End of Month,18,Low,Even,21,Low,Odd,46,High,Even,54,High,Even,56,High,Even,195,High,Odd,23,High,218,High,Even
Wed,21,Aug,8,2013,2013-08-21,End of Month,30,Low,Even,40,High,Even,42,High,Even,46,High,Even,48,High,Even,206,High,Even,23,High,229,High,Odd
Sat,24,Aug,8,2013,2013-08-24,End of Month,12,Low,Even,17,Low,Odd,25,Low,Odd,45,High,Odd,59,High,Odd,158,Low,Even,19,High,177,Low,Odd
Wed,28,Aug,8,2013,2013-08-28,End of Month,6,Low,Even,7,Low,Odd,9,Low,Odd,19,Low,Odd,32,Low,Even,73,Low,Odd,13,Low,86,Low,Even
Sat,31,Aug,8,2013,2013-08-31,End of Month,2,Low,Even,7,Low,Odd,25,Low,Odd,40,High,Even,56,High,Even,130,Low,Even,20,High,150,Low,Even
Wed,4,Sep,9,2013,2013-09-04,Start of Month,2,Low,Even,9,Low,Odd,26,Low,Even,45,High,Odd,47,High,Odd,129,Low,Odd,11,Low,140,Low,Even
Sat,7,Sep,9,2013,2013-09-07,Start of Month,2,Low,Even,19,Low,Odd,22,Low,Even,26,Low,Even,45,High,Odd,114,Low,Even,24,High,138,Low,Even
Wed,11,Sep,9,2013,2013-09-11,Start of Month,11,Low,Odd,19,Low,Odd,33,Low,Odd,42,High,Even,52,High,Even,157,Low,Odd,33,High,190,High,Even
Sat,14,Sep,9,2013,2013-09-14,Start of Month,1,Low,Odd,17,Low,Odd,25,Low,Odd,37,High,Odd,44,High,Even,124,Low,Even,20,High,144,Low,Even
Wed,18,Sep,9,2013,2013-09-18,End of Month,7,Low,Odd,10,Low,Even,22,Low,Even,32,Low,Even,35,High,Odd,106,Low,Even,19,High,125,Low,Odd
Sat,21,Sep,9,2013,2013-09-21,End of Month,12,Low,Even,17,Low,Odd,45,High,Odd,54,High,Even,58,High,Even,186,High,Even,13,Low,199,High,Odd
Wed,25,Sep,9,2013,2013-09-25,End of Month,2,Low,Even,7,Low,Odd,17,Low,Odd,49,High,Odd,53,High,Odd,128,Low,Even,23,High,151,Low,Odd
Sat,28,Sep,9,2013,2013-09-28,End of Month,14,Low,Even,47,High,Odd,52,High,Even,53,High,Odd,54,High,Even,220,High,Even,5,Low,225,High,Odd
Wed,2,Oct,10,2013,2013-10-02,Start of Month,4,Low,Even,6,Low,Even,25,Low,Odd,42,High,Even,51,High,Odd,128,Low,Even,17,High,145,Low,Odd
Sat,5,Oct,10,2013,2013-10-05,Start of Month,11,Low,Odd,12,Low,Even,17,Low,Odd,39,High,Odd,40,High,Even,119,Low,Odd,5,Low,124,Low,Even
Wed,9,Oct,10,2013,2013-10-09,Start of Month,3,Low,Odd,9,Low,Odd,19,Low,Odd,33,Low,Odd,38,High,Even,102,Low,Even,18,High,120,Low,Even
Sat,12,Oct,10,2013,2013-10-12,Start of Month,8,Low,Even,10,Low,Even,26,Low,Even,57,High,Odd,58,High,Even,159,Low,Odd,4,Low,163,Low,Odd
Wed,16,Oct,10,2013,2013-10-16,End of Month,3,Low,Odd,26,Low,Even,28,Low,Even,34,Low,Even,42,High,Even,133,Low,Odd,28,High,161,Low,Odd
Sat,19,Oct,10,2013,2013-10-19,End of Month,9,Low,Odd,33,Low,Odd,54,High,Even,56,High,Even,57,High,Odd,209,High,Odd,5,Low,214,High,Even
Wed,23,Oct,10,2013,2013-10-23,End of Month,3,Low,Odd,23,Low,Odd,31,Low,Odd,34,Low,Even,47,High,Odd,138,Low,Even,13,Low,151,Low,Odd
Sat,26,Oct,10,2013,2013-10-26,End of Month,4,Low,Even,6,Low,Even,34,Low,Even,49,High,Odd,56,High,Even,149,Low,Odd,29,High,178,Low,Even
Wed,30,Oct,10,2013,2013-10-30,End of Month,2,Low,Even,36,High,Even,40,High,Even,49,High,Odd,54,High,Even,181,High,Odd,10,Low,191,High,Odd
Sat,2,Nov,11,2013,2013-11-02,Start of Month,13,Low,Odd,23,Low,Odd,24,Low,Even,27,Low,Odd,40,High,Even,127,Low,Odd,17,High,144,Low,Even
Wed,6,Nov,11,2013,2013-11-06,Start of Month,1,Low,Odd,5,Low,Odd,10,Low,Even,15,Low,Odd,49,High,Odd,80,Low,Even,22,High,102,Low,Even
Sat,9,Nov,11,2013,2013-11-09,Start of Month,3,Low,Odd,9,Low,Odd,37,High,Odd,49,High,Odd,56,High,Even,154,Low,Even,32,High,186,High,Even
Wed,13,Nov,11,2013,2013-11-13,Start of Month,5,Low,Odd,31,Low,Odd,50,High,Even,55,High,Odd,56,High,Even,197,High,Odd,9,Low,206,High,Even
Sat,16,Nov,11,2013,2013-11-16,End of Month,10,Low,Even,29,Low,Odd,37,High,Odd,44,High,Even,59,High,Odd,179,High,Odd,10,Low,189,High,Odd
Wed,20,Nov,11,2013,2013-11-20,End of Month,4,Low,Even,18,Low,Even,23,Low,Odd,32,Low,Even,45,High,Odd,122,Low,Even,7,Low,129,Low,Odd
Sat,23,Nov,11,2013,2013-11-23,End of Month,5,Low,Odd,12,Low,Even,43,High,Odd,52,High,Even,55,High,Odd,167,Low,Odd,10,Low,177,Low,Odd
Wed,27,Nov,11,2013,2013-11-27,End of Month,18,Low,Even,25,Low,Odd,50,High,Even,55,High,Odd,57,High,Odd,205,High,Odd,17,High,222,High,Even
Sat,30,Nov,11,2013,2013-11-30,End of Month,5,Low,Odd,26,Low,Even,44,High,Even,45,High,Odd,57,High,Odd,177,High,Odd,29,High,206,High,Even
Wed,4,Dec,12,2013,2013-12-04,Start of Month,6,Low,Even,9,Low,Odd,11,Low,Odd,31,Low,Odd,44,High,Even,101,Low,Odd,25,High,126,Low,Even
Sat,7,Dec,12,2013,2013-12-07,Start of Month,13,Low,Odd,20,Low,Even,32,Low,Even,45,High,Odd,48,High,Even,158,Low,Even,17,High,175,Low,Odd
Wed,11,Dec,12,2013,2013-12-11,Start of Month,1,Low,Odd,10,Low,Even,13,Low,Odd,18,Low,Even,19,Low,Odd,61,Low,Odd,27,High,88,Low,Even
Sat,14,Dec,12,2013,2013-12-14,Start of Month,14,Low,Even,25,Low,Odd,32,Low,Even,33,Low,Odd,41,High,Odd,145,Low,Odd,34,High,179,Low,Odd
Wed,18,Dec,12,2013,2013-12-18,End of Month,7,Low,Odd,24,Low,Even,37,High,Odd,39,High,Odd,40,High,Even,147,Low,Odd,1,Low,148,Low,Even
Sat,21,Dec,12,2013,2013-12-21,End of Month,25,Low,Odd,36,High,Even,40,High,Even,45,High,Odd,51,High,Odd,197,High,Odd,8,Low,205,High,Odd
Wed,25,Dec,12,2013,2013-12-25,End of Month,23,Low,Odd,28,Low,Even,38,High,Even,39,High,Odd,56,High,Even,184,High,Even,32,High,216,High,Even
Sat,28,Dec,12,2013,2013-12-28,End of Month,8,Low,Even,35,High,Odd,44,High,Even,51,High,Odd,56,High,Even,194,High,Even,18,High,212,High,Even
Wed,1,Jan,1,2014,2014-01-01,Start of Month,15,Low,Odd,24,Low,Even,40,High,Even,48,High,Even,52,High,Even,179,High,Odd,23,High,202,High,Even
Sat,4,Jan,1,2014,2014-01-04,Start of Month,19,Low,Odd,20,Low,Even,37,High,Odd,41,High,Odd,58,High,Even,175,High,Odd,14,High,189,High,Odd
Wed,8,Jan,1,2014,2014-01-08,Start of Month,10,Low,Even,28,Low,Even,39,High,Odd,47,High,Odd,58,High,Even,182,High,Even,22,High,204,High,Even
Sat,11,Jan,1,2014,2014-01-11,Start of Month,10,Low,Even,15,Low,Odd,33,Low,Odd,48,High,Even,54,High,Even,160,Low,Even,34,High,194,High,Even
Wed,15,Jan,1,2014,2014-01-15,Start of Month,7,Low,Odd,8,Low,Even,9,Low,Odd,24,Low,Even,29,Low,Odd,77,Low,Odd,25,High,102,Low,Even
Sat,18,Jan,1,2014,2014-01-18,End of Month,13,Low,Odd,14,Low,Even,19,Low,Odd,31,Low,Odd,38,High,Even,115,Low,Odd,25,High,140,Low,Even
Wed,22,Jan,1,2014,2014-01-22,End of Month,1,Low,Odd,2,Low,Even,7,Low,Odd,9,Low,Odd,55,High,Odd,74,Low,Even,29,High,103,Low,Odd
Sat,25,Jan,1,2014,2014-01-25,End of Month,8,Low,Even,12,Low,Even,18,Low,Even,55,High,Odd,57,High,Odd,150,Low,Even,2,Low,152,Low,Even
Wed,29,Jan,1,2014,2014-01-29,End of Month,11,Low,Odd,23,Low,Odd,28,Low,Even,32,Low,Even,47,High,Odd,141,Low,Odd,20,High,161,Low,Odd
Sat,1,Feb,2,2014,2014-02-01,Start of Month,5,Low,Odd,12,Low,Even,15,Low,Odd,27,Low,Odd,38,High,Even,97,Low,Odd,7,Low,104,Low,Even
Wed,5,Feb,2,2014,2014-02-05,Start of Month,8,Low,Even,17,Low,Odd,32,Low,Even,57,High,Odd,59,High,Odd,173,High,Odd,24,High,197,High,Odd
Sat,8,Feb,2,2014,2014-02-08,Start of Month,24,Low,Even,25,Low,Odd,34,Low,Even,37,High,Odd,54,High,Even,174,High,Even,29,High,203,High,Odd
Wed,12,Feb,2,2014,2014-02-12,Start of Month,36,High,Even,44,High,Even,49,High,Odd,52,High,Even,57,High,Odd,238,High,Even,1,Low,239,High,Odd
Sat,15,Feb,2,2014,2014-02-15,Start of Month,2,Low,Even,9,Low,Odd,14,Low,Even,21,Low,Odd,23,Low,Odd,69,Low,Odd,3,Low,72,Low,Even
Wed,19,Feb,2,2014,2014-02-19,End of Month,1,Low,Odd,17,Low,Odd,35,High,Odd,49,High,Odd,54,High,Even,156,Low,Even,34,High,190,High,Even
Sat,22,Feb,2,2014,2014-02-22,End of Month,2,Low,Even,3,Low,Odd,13,Low,Odd,14,Low,Even,54,High,Even,86,Low,Even,4,Low,90,Low,Even
Wed,26,Feb,2,2014,2014-02-26,End of Month,11,Low,Odd,12,Low,Even,17,Low,Odd,38,High,Even,42,High,Even,120,Low,Even,2,Low,122,Low,Even
Sat,1,Mar,3,2014,2014-03-01,Start of Month,3,Low,Odd,8,Low,Even,25,Low,Odd,30,Low,Even,47,High,Odd,113,Low,Odd,13,Low,126,Low,Even
Wed,5,Mar,3,2014,2014-03-05,Start of Month,3,Low,Odd,7,Low,Odd,9,Low,Odd,26,Low,Even,54,High,Even,99,Low,Odd,19,High,118,Low,Even
Sat,8,Mar,3,2014,2014-03-08,Start of Month,10,Low,Even,14,Low,Even,24,Low,Even,32,Low,Even,41,High,Odd,121,Low,Odd,30,High,151,Low,Odd
Wed,12,Mar,3,2014,2014-03-12,Start of Month,14,Low,Even,15,Low,Odd,28,Low,Even,37,High,Odd,54,High,Even,148,Low,Even,10,Low,158,Low,Even
Sat,15,Mar,3,2014,2014-03-15,Start of Month,2,Low,Even,5,Low,Odd,34,Low,Even,51,High,Odd,58,High,Even,150,Low,Even,9,Low,159,Low,Odd
Wed,19,Mar,3,2014,2014-03-19,End of Month,2,Low,Even,19,Low,Odd,23,Low,Odd,34,Low,Even,43,High,Odd,121,Low,Odd,14,High,135,Low,Odd
Sat,22,Mar,3,2014,2014-03-22,End of Month,13,Low,Odd,28,Low,Even,31,Low,Odd,55,High,Odd,58,High,Even,185,High,Odd,15,High,200,High,Even
Wed,26,Mar,3,2014,2014-03-26,End of Month,28,Low,Even,33,Low,Odd,41,High,Odd,44,High,Even,59,High,Odd,205,High,Odd,21,High,226,High,Even
Sat,29,Mar,3,2014,2014-03-29,End of Month,2,Low,Even,3,Low,Odd,12,Low,Even,27,Low,Odd,38,High,Even,82,Low,Even,17,High,99,Low,Odd
Wed,2,Apr,4,2014,2014-04-02,Start of Month,8,Low,Even,13,Low,Odd,19,Low,Odd,22,Low,Even,53,High,Odd,115,Low,Odd,24,High,139,Low,Odd
Sat,5,Apr,4,2014,2014-04-05,Start of Month,11,Low,Odd,21,Low,Odd,26,Low,Even,33,Low,Odd,34,Low,Even,125,Low,Odd,29,High,154,Low,Even
Wed,9,Apr,4,2014,2014-04-09,Start of Month,9,Low,Odd,14,Low,Even,44,High,Even,48,High,Even,49,High,Odd,164,Low,Even,29,High,193,High,Odd
Sat,12,Apr,4,2014,2014-04-12,Start of Month,14,Low,Even,26,Low,Even,45,High,Odd,54,High,Even,55,High,Odd,194,High,Even,20,High,214,High,Even
Wed,16,Apr,4,2014,2014-04-16,End of Month,34,Low,Even,39,High,Odd,42,High,Even,44,High,Even,59,High,Odd,218,High,Even,8,Low,226,High,Even
Sat,19,Apr,4,2014,2014-04-19,End of Month,5,Low,Odd,6,Low,Even,29,Low,Odd,35,High,Odd,51,High,Odd,126,Low,Even,21,High,147,Low,Odd
Wed,23,Apr,4,2014,2014-04-23,End of Month,19,Low,Odd,25,Low,Odd,29,Low,Odd,36,High,Even,48,High,Even,157,Low,Odd,12,Low,169,Low,Odd
Sat,26,Apr,4,2014,2014-04-26,End of Month,3,Low,Odd,7,Low,Odd,22,Low,Even,30,Low,Even,33,Low,Odd,95,Low,Odd,20,High,115,Low,Odd
Wed,30,Apr,4,2014,2014-04-30,End of Month,2,Low,Even,9,Low,Odd,11,Low,Odd,19,Low,Odd,50,High,Even,91,Low,Odd,32,High,123,Low,Odd
Sat,3,May,5,2014,2014-05-03,Start of Month,5,Low,Odd,15,Low,Odd,16,Low,Even,46,High,Even,49,High,Odd,131,Low,Odd,26,High,157,Low,Odd
Wed,7,May,5,2014,2014-05-07,Start of Month,17,Low,Odd,29,Low,Odd,31,Low,Odd,48,High,Even,49,High,Odd,174,High,Even,34,High,208,High,Even
Sat,10,May,5,2014,2014-05-10,Start of Month,4,Low,Even,31,Low,Odd,41,High,Odd,47,High,Odd,55,High,Odd,178,High,Even,1,Low,179,Low,Odd
Wed,14,May,5,2014,2014-05-14,Start of Month,7,Low,Odd,33,Low,Odd,39,High,Odd,52,High,Even,55,High,Odd,186,High,Even,33,High,219,High,Odd
Sat,17,May,5,2014,2014-05-17,End of Month,23,Low,Odd,32,Low,Even,39,High,Odd,47,High,Odd,49,High,Odd,190,High,Even,22,High,212,High,Even
Wed,21,May,5,2014,2014-05-21,End of Month,4,Low,Even,20,Low,Even,34,Low,Even,39,High,Odd,58,High,Even,155,Low,Odd,31,High,186,High,Even
Sat,24,May,5,2014,2014-05-24,End of Month,15,Low,Odd,16,Low,Even,28,Low,Even,49,High,Odd,55,High,Odd,163,Low,Odd,18,High,181,Low,Odd
Wed,28,May,5,2014,2014-05-28,End of Month,2,Low,Even,24,Low,Even,28,Low,Even,32,Low,Even,59,High,Odd,145,Low,Odd,25,High,170,Low,Even
Sat,31,May,5,2014,2014-05-31,End of Month,15,Low,Odd,27,Low,Odd,31,Low,Odd,34,Low,Even,48,High,Even,155,Low,Odd,1,Low,156,Low,Even
Wed,4,Jun,6,2014,2014-06-04,Start of Month,1,Low,Odd,7,Low,Odd,10,Low,Even,22,Low,Even,49,High,Odd,89,Low,Odd,24,High,113,Low,Odd
Sat,7,Jun,6,2014,2014-06-07,Start of Month,28,Low,Even,30,Low,Even,35,High,Odd,58,High,Even,59,High,Odd,210,High,Even,15,High,225,High,Odd
Wed,11,Jun,6,2014,2014-06-11,Start of Month,14,Low,Even,18,Low,Even,25,Low,Odd,33,Low,Odd,49,High,Odd,139,Low,Odd,23,High,162,Low,Even
Sat,14,Jun,6,2014,2014-06-14,Start of Month,9,Low,Odd,33,Low,Odd,42,High,Even,45,High,Odd,54,High,Even,183,High,Odd,30,High,213,High,Odd
Wed,18,Jun,6,2014,2014-06-18,End of Month,6,Low,Even,9,Low,Odd,29,Low,Odd,52,High,Even,59,High,Odd,155,Low,Odd,7,Low,162,Low,Even
Sat,21,Jun,6,2014,2014-06-21,End of Month,5,Low,Odd,6,Low,Even,37,High,Odd,41,High,Odd,54,High,Even,143,Low,Odd,26,High,169,Low,Odd
Wed,25,Jun,6,2014,2014-06-25,End of Month,10,Low,Even,20,Low,Even,25,Low,Odd,50,High,Even,53,High,Odd,158,Low,Even,35,High,193,High,Odd
Sat,28,Jun,6,2014,2014-06-28,End of Month,8,Low,Even,12,Low,Even,34,Low,Even,43,High,Odd,56,High,Even,153,Low,Odd,9,Low,162,Low,Even
Wed,2,Jul,7,2014,2014-07-02,Start of Month,8,Low,Even,18,Low,Even,45,High,Odd,53,High,Odd,58,High,Even,182,High,Even,35,High,217,High,Odd
Sat,5,Jul,7,2014,2014-07-05,Start of Month,24,Low,Even,34,Low,Even,36,High,Even,57,High,Odd,58,High,Even,209,High,Odd,11,Low,220,High,Even
Wed,9,Jul,7,2014,2014-07-09,Start of Month,9,Low,Odd,25,Low,Odd,42,High,Even,55,High,Odd,57,High,Odd,188,High,Even,14,High,202,High,Even
Sat,12,Jul,7,2014,2014-07-12,Start of Month,2,Low,Even,3,Low,Odd,7,Low,Odd,23,Low,Odd,51,High,Odd,86,Low,Even,26,High,112,Low,Even
Wed,16,Jul,7,2014,2014-07-16,End of Month,5,Low,Odd,15,Low,Odd,18,Low,Even,26,Low,Even,32,Low,Even,96,Low,Even,35,High,131,Low,Odd
Sat,19,Jul,7,2014,2014-07-19,End of Month,10,Low,Even,17,Low,Odd,25,Low,Odd,45,High,Odd,53,High,Odd,150,Low,Even,9,Low,159,Low,Odd
Wed,23,Jul,7,2014,2014-07-23,End of Month,4,Low,Even,10,Low,Even,12,Low,Even,22,Low,Even,31,Low,Odd,79,Low,Odd,3,Low,82,Low,Even
Sat,26,Jul,7,2014,2014-07-26,End of Month,24,Low,Even,28,Low,Even,30,Low,Even,38,High,Even,39,High,Odd,159,Low,Odd,16,High,175,Low,Odd
Wed,30,Jul,7,2014,2014-07-30,End of Month,13,Low,Odd,30,Low,Even,42,High,Even,49,High,Odd,53,High,Odd,187,High,Odd,29,High,216,High,Even
Sat,2,Aug,8,2014,2014-08-02,Start of Month,12,Low,Even,26,Low,Even,44,High,Even,46,High,Even,47,High,Odd,175,High,Odd,29,High,204,High,Even
Wed,6,Aug,8,2014,2014-08-06,Start of Month,1,Low,Odd,8,Low,Even,24,Low,Even,28,Low,Even,49,High,Odd,110,Low,Even,24,High,134,Low,Even
Sat,9,Aug,8,2014,2014-08-09,Start of Month,3,Low,Odd,12,Low,Even,31,Low,Odd,34,Low,Even,51,High,Odd,131,Low,Odd,24,High,155,Low,Odd
Wed,13,Aug,8,2014,2014-08-13,Start of Month,8,Low,Even,37,High,Odd,39,High,Odd,40,High,Even,52,High,Even,176,High,Even,24,High,200,High,Even
Sat,16,Aug,8,2014,2014-08-16,End of Month,7,Low,Odd,8,Low,Even,17,Low,Odd,48,High,Even,59,High,Odd,139,Low,Odd,9,Low,148,Low,Even
Wed,20,Aug,8,2014,2014-08-20,End of Month,4,Low,Even,8,Low,Even,21,Low,Odd,38,High,Even,40,High,Even,111,Low,Odd,3,Low,114,Low,Even
Sat,23,Aug,8,2014,2014-08-23,End of Month,28,Low,Even,32,Low,Even,35,High,Odd,36,High,Even,52,High,Even,183,High,Odd,31,High,214,High,Even
Wed,27,Aug,8,2014,2014-08-27,End of Month,17,Low,Odd,24,Low,Even,26,Low,Even,45,High,Odd,46,High,Even,158,Low,Even,19,High,177,Low,Odd
Sat,30,Aug,8,2014,2014-08-30,End of Month,5,Low,Odd,28,Low,Even,31,Low,Odd,52,High,Even,59,High,Odd,175,High,Odd,27,High,202,High,Even
Wed,3,Sep,9,2014,2014-09-03,Start of Month,2,Low,Even,16,Low,Even,43,High,Odd,45,High,Odd,51,High,Odd,157,Low,Odd,35,High,192,High,Even
Sat,6,Sep,9,2014,2014-09-06,Start of Month,9,Low,Odd,29,Low,Odd,31,Low,Odd,43,High,Odd,50,High,Even,162,Low,Even,18,High,180,Low,Even
Wed,10,Sep,9,2014,2014-09-10,Start of Month,2,Low,Even,14,Low,Even,39,High,Odd,40,High,Even,43,High,Odd,138,Low,Even,13,Low,151,Low,Odd
Sat,13,Sep,9,2014,2014-09-13,Start of Month,1,Low,Odd,6,Low,Even,16,Low,Even,37,High,Odd,53,High,Odd,113,Low,Odd,27,High,140,Low,Even
Wed,17,Sep,9,2014,2014-09-17,End of Month,18,Low,Even,25,Low,Odd,36,High,Even,48,High,Even,50,High,Even,177,High,Odd,23,High,200,High,Even
Sat,20,Sep,9,2014,2014-09-20,End of Month,22,Low,Even,23,Low,Odd,30,Low,Even,37,High,Odd,39,High,Odd,151,Low,Odd,16,High,167,Low,Odd
Wed,24,Sep,9,2014,2014-09-24,End of Month,7,Low,Odd,14,Low,Even,21,Low,Odd,24,Low,Even,41,High,Odd,107,Low,Odd,26,High,133,Low,Odd
Sat,27,Sep,9,2014,2014-09-27,End of Month,2,Low,Even,11,Low,Odd,35,High,Odd,52,High,Even,54,High,Even,154,Low,Even,13,Low,167,Low,Odd
Wed,1,Oct,10,2014,2014-10-01,Start of Month,1,Low,Odd,4,Low,Even,18,Low,Even,20,Low,Even,45,High,Odd,88,Low,Even,7,Low,95,Low,Odd
Sat,4,Oct,10,2014,2014-10-04,Start of Month,13,Low,Odd,18,Low,Even,24,Low,Even,25,Low,Odd,33,Low,Odd,113,Low,Odd,31,High,144,Low,Even
Wed,8,Oct,10,2014,2014-10-08,Start of Month,5,Low,Odd,16,Low,Even,31,Low,Odd,46,High,Even,50,High,Even,148,Low,Even,18,High,166,Low,Even
Sat,11,Oct,10,2014,2014-10-11,Start of Month,10,Low,Even,19,Low,Odd,37,High,Odd,38,High,Even,39,High,Odd,143,Low,Odd,28,High,171,Low,Odd
Wed,15,Oct,10,2014,2014-10-15,Start of Month,5,Low,Odd,7,Low,Odd,19,Low,Odd,27,Low,Odd,28,Low,Even,86,Low,Even,20,High,106,Low,Even
Sat,18,Oct,10,2014,2014-10-18,End of Month,20,Low,Even,26,Low,Even,27,Low,Odd,36,High,Even,54,High,Even,163,Low,Odd,19,High,182,Low,Even
Wed,22,Oct,10,2014,2014-10-22,End of Month,29,Low,Odd,30,Low,Even,40,High,Even,42,High,Even,50,High,Even,191,High,Odd,16,High,207,High,Odd
Sat,25,Oct,10,2014,2014-10-25,End of Month,6,Low,Even,10,Low,Even,51,High,Odd,54,High,Even,57,High,Odd,178,High,Even,12,Low,190,High,Even
Wed,29,Oct,10,2014,2014-10-29,End of Month,25,Low,Odd,28,Low,Even,48,High,Even,57,High,Odd,59,High,Odd,217,High,Odd,16,High,233,High,Odd
Sat,1,Nov,11,2014,2014-11-01,Start of Month,1,Low,Odd,3,Low,Odd,13,Low,Odd,25,Low,Odd,38,High,Even,80,Low,Even,17,High,97,Low,Odd
Wed,5,Nov,11,2014,2014-11-05,Start of Month,2,Low,Even,11,Low,Odd,19,Low,Odd,21,Low,Odd,42,High,Even,95,Low,Odd,34,High,129,Low,Odd
Sat,8,Nov,11,2014,2014-11-08,Start of Month,9,Low,Odd,19,Low,Odd,33,Low,Odd,38,High,Even,54,High,Even,153,Low,Odd,15,High,168,Low,Even
Wed,12,Nov,11,2014,2014-11-12,Start of Month,37,High,Odd,39,High,Odd,51,High,Odd,52,High,Even,55,High,Odd,234,High,Even,11,Low,245,High,Odd
Sat,15,Nov,11,2014,2014-11-15,Start of Month,13,Low,Odd,16,Low,Even,33,Low,Odd,35,High,Odd,51,High,Odd,148,Low,Even,28,High,176,Low,Even
Wed,19,Nov,11,2014,2014-11-19,End of Month,6,Low,Even,36,High,Even,38,High,Even,48,High,Even,51,High,Odd,179,High,Odd,17,High,196,High,Even
Sat,22,Nov,11,2014,2014-11-22,End of Month,23,Low,Odd,49,High,Odd,53,High,Odd,54,High,Even,57,High,Odd,236,High,Even,35,High,271,High,Odd
Wed,26,Nov,11,2014,2014-11-26,End of Month,16,Low,Even,17,Low,Odd,22,Low,Even,46,High,Even,54,High,Even,155,Low,Odd,35,High,190,High,Even
Sat,29,Nov,11,2014,2014-11-29,End of Month,13,Low,Odd,24,Low,Even,30,Low,Even,42,High,Even,48,High,Even,157,Low,Odd,27,High,184,Low,Even
Wed,3,Dec,12,2014,2014-12-03,Start of Month,25,Low,Odd,30,Low,Even,32,Low,Even,46,High,Even,54,High,Even,187,High,Odd,26,High,213,High,Odd
Sat,6,Dec,12,2014,2014-12-06,Start of Month,12,Low,Even,15,Low,Odd,22,Low,Even,43,High,Odd,49,High,Odd,141,Low,Odd,14,High,155,Low,Odd
Wed,10,Dec,12,2014,2014-12-10,Start of Month,34,Low,Even,44,High,Even,48,High,Even,54,High,Even,55,High,Odd,235,High,Odd,10,Low,245,High,Odd
Sat,13,Dec,12,2014,2014-12-13,Start of Month,5,Low,Odd,13,Low,Odd,28,Low,Even,43,High,Odd,55,High,Odd,144,Low,Even,33,High,177,Low,Odd
Wed,17,Dec,12,2014,2014-12-17,End of Month,22,Low,Even,31,Low,Odd,38,High,Even,47,High,Odd,48,High,Even,186,High,Even,15,High,201,High,Odd
Sat,20,Dec,12,2014,2014-12-20,End of Month,14,Low,Even,15,Low,Odd,19,Low,Odd,31,Low,Odd,56,High,Even,135,Low,Odd,5,Low,140,Low,Even
Wed,24,Dec,12,2014,2014-12-24,End of Month,11,Low,Odd,12,Low,Even,46,High,Even,47,High,Odd,50,High,Even,166,Low,Even,22,High,188,High,Even
Sat,27,Dec,12,2014,2014-12-27,End of Month,7,Low,Odd,10,Low,Even,11,Low,Odd,14,Low,Even,36,High,Even,78,Low,Even,15,High,93,Low,Odd
Wed,31,Dec,12,2014,2014-12-31,End of Month,17,Low,Odd,27,Low,Odd,37,High,Odd,40,High,Even,53,High,Odd,174,High,Even,35,High,209,High,Odd
Sat,3,Jan,1,2015,2015-01-03,Start of Month,4,Low,Even,18,Low,Even,43,High,Odd,46,High,Even,55,High,Odd,166,Low,Even,25,High,191,High,Odd
Wed,7,Jan,1,2015,2015-01-07,Start of Month,14,Low,Even,15,Low,Odd,47,High,Odd,49,High,Odd,59,High,Odd,184,High,Even,10,Low,194,High,Even
Sat,10,Jan,1,2015,2015-01-10,Start of Month,2,Low,Even,9,Low,Odd,19,Low,Odd,28,Low,Even,29,Low,Odd,87,Low,Odd,19,High,106,Low,Even
Wed,14,Jan,1,2015,2015-01-14,Start of Month,2,Low,Even,4,Low,Even,10,Low,Even,41,High,Odd,53,High,Odd,110,Low,Even,22,High,132,Low,Even
Sat,17,Jan,1,2015,2015-01-17,End of Month,15,Low,Odd,16,Low,Even,23,Low,Odd,27,Low,Odd,36,High,Even,117,Low,Odd,9,Low,126,Low,Even
Wed,21,Jan,1,2015,2015-01-21,End of Month,11,Low,Odd,12,Low,Even,15,Low,Odd,28,Low,Even,57,High,Odd,123,Low,Odd,23,High,146,Low,Even
Sat,24,Jan,1,2015,2015-01-24,End of Month,16,Low,Even,19,Low,Odd,20,Low,Even,29,Low,Odd,33,Low,Odd,117,Low,Odd,10,Low,127,Low,Odd
Wed,28,Jan,1,2015,2015-01-28,End of Month,12,Low,Even,24,Low,Even,35,High,Odd,36,High,Even,49,High,Odd,156,Low,Even,1,Low,157,Low,Odd
Sat,31,Jan,1,2015,2015-01-31,End of Month,5,Low,Odd,11,Low,Odd,16,Low,Even,26,Low,Even,50,High,Even,108,Low,Even,34,High,142,Low,Even
Wed,4,Feb,2,2015,2015-02-04,Start of Month,24,Low,Even,36,High,Even,51,High,Odd,52,High,Even,56,High,Even,219,High,Odd,22,High,241,High,Odd
Sat,7,Feb,2,2015,2015-02-07,Start of Month,5,Low,Odd,10,Low,Even,21,Low,Odd,34,Low,Even,58,High,Even,128,Low,Even,33,High,161,Low,Odd
Wed,11,Feb,2,2015,2015-02-11,Start of Month,11,Low,Odd,13,Low,Odd,25,Low,Odd,39,High,Odd,54,High,Even,142,Low,Even,19,High,161,Low,Odd
Sat,14,Feb,2,2015,2015-02-14,Start of Month,1,Low,Odd,24,Low,Even,44,High,Even,45,High,Odd,51,High,Odd,165,Low,Odd,28,High,193,High,Odd
Wed,18,Feb,2,2015,2015-02-18,End of Month,1,Low,Odd,9,Low,Odd,29,Low,Odd,32,Low,Even,49,High,Odd,120,Low,Even,22,High,142,Low,Even
Sat,21,Feb,2,2015,2015-02-21,End of Month,10,Low,Even,14,Low,Even,18,Low,Even,34,Low,Even,51,High,Odd,127,Low,Odd,26,High,153,Low,Odd
Wed,25,Feb,2,2015,2015-02-25,End of Month,17,Low,Odd,19,Low,Odd,21,Low,Odd,32,Low,Even,39,High,Odd,128,Low,Even,8,Low,136,Low,Even
Sat,28,Feb,2,2015,2015-02-28,End of Month,11,Low,Odd,17,Low,Odd,25,Low,Odd,28,Low,Even,46,High,Even,127,Low,Odd,12,Low,139,Low,Odd
Wed,4,Mar,3,2015,2015-03-04,Start of Month,8,Low,Even,12,Low,Even,15,Low,Odd,35,High,Odd,50,High,Even,120,Low,Even,32,High,152,Low,Even
Sat,7,Mar,3,2015,2015-03-07,Start of Month,34,Low,Even,36,High,Even,38,High,Even,42,High,Even,50,High,Even,200,High,Even,33,High,233,High,Odd
Wed,11,Mar,3,2015,2015-03-11,Start of Month,11,Low,Odd,24,Low,Even,31,Low,Odd,40,High,Even,44,High,Even,150,Low,Even,27,High,177,Low,Odd
Sat,14,Mar,3,2015,2015-03-14,Start of Month,8,Low,Even,14,Low,Even,39,High,Odd,46,High,Even,47,High,Odd,154,Low,Even,18,High,172,Low,Even
Wed,18,Mar,3,2015,2015-03-18,End of Month,14,Low,Even,25,Low,Odd,30,Low,Even,33,Low,Odd,47,High,Odd,149,Low,Odd,8,Low,157,Low,Odd
Sat,21,Mar,3,2015,2015-03-21,End of Month,11,Low,Odd,16,Low,Even,30,Low,Even,38,High,Even,42,High,Even,137,Low,Odd,7,Low,144,Low,Even
Wed,25,Mar,3,2015,2015-03-25,End of Month,7,Low,Odd,19,Low,Odd,23,Low,Odd,50,High,Even,54,High,Even,153,Low,Odd,14,High,167,Low,Odd
Sat,28,Mar,3,2015,2015-03-28,End of Month,2,Low,Even,4,Low,Even,6,Low,Even,12,Low,Even,38,High,Even,62,Low,Even,17,High,79,Low,Odd
Wed,1,Apr,4,2015,2015-04-01,Start of Month,2,Low,Even,30,Low,Even,33,Low,Odd,39,High,Odd,44,High,Even,148,Low,Even,1,Low,149,Low,Odd
Sat,4,Apr,4,2015,2015-04-04,Start of Month,33,Low,Odd,39,High,Odd,40,High,Even,41,High,Odd,54,High,Even,207,High,Odd,28,High,235,High,Odd
Wed,8,Apr,4,2015,2015-04-08,Start of Month,1,Low,Odd,19,Low,Odd,45,High,Odd,46,High,Even,58,High,Even,169,Low,Odd,29,High,198,High,Even
Sat,11,Apr,4,2015,2015-04-11,Start of Month,1,Low,Odd,12,Low,Even,32,Low,Even,42,High,Even,58,High,Even,145,Low,Odd,12,Low,157,Low,Odd
Wed,15,Apr,4,2015,2015-04-15,Start of Month,1,Low,Odd,16,Low,Even,21,Low,Odd,29,Low,Odd,40,High,Even,107,Low,Odd,30,High,137,Low,Odd
Sat,18,Apr,4,2015,2015-04-18,End of Month,13,Low,Odd,22,Low,Even,23,Low,Odd,29,Low,Odd,31,Low,Odd,118,Low,Even,17,High,135,Low,Odd
Wed,22,Apr,4,2015,2015-04-22,End of Month,10,Low,Even,14,Low,Even,25,Low,Odd,39,High,Odd,53,High,Odd,141,Low,Odd,18,High,159,Low,Odd
Sat,25,Apr,4,2015,2015-04-25,End of Month,21,Low,Odd,33,Low,Odd,35,High,Odd,38,High,Even,45,High,Odd,172,Low,Even,12,Low,184,Low,Even
Wed,29,Apr,4,2015,2015-04-29,End of Month,1,Low,Odd,26,Low,Even,34,Low,Even,38,High,Even,51,High,Odd,150,Low,Even,6,Low,156,Low,Even
Sat,2,May,5,2015,2015-05-02,Start of Month,2,Low,Even,6,Low,Even,11,Low,Odd,30,Low,Even,31,Low,Odd,80,Low,Even,33,High,113,Low,Odd
Wed,6,May,5,2015,2015-05-06,Start of Month,23,Low,Odd,24,Low,Even,27,Low,Odd,39,High,Odd,41,High,Odd,154,Low,Even,30,High,184,Low,Even
Sat,9,May,5,2015,2015-05-09,Start of Month,4,Low,Even,15,Low,Odd,17,Low,Odd,35,High,Odd,58,High,Even,129,Low,Odd,17,High,146,Low,Even
Wed,13,May,5,2015,2015-05-13,Start of Month,1,Low,Odd,25,Low,Odd,29,Low,Odd,31,Low,Odd,47,High,Odd,133,Low,Odd,7,Low,140,Low,Even
Sat,16,May,5,2015,2015-05-16,End of Month,24,Low,Even,29,Low,Odd,38,High,Even,48,High,Even,52,High,Even,191,High,Odd,32,High,223,High,Odd
Wed,20,May,5,2015,2015-05-20,End of Month,1,Low,Odd,12,Low,Even,28,Low,Even,35,High,Odd,44,High,Even,120,Low,Even,25,High,145,Low,Odd
Sat,23,May,5,2015,2015-05-23,End of Month,9,Low,Odd,15,Low,Odd,17,Low,Odd,31,Low,Odd,43,High,Odd,115,Low,Odd,16,High,131,Low,Odd
Wed,27,May,5,2015,2015-05-27,End of Month,8,Low,Even,15,Low,Odd,34,Low,Even,53,High,Odd,59,High,Odd,169,Low,Odd,23,High,192,High,Even
Sat,30,May,5,2015,2015-05-30,End of Month,8,Low,Even,9,Low,Odd,25,Low,Odd,56,High,Even,57,High,Odd,155,Low,Odd,22,High,177,Low,Odd
Wed,3,Jun,6,2015,2015-06-03,Start of Month,6,Low,Even,8,Low,Even,13,Low,Odd,37,High,Odd,40,High,Even,104,Low,Even,11,Low,115,Low,Odd
Sat,6,Jun,6,2015,2015-06-06,Start of Month,8,Low,Even,13,Low,Odd,18,Low,Even,27,Low,Odd,43,High,Odd,109,Low,Odd,15,High,124,Low,Even
Wed,10,Jun,6,2015,2015-06-10,Start of Month,31,Low,Odd,32,Low,Even,48,High,Even,49,High,Odd,53,High,Odd,213,High,Odd,25,High,238,High,Even
Sat,13,Jun,6,2015,2015-06-13,Start of Month,29,Low,Odd,41,High,Odd,48,High,Even,52,High,Even,54,High,Even,224,High,Even,29,High,253,High,Odd
Wed,17,Jun,6,2015,2015-06-17,End of Month,20,Low,Even,21,Low,Odd,22,Low,Even,41,High,Odd,54,High,Even,158,Low,Even,7,Low,165,Low,Odd
Sat,20,Jun,6,2015,2015-06-20,End of Month,9,Low,Odd,10,Low,Even,16,Low,Even,20,Low,Even,57,High,Odd,112,Low,Even,15,High,127,Low,Odd
Wed,24,Jun,6,2015,2015-06-24,End of Month,3,Low,Odd,5,Low,Odd,10,Low,Even,22,Low,Even,32,Low,Even,72,Low,Even,7,Low,79,Low,Odd
Sat,27,Jun,6,2015,2015-06-27,End of Month,18,Low,Even,28,Low,Even,35,High,Odd,46,High,Even,49,High,Odd,176,High,Even,27,High,203,High,Odd
Wed,1,Jul,7,2015,2015-07-01,Start of Month,7,Low,Odd,24,Low,Even,26,Low,Even,31,Low,Odd,41,High,Odd,129,Low,Odd,25,High,154,Low,Even
Sat,4,Jul,7,2015,2015-07-04,Start of Month,3,Low,Odd,6,Low,Even,14,Low,Even,18,Low,Even,24,Low,Even,65,Low,Odd,21,High,86,Low,Even
Wed,8,Jul,7,2015,2015-07-08,Start of Month,4,Low,Even,15,Low,Odd,25,Low,Odd,27,Low,Odd,30,Low,Even,101,Low,Odd,18,High,119,Low,Odd
Sat,11,Jul,7,2015,2015-07-11,Start of Month,11,Low,Odd,39,High,Odd,46,High,Even,52,High,Even,54,High,Even,202,High,Even,3,Low,205,High,Odd
Wed,15,Jul,7,2015,2015-07-15,Start of Month,13,Low,Odd,16,Low,Even,34,Low,Even,45,High,Odd,50,High,Even,158,Low,Even,11,Low,169,Low,Odd
Sat,18,Jul,7,2015,2015-07-18,End of Month,6,Low,Even,37,High,Odd,39,High,Odd,45,High,Odd,55,High,Odd,182,High,Even,33,High,215,High,Odd
Wed,22,Jul,7,2015,2015-07-22,End of Month,12,Low,Even,31,Low,Odd,43,High,Odd,44,High,Even,57,High,Odd,187,High,Odd,11,Low,198,High,Even
Sat,25,Jul,7,2015,2015-07-25,End of Month,27,Low,Odd,29,Low,Odd,34,Low,Even,41,High,Odd,44,High,Even,175,High,Odd,2,Low,177,Low,Odd
Wed,29,Jul,7,2015,2015-07-29,End of Month,4,Low,Even,22,Low,Even,27,Low,Odd,28,Low,Even,52,High,Even,133,Low,Odd,35,High,168,Low,Even
Sat,1,Aug,8,2015,2015-08-01,Start of Month,7,Low,Odd,13,Low,Odd,24,Low,Even,49,High,Odd,57,High,Odd,150,Low,Even,15,High,165,Low,Odd
Wed,5,Aug,8,2015,2015-08-05,Start of Month,9,Low,Odd,11,Low,Odd,14,Low,Even,16,Low,Even,42,High,Even,92,Low,Even,19,High,111,Low,Odd
Sat,8,Aug,8,2015,2015-08-08,Start of Month,9,Low,Odd,34,Low,Even,48,High,Even,52,High,Even,54,High,Even,197,High,Odd,15,High,212,High,Even
Wed,12,Aug,8,2015,2015-08-12,Start of Month,8,Low,Even,13,Low,Odd,29,Low,Odd,38,High,Even,52,High,Even,140,Low,Even,28,High,168,Low,Even
Sat,15,Aug,8,2015,2015-08-15,Start of Month,3,Low,Odd,13,Low,Odd,17,Low,Odd,42,High,Even,52,High,Even,127,Low,Odd,24,High,151,Low,Odd
Wed,19,Aug,8,2015,2015-08-19,End of Month,6,Low,Even,8,Low,Even,43,High,Odd,48,High,Even,50,High,Even,155,Low,Odd,7,Low,162,Low,Even
Sat,22,Aug,8,2015,2015-08-22,End of Month,4,Low,Even,12,Low,Even,14,Low,Even,21,Low,Odd,55,High,Odd,106,Low,Even,7,Low,113,Low,Odd
Wed,26,Aug,8,2015,2015-08-26,End of Month,2,Low,Even,22,Low,Even,32,Low,Even,45,High,Odd,56,High,Even,157,Low,Odd,12,Low,169,Low,Odd
Sat,29,Aug,8,2015,2015-08-29,End of Month,18,Low,Even,21,Low,Odd,25,Low,Odd,28,Low,Even,29,Low,Odd,121,Low,Odd,16,High,137,Low,Odd
Wed,2,Sep,9,2015,2015-09-02,Start of Month,17,Low,Odd,22,Low,Even,30,Low,Even,46,High,Even,56,High,Even,171,Low,Odd,16,High,187,High,Odd
Sat,5,Sep,9,2015,2015-09-05,Start of Month,10,Low,Even,16,Low,Even,18,Low,Even,29,Low,Odd,45,High,Odd,118,Low,Even,19,High,137,Low,Odd
Wed,9,Sep,9,2015,2015-09-09,Start of Month,44,High,Even,45,High,Odd,47,High,Odd,50,High,Even,51,High,Odd,237,High,Odd,8,Low,245,High,Odd
Sat,12,Sep,9,2015,2015-09-12,Start of Month,2,Low,Even,3,Low,Odd,13,Low,Odd,16,Low,Even,35,High,Odd,69,Low,Odd,27,High,96,Low,Even
Wed,16,Sep,9,2015,2015-09-16,End of Month,5,Low,Odd,7,Low,Odd,24,Low,Even,31,Low,Odd,39,High,Odd,106,Low,Even,7,Low,113,Low,Odd
Sat,19,Sep,9,2015,2015-09-19,End of Month,12,Low,Even,17,Low,Odd,26,Low,Even,43,High,Odd,48,High,Even,146,Low,Even,24,High,170,Low,Even
Wed,23,Sep,9,2015,2015-09-23,End of Month,8,Low,Even,29,Low,Odd,41,High,Odd,51,High,Odd,58,High,Even,187,High,Odd,5,Low,192,High,Even
Sat,26,Sep,9,2015,2015-09-26,End of Month,23,Low,Odd,31,Low,Odd,42,High,Even,50,High,Even,57,High,Odd,203,High,Odd,5,Low,208,High,Even
Wed,30,Sep,9,2015,2015-09-30,End of Month,21,Low,Odd,39,High,Odd,40,High,Even,55,High,Odd,59,High,Odd,214,High,Even,17,High,231,High,Odd
Sat,3,Oct,10,2015,2015-10-03,Start of Month,6,Low,Even,26,Low,Even,33,Low,Odd,44,High,Even,46,High,Even,155,Low,Odd,4,Low,159,Low,Odd
Wed,7,Oct,10,2015,2015-10-07,Start of Month,18,Low,Even,30,Low,Even,40,High,Even,48,High,Even,52,High,Even,188,High,Even,9,Low,197,High,Odd
Sat,10,Oct,10,2015,2015-10-10,Start of Month,12,Low,Even,27,Low,Odd,29,Low,Odd,43,High,Odd,68,High,Even,179,High,Odd,1,Low,180,Low,Even
Wed,14,Oct,10,2015,2015-10-14,Start of Month,15,Low,Odd,20,Low,Even,29,Low,Odd,31,Low,Odd,40,High,Even,135,Low,Odd,1,Low,136,Low,Even
Sat,17,Oct,10,2015,2015-10-17,End of Month,48,High,Even,49,High,Odd,57,High,Odd,62,High,Even,69,High,Odd,285,High,Odd,19,High,304,High,Even
Wed,21,Oct,10,2015,2015-10-21,End of Month,30,Low,Even,32,Low,Even,42,High,Even,56,High,Even,57,High,Odd,217,High,Odd,11,Low,228,High,Even
Sat,24,Oct,10,2015,2015-10-24,End of Month,20,Low,Even,31,Low,Odd,56,High,Even,60,High,Even,64,High,Even,231,High,Odd,2,Low,233,High,Odd
Wed,28,Oct,10,2015,2015-10-28,End of Month,4,Low,Even,54,High,Even,56,High,Even,62,High,Even,63,High,Odd,239,High,Odd,10,Low,249,High,Odd
Sat,31,Oct,10,2015,2015-10-31,End of Month,9,Low,Odd,20,Low,Even,25,Low,Odd,47,High,Odd,68,High,Even,169,Low,Odd,7,Low,176,Low,Even
Wed,4,Nov,11,2015,2015-11-04,Start of Month,2,Low,Even,12,Low,Even,17,Low,Odd,20,Low,Even,65,High,Odd,116,Low,Even,17,High,133,Low,Odd
Sat,7,Nov,11,2015,2015-11-07,Start of Month,7,Low,Odd,16,Low,Even,25,Low,Odd,50,High,Even,53,High,Odd,151,Low,Odd,15,High,166,Low,Even
Wed,11,Nov,11,2015,2015-11-11,Start of Month,4,Low,Even,26,Low,Even,32,Low,Even,55,High,Odd,64,High,Even,181,High,Odd,18,High,199,High,Odd
Sat,14,Nov,11,2015,2015-11-14,Start of Month,14,Low,Even,22,Low,Even,37,High,Odd,45,High,Odd,66,High,Even,184,High,Even,5,Low,189,High,Odd
Wed,18,Nov,11,2015,2015-11-18,End of Month,17,Low,Odd,40,High,Even,41,High,Odd,46,High,Even,69,High,Odd,213,High,Odd,6,Low,219,High,Odd
Sat,21,Nov,11,2015,2015-11-21,End of Month,37,High,Odd,47,High,Odd,50,High,Even,52,High,Even,57,High,Odd,243,High,Odd,21,High,264,High,Even
Wed,25,Nov,11,2015,2015-11-25,End of Month,16,Low,Even,29,Low,Odd,53,High,Odd,58,High,Even,69,High,Odd,225,High,Odd,21,High,246,High,Even
Sat,28,Nov,11,2015,2015-11-28,End of Month,2,Low,Even,6,Low,Even,47,High,Odd,66,High,Even,67,High,Odd,188,High,Even,2,Low,190,High,Even
Wed,2,Dec,12,2015,2015-12-02,Start of Month,14,Low,Even,18,Low,Even,19,Low,Odd,32,Low,Even,64,High,Even,147,Low,Odd,9,Low,156,Low,Even
Sat,5,Dec,12,2015,2015-12-05,Start of Month,13,Low,Odd,27,Low,Odd,33,Low,Odd,47,High,Odd,68,High,Even,188,High,Even,13,Low,201,High,Odd
Wed,9,Dec,12,2015,2015-12-09,Start of Month,7,Low,Odd,10,Low,Even,16,Low,Even,46,High,Even,56,High,Even,135,Low,Odd,1,Low,136,Low,Even
Sat,12,Dec,12,2015,2015-12-12,Start of Month,2,Low,Even,14,Low,Even,19,Low,Odd,30,Low,Even,62,High,Even,127,Low,Odd,22,High,149,Low,Odd
Wed,16,Dec,12,2015,2015-12-16,End of Month,9,Low,Odd,10,Low,Even,32,Low,Even,42,High,Even,55,High,Odd,148,Low,Even,6,Low,154,Low,Even
Sat,19,Dec,12,2015,2015-12-19,End of Month,28,Low,Even,30,Low,Even,41,High,Odd,59,High,Odd,68,High,Even,226,High,Even,10,Low,236,High,Even
Wed,23,Dec,12,2015,2015-12-23,End of Month,16,Low,Even,38,High,Even,55,High,Odd,63,High,Odd,67,High,Odd,239,High,Odd,25,High,264,High,Even
Sat,26,Dec,12,2015,2015-12-26,End of Month,27,Low,Odd,40,High,Even,44,High,Even,59,High,Odd,65,High,Odd,235,High,Odd,20,High,255,High,Odd
Wed,30,Dec,12,2015,2015-12-30,End of Month,12,Low,Even,36,High,Even,38,High,Even,54,High,Even,61,High,Odd,201,High,Odd,22,High,223,High,Odd
Sat,2,Jan,1,2016,2016-01-02,Start of Month,5,Low,Odd,6,Low,Even,15,Low,Odd,29,Low,Odd,42,High,Even,97,Low,Odd,10,Low,107,Low,Odd
Wed,6,Jan,1,2016,2016-01-06,Start of Month,2,Low,Even,11,Low,Odd,47,High,Odd,62,High,Even,63,High,Odd,185,High,Odd,17,High,202,High,Even
Sat,9,Jan,1,2016,2016-01-09,Start of Month,16,Low,Even,19,Low,Odd,32,Low,Even,34,Low,Even,57,High,Odd,158,Low,Even,13,Low,171,Low,Odd
Wed,13,Jan,1,2016,2016-01-13,Start of Month,4,Low,Even,8,Low,Even,19,Low,Odd,27,Low,Odd,34,Low,Even,92,Low,Even,10,Low,102,Low,Even
Sat,16,Jan,1,2016,2016-01-16,End of Month,3,Low,Odd,51,High,Odd,52,High,Even,61,High,Odd,64,High,Even,231,High,Odd,6,Low,237,High,Odd
Wed,20,Jan,1,2016,2016-01-20,End of Month,5,Low,Odd,39,High,Odd,44,High,Even,47,High,Odd,69,High,Odd,204,High,Even,24,High,228,High,Even
Sat,23,Jan,1,2016,2016-01-23,End of Month,22,Low,Even,32,Low,Even,34,Low,Even,40,High,Even,69,High,Odd,197,High,Odd,19,High,216,High,Even
Wed,27,Jan,1,2016,2016-01-27,End of Month,3,Low,Odd,12,Low,Even,40,High,Even,52,High,Even,67,High,Odd,174,High,Even,21,High,195,High,Odd
Sat,30,Jan,1,2016,2016-01-30,End of Month,5,Low,Odd,12,Low,Even,16,Low,Even,31,Low,Odd,43,High,Odd,107,Low,Odd,18,High,125,Low,Odd
Wed,3,Feb,2,2016,2016-02-03,Start of Month,26,Low,Even,28,Low,Even,31,Low,Odd,60,High,Even,67,High,Odd,212,High,Even,23,High,235,High,Odd
Sat,6,Feb,2,2016,2016-02-06,Start of Month,4,Low,Even,13,Low,Odd,31,Low,Odd,36,High,Even,52,High,Even,136,Low,Even,8,Low,144,Low,Even
Wed,10,Feb,2,2016,2016-02-10,Start of Month,2,Low,Even,3,Low,Odd,40,High,Even,50,High,Even,62,High,Even,157,Low,Odd,5,Low,162,Low,Even
Sat,13,Feb,2,2016,2016-02-13,Start of Month,7,Low,Odd,15,Low,Odd,18,Low,Even,19,Low,Odd,36,High,Even,95,Low,Odd,20,High,115,Low,Odd
Wed,17,Feb,2,2016,2016-02-17,End of Month,7,Low,Odd,17,Low,Odd,27,Low,Odd,29,Low,Odd,40,High,Even,120,Low,Even,25,High,145,Low,Odd
Sat,20,Feb,2,2016,2016-02-20,End of Month,11,Low,Odd,12,Low,Even,15,Low,Odd,16,Low,Even,54,High,Even,108,Low,Even,25,High,133,Low,Odd
Wed,24,Feb,2,2016,2016-02-24,End of Month,21,Low,Odd,31,Low,Odd,64,High,Even,65,High,Odd,67,High,Odd,248,High,Even,5,Low,253,High,Odd
Sat,27,Feb,2,2016,2016-02-27,End of Month,10,Low,Even,11,Low,Odd,21,Low,Odd,22,Low,Even,53,High,Odd,117,Low,Odd,18,High,135,Low,Odd
Wed,2,Mar,3,2016,2016-03-02,Start of Month,12,Low,Even,13,Low,Odd,44,High,Even,52,High,Even,62,High,Even,183,High,Odd,6,Low,189,High,Odd
Sat,5,Mar,3,2016,2016-03-05,Start of Month,3,Low,Odd,27,Low,Odd,34,Low,Even,59,High,Odd,69,High,Odd,192,High,Even,19,High,211,High,Odd
Wed,9,Mar,3,2016,2016-03-09,Start of Month,14,Low,Even,23,Low,Odd,32,Low,Even,34,Low,Even,68,High,Even,171,Low,Odd,3,Low,174,Low,Even
Sat,12,Mar,3,2016,2016-03-12,Start of Month,11,Low,Odd,28,Low,Even,50,High,Even,57,High,Odd,62,High,Even,208,High,Even,23,High,231,High,Odd
Wed,16,Mar,3,2016,2016-03-16,End of Month,10,Low,Even,12,Low,Even,13,Low,Odd,46,High,Even,50,High,Even,131,Low,Odd,21,High,152,Low,Even
Sat,19,Mar,3,2016,2016-03-19,End of Month,11,Low,Odd,23,Low,Odd,43,High,Odd,54,High,Even,60,High,Even,191,High,Odd,3,Low,194,High,Even
Wed,23,Mar,3,2016,2016-03-23,End of Month,5,Low,Odd,8,Low,Even,15,Low,Odd,22,Low,Even,49,High,Odd,99,Low,Odd,25,High,124,Low,Even
Sat,26,Mar,3,2016,2016-03-26,End of Month,11,Low,Odd,23,Low,Odd,42,High,Even,52,High,Even,68,High,Even,196,High,Even,6,Low,202,High,Even
Wed,30,Mar,3,2016,2016-03-30,End of Month,24,Low,Even,44,High,Even,53,High,Odd,55,High,Odd,63,High,Odd,239,High,Odd,19,High,258,High,Even
Sat,2,Apr,4,2016,2016-04-02,Start of Month,9,Low,Odd,28,Low,Even,30,Low,Even,40,High,Even,61,High,Odd,168,Low,Even,3,Low,171,Low,Odd
Wed,6,Apr,4,2016,2016-04-06,Start of Month,4,Low,Even,28,Low,Even,49,High,Odd,60,High,Even,65,High,Odd,206,High,Even,25,High,231,High,Odd
Sat,9,Apr,4,2016,2016-04-09,Start of Month,14,Low,Even,22,Low,Even,23,Low,Odd,41,High,Odd,61,High,Odd,161,Low,Odd,9,Low,170,Low,Even
Wed,13,Apr,4,2016,2016-04-13,Start of Month,30,Low,Even,33,Low,Odd,35,High,Odd,38,High,Even,64,High,Even,200,High,Even,22,High,222,High,Even
Sat,16,Apr,4,2016,2016-04-16,End of Month,3,Low,Odd,18,Low,Even,25,Low,Odd,32,Low,Even,51,High,Odd,129,Low,Odd,3,Low,132,Low,Even
Wed,20,Apr,4,2016,2016-04-20,End of Month,12,Low,Even,25,Low,Odd,30,Low,Even,52,High,Even,62,High,Even,181,High,Odd,8,Low,189,High,Odd
Sat,23,Apr,4,2016,2016-04-23,End of Month,19,Low,Odd,35,High,Odd,46,High,Even,59,High,Odd,62,High,Even,221,High,Odd,13,Low,234,High,Even
Wed,27,Apr,4,2016,2016-04-27,End of Month,2,Low,Even,25,Low,Odd,33,Low,Odd,39,High,Odd,64,High,Even,163,Low,Odd,17,High,180,Low,Even
Sat,30,Apr,4,2016,2016-04-30,End of Month,3,Low,Odd,12,Low,Even,16,Low,Even,32,Low,Even,34,Low,Even,97,Low,Odd,14,High,111,Low,Odd
Wed,4,May,5,2016,2016-05-04,Start of Month,30,Low,Even,47,High,Odd,57,High,Odd,66,High,Even,69,High,Odd,269,High,Odd,3,Low,272,High,Even
Sat,7,May,5,2016,2016-05-07,Start of Month,5,Low,Odd,25,Low,Odd,26,Low,Even,44,High,Even,66,High,Even,166,Low,Even,9,Low,175,Low,Odd
Wed,11,May,5,2016,2016-05-11,Start of Month,20,Low,Even,32,Low,Even,52,High,Even,66,High,Even,69,High,Odd,239,High,Odd,23,High,262,High,Even
Sat,14,May,5,2016,2016-05-14,Start of Month,13,Low,Odd,27,Low,Odd,47,High,Odd,64,High,Even,65,High,Odd,216,High,Even,9,Low,225,High,Odd
Wed,18,May,5,2016,2016-05-18,End of Month,23,Low,Odd,25,Low,Odd,39,High,Odd,54,High,Even,67,High,Odd,208,High,Even,11,Low,219,High,Odd
Sat,21,May,5,2016,2016-05-21,End of Month,5,Low,Odd,7,Low,Odd,9,Low,Odd,23,Low,Odd,32,Low,Even,76,Low,Even,26,High,102,Low,Even
Wed,25,May,5,2016,2016-05-25,End of Month,11,Low,Odd,24,Low,Even,41,High,Odd,59,High,Odd,64,High,Even,199,High,Odd,15,High,214,High,Even
Sat,28,May,5,2016,2016-05-28,End of Month,6,Low,Even,33,Low,Odd,34,Low,Even,58,High,Even,59,High,Odd,190,High,Even,12,Low,202,High,Even
Wed,1,Jun,6,2016,2016-06-01,Start of Month,23,Low,Odd,30,Low,Even,33,Low,Odd,40,High,Even,69,High,Odd,195,High,Odd,12,Low,207,High,Odd
Sat,4,Jun,6,2016,2016-06-04,Start of Month,16,Low,Even,20,Low,Even,22,Low,Even,43,High,Odd,64,High,Even,165,Low,Odd,17,High,182,Low,Even
Wed,8,Jun,6,2016,2016-06-08,Start of Month,12,Low,Even,25,Low,Odd,37,High,Odd,60,High,Even,69,High,Odd,203,High,Odd,20,High,223,High,Odd
Sat,11,Jun,6,2016,2016-06-11,Start of Month,20,Low,Even,27,Low,Odd,36,High,Even,41,High,Odd,58,High,Even,182,High,Even,7,Low,189,High,Odd
Wed,15,Jun,6,2016,2016-06-15,Start of Month,4,Low,Even,22,Low,Even,24,Low,Even,31,Low,Odd,33,Low,Odd,114,Low,Even,10,Low,124,Low,Even
Sat,18,Jun,6,2016,2016-06-18,End of Month,2,Low,Even,23,Low,Odd,41,High,Odd,53,High,Odd,63,High,Odd,182,High,Even,11,Low,193,High,Odd
Wed,22,Jun,6,2016,2016-06-22,End of Month,14,Low,Even,40,High,Even,42,High,Even,43,High,Odd,52,High,Even,191,High,Odd,17,High,208,High,Even
Sat,25,Jun,6,2016,2016-06-25,End of Month,3,Low,Odd,27,Low,Odd,36,High,Even,56,High,Even,69,High,Odd,191,High,Odd,25,High,216,High,Even
Wed,29,Jun,6,2016,2016-06-29,End of Month,23,Low,Odd,29,Low,Odd,37,High,Odd,60,High,Even,64,High,Even,213,High,Odd,6,Low,219,High,Odd
Sat,2,Jul,7,2016,2016-07-02,Start of Month,10,Low,Even,34,Low,Even,39,High,Odd,59,High,Odd,63,High,Odd,205,High,Odd,4,Low,209,High,Odd
Wed,6,Jul,7,2016,2016-07-06,Start of Month,2,Low,Even,24,Low,Even,31,Low,Odd,57,High,Odd,66,High,Even,180,High,Even,18,High,198,High,Even
Sat,9,Jul,7,2016,2016-07-09,Start of Month,10,Low,Even,28,Low,Even,32,Low,Even,61,High,Odd,64,High,Even,195,High,Odd,12,Low,207,High,Odd
Wed,13,Jul,7,2016,2016-07-13,Start of Month,3,Low,Odd,15,Low,Odd,29,Low,Odd,54,High,Even,57,High,Odd,158,Low,Even,10,Low,168,Low,Even
Sat,16,Jul,7,2016,2016-07-16,End of Month,11,Low,Odd,17,Low,Odd,40,High,Even,50,High,Even,62,High,Even,180,High,Even,26,High,206,High,Even
Wed,20,Jul,7,2016,2016-07-20,End of Month,6,Low,Even,25,Low,Odd,35,High,Odd,58,High,Even,66,High,Even,190,High,Even,5,Low,195,High,Odd
Sat,23,Jul,7,2016,2016-07-23,End of Month,5,Low,Odd,7,Low,Odd,23,Low,Odd,35,High,Odd,39,High,Odd,109,Low,Odd,11,Low,120,Low,Even
Wed,27,Jul,7,2016,2016-07-27,End of Month,10,Low,Even,47,High,Odd,50,High,Even,65,High,Odd,68,High,Even,240,High,Even,24,High,264,High,Even
Sat,30,Jul,7,2016,2016-07-30,End of Month,11,Low,Odd,17,Low,Odd,21,Low,Odd,23,Low,Odd,32,Low,Even,104,Low,Even,5,Low,109,Low,Odd
Wed,3,Aug,8,2016,2016-08-03,Start of Month,9,Low,Odd,11,Low,Odd,27,Low,Odd,66,High,Even,67,High,Odd,180,High,Even,2,Low,182,Low,Even
Sat,6,Aug,8,2016,2016-08-06,Start of Month,20,Low,Even,33,Low,Odd,36,High,Even,47,High,Odd,52,High,Even,188,High,Even,12,Low,200,High,Even
Wed,10,Aug,8,2016,2016-08-10,Start of Month,23,Low,Odd,56,High,Even,61,High,Odd,64,High,Even,67,High,Odd,271,High,Odd,12,Low,283,High,Odd
Sat,13,Aug,8,2016,2016-08-13,Start of Month,38,High,Even,44,High,Even,60,High,Even,64,High,Even,69,High,Odd,275,High,Odd,6,Low,281,High,Odd
Wed,17,Aug,8,2016,2016-08-17,End of Month,33,Low,Odd,44,High,Even,49,High,Odd,50,High,Even,52,High,Even,228,High,Even,8,Low,236,High,Even
Sat,20,Aug,8,2016,2016-08-20,End of Month,3,Low,Odd,6,Low,Even,21,Low,Odd,60,High,Even,68,High,Even,158,Low,Even,24,High,182,Low,Even
Wed,24,Aug,8,2016,2016-08-24,End of Month,9,Low,Odd,11,Low,Odd,25,Low,Odd,64,High,Even,65,High,Odd,174,High,Even,16,High,190,High,Even
Sat,27,Aug,8,2016,2016-08-27,End of Month,4,Low,Even,32,Low,Even,48,High,Even,49,High,Odd,63,High,Odd,196,High,Even,20,High,216,High,Even
Wed,31,Aug,8,2016,2016-08-31,End of Month,5,Low,Odd,10,Low,Even,24,Low,Even,56,High,Even,61,High,Odd,156,Low,Even,12,Low,168,Low,Even
Sat,3,Sep,9,2016,2016-09-03,Start of Month,7,Low,Odd,39,High,Odd,50,High,Even,59,High,Odd,67,High,Odd,222,High,Even,25,High,247,High,Odd
Wed,7,Sep,9,2016,2016-09-07,Start of Month,22,Low,Even,23,Low,Odd,29,Low,Odd,33,Low,Odd,55,High,Odd,162,Low,Even,21,High,183,Low,Odd
Sat,10,Sep,9,2016,2016-09-10,Start of Month,3,Low,Odd,17,Low,Odd,49,High,Odd,55,High,Odd,68,High,Even,192,High,Even,8,Low,200,High,Even
Wed,14,Sep,9,2016,2016-09-14,Start of Month,10,Low,Even,11,Low,Odd,23,Low,Odd,28,Low,Even,31,Low,Odd,103,Low,Odd,14,High,117,Low,Odd
Sat,17,Sep,9,2016,2016-09-17,End of Month,9,Low,Odd,19,Low,Odd,51,High,Odd,55,High,Odd,62,High,Even,196,High,Even,14,High,210,High,Even
Wed,21,Sep,9,2016,2016-09-21,End of Month,1,Low,Odd,28,Low,Even,63,High,Odd,67,High,Odd,69,High,Odd,228,High,Even,17,High,245,High,Odd
Sat,24,Sep,9,2016,2016-09-24,End of Month,7,Low,Odd,15,Low,Odd,20,Low,Even,29,Low,Odd,41,High,Odd,112,Low,Even,22,High,134,Low,Even
Wed,28,Sep,9,2016,2016-09-28,End of Month,30,Low,Even,38,High,Even,52,High,Even,53,High,Odd,62,High,Even,235,High,Odd,1,Low,236,High,Even
Sat,1,Oct,10,2016,2016-10-01,Start of Month,2,Low,Even,12,Low,Even,50,High,Even,61,High,Odd,64,High,Even,189,High,Odd,1,Low,190,High,Even
Wed,5,Oct,10,2016,2016-10-05,Start of Month,8,Low,Even,18,Low,Even,27,Low,Odd,29,Low,Odd,60,High,Even,142,Low,Even,15,High,157,Low,Odd
Sat,8,Oct,10,2016,2016-10-08,Start of Month,3,Low,Odd,54,High,Even,61,High,Odd,64,High,Even,68,High,Even,250,High,Even,9,Low,259,High,Odd
Wed,12,Oct,10,2016,2016-10-12,Start of Month,16,Low,Even,30,Low,Even,34,Low,Even,37,High,Odd,44,High,Even,161,Low,Odd,16,High,177,Low,Odd
Sat,15,Oct,10,2016,2016-10-15,Start of Month,23,Low,Odd,49,High,Odd,57,High,Odd,64,High,Even,67,High,Odd,260,High,Even,20,High,280,High,Even
Wed,19,Oct,10,2016,2016-10-19,End of Month,10,Low,Even,16,Low,Even,38,High,Even,43,High,Odd,63,High,Odd,170,Low,Even,23,High,193,High,Odd
Sat,22,Oct,10,2016,2016-10-22,End of Month,1,Low,Odd,28,Low,Even,33,Low,Odd,55,High,Odd,56,High,Even,173,High,Odd,22,High,195,High,Odd
Wed,26,Oct,10,2016,2016-10-26,End of Month,2,Low,Even,3,Low,Odd,16,Low,Even,48,High,Even,56,High,Even,125,Low,Odd,24,High,149,Low,Odd
Sat,29,Oct,10,2016,2016-10-29,End of Month,19,Low,Odd,20,Low,Even,21,Low,Odd,42,High,Even,48,High,Even,150,Low,Even,23,High,173,Low,Odd
Wed,2,Nov,11,2016,2016-11-02,Start of Month,13,Low,Odd,18,Low,Even,37,High,Odd,54,High,Even,61,High,Odd,183,High,Odd,5,Low,188,High,Even
Sat,5,Nov,11,2016,2016-11-05,Start of Month,21,Low,Odd,31,Low,Odd,50,High,Even,51,High,Odd,69,High,Odd,222,High,Even,8,Low,230,High,Even
Wed,9,Nov,11,2016,2016-11-09,Start of Month,1,Low,Odd,25,Low,Odd,28,Low,Even,31,Low,Odd,54,High,Even,139,Low,Odd,2,Low,141,Low,Odd
Sat,12,Nov,11,2016,2016-11-12,Start of Month,8,Low,Even,17,Low,Odd,20,Low,Even,27,Low,Odd,52,High,Even,124,Low,Even,24,High,148,Low,Even
Wed,16,Nov,11,2016,2016-11-16,End of Month,28,Low,Even,41,High,Odd,61,High,Odd,63,High,Odd,65,High,Odd,258,High,Even,7,Low,265,High,Odd
Sat,19,Nov,11,2016,2016-11-19,End of Month,16,Low,Even,24,Low,Even,28,Low,Even,43,High,Odd,61,High,Odd,172,Low,Even,21,High,193,High,Odd
Wed,23,Nov,11,2016,2016-11-23,End of Month,7,Low,Odd,32,Low,Even,41,High,Odd,47,High,Odd,61,High,Odd,188,High,Even,3,Low,191,High,Odd
Sat,26,Nov,11,2016,2016-11-26,End of Month,17,Low,Odd,19,Low,Odd,21,Low,Odd,37,High,Odd,44,High,Even,138,Low,Even,16,High,154,Low,Even
Wed,30,Nov,11,2016,2016-11-30,End of Month,3,Low,Odd,14,Low,Even,18,Low,Even,25,Low,Odd,45,High,Odd,105,Low,Odd,7,Low,112,Low,Even
Sat,3,Dec,12,2016,2016-12-03,Start of Month,8,Low,Even,10,Low,Even,26,Low,Even,27,Low,Odd,33,Low,Odd,104,Low,Even,22,High,126,Low,Even
Wed,7,Dec,12,2016,2016-12-07,Start of Month,41,High,Odd,48,High,Even,49,High,Odd,53,High,Odd,64,High,Even,255,High,Odd,20,High,275,High,Odd
Sat,10,Dec,12,2016,2016-12-10,Start of Month,12,Low,Even,21,Low,Odd,32,Low,Even,44,High,Even,66,High,Even,175,High,Odd,15,High,190,High,Even
Wed,14,Dec,12,2016,2016-12-14,Start of Month,18,Low,Even,26,Low,Even,37,High,Odd,39,High,Odd,66,High,Even,186,High,Even,15,High,201,High,Odd
Sat,17,Dec,12,2016,2016-12-17,End of Month,1,Low,Odd,8,Low,Even,16,Low,Even,40,High,Even,48,High,Even,113,Low,Odd,10,Low,123,Low,Odd
Wed,21,Dec,12,2016,2016-12-21,End of Month,25,Low,Odd,33,Low,Odd,40,High,Even,54,High,Even,68,High,Even,220,High,Even,3,Low,223,High,Odd
Sat,24,Dec,12,2016,2016-12-24,End of Month,28,Low,Even,38,High,Even,42,High,Even,51,High,Odd,52,High,Even,211,High,Odd,21,High,232,High,Even
Wed,28,Dec,12,2016,2016-12-28,End of Month,16,Low,Even,23,Low,Odd,30,Low,Even,44,High,Even,58,High,Even,171,Low,Odd,4,Low,175,Low,Odd
Sat,31,Dec,12,2016,2016-12-31,End of Month,1,Low,Odd,3,Low,Odd,28,Low,Even,57,High,Odd,67,High,Odd,156,Low,Even,9,Low,165,Low,Odd
Wed,4,Jan,1,2017,2017-01-04,Start of Month,16,Low,Even,17,Low,Odd,29,Low,Odd,41,High,Odd,42,High,Even,145,Low,Odd,4,Low,149,Low,Odd
Sat,7,Jan,1,2017,2017-01-07,Start of Month,3,Low,Odd,12,Low,Even,24,Low,Even,37,High,Odd,63,High,Odd,139,Low,Odd,10,Low,149,Low,Odd
Wed,11,Jan,1,2017,2017-01-11,Start of Month,1,Low,Odd,3,Low,Odd,13,Low,Odd,16,Low,Even,43,High,Odd,76,Low,Even,24,High,100,Low,Even
Sat,14,Jan,1,2017,2017-01-14,Start of Month,23,Low,Odd,55,High,Odd,59,High,Odd,64,High,Even,69,High,Odd,270,High,Even,13,Low,283,High,Odd
Wed,18,Jan,1,2017,2017-01-18,End of Month,9,Low,Odd,40,High,Even,41,High,Odd,53,High,Odd,58,High,Even,201,High,Odd,12,Low,213,High,Odd
Sat,21,Jan,1,2017,2017-01-21,End of Month,23,Low,Odd,25,Low,Odd,45,High,Odd,52,High,Even,67,High,Odd,212,High,Even,2,Low,214,High,Even
Wed,25,Jan,1,2017,2017-01-25,End of Month,18,Low,Even,28,Low,Even,62,High,Even,66,High,Even,68,High,Even,242,High,Even,22,High,264,High,Even
Sat,28,Jan,1,2017,2017-01-28,End of Month,12,Low,Even,20,Low,Even,39,High,Odd,49,High,Odd,69,High,Odd,189,High,Odd,17,High,206,High,Even
Wed,1,Feb,2,2017,2017-02-01,Start of Month,9,Low,Odd,43,High,Odd,57,High,Odd,60,High,Even,64,High,Even,233,High,Odd,10,Low,243,High,Odd
Sat,4,Feb,2,2017,2017-02-04,Start of Month,6,Low,Even,13,Low,Odd,16,Low,Even,17,Low,Odd,52,High,Even,104,Low,Even,25,High,129,Low,Odd
Wed,8,Feb,2,2017,2017-02-08,Start of Month,14,Low,Even,20,Low,Even,42,High,Even,49,High,Odd,66,High,Even,191,High,Odd,5,Low,196,High,Even
Sat,11,Feb,2,2017,2017-02-11,Start of Month,5,Low,Odd,9,Low,Odd,17,Low,Odd,37,High,Odd,64,High,Even,132,Low,Even,2,Low,134,Low,Even
Wed,15,Feb,2,2017,2017-02-15,Start of Month,5,Low,Odd,28,Low,Even,33,Low,Odd,38,High,Even,42,High,Even,146,Low,Even,19,High,165,Low,Odd
Sat,18,Feb,2,2017,2017-02-18,End of Month,3,Low,Odd,7,Low,Odd,9,Low,Odd,31,Low,Odd,33,Low,Odd,83,Low,Odd,20,High,103,Low,Odd
Wed,22,Feb,2,2017,2017-02-22,End of Month,10,Low,Even,13,Low,Odd,28,Low,Even,52,High,Even,61,High,Odd,164,Low,Even,2,Low,166,Low,Even
Sat,25,Feb,2,2017,2017-02-25,End of Month,6,Low,Even,32,Low,Even,47,High,Odd,62,High,Even,65,High,Odd,212,High,Even,19,High,231,High,Odd
Wed,1,Mar,3,2017,2017-03-01,Start of Month,10,Low,Even,16,Low,Even,40,High,Even,52,High,Even,55,High,Odd,173,High,Odd,17,High,190,High,Even
Sat,4,Mar,3,2017,2017-03-04,Start of Month,2,Low,Even,18,Low,Even,19,Low,Odd,22,Low,Even,63,High,Odd,124,Low,Even,19,High,143,Low,Odd
Wed,8,Mar,3,2017,2017-03-08,Start of Month,23,Low,Odd,33,Low,Odd,42,High,Even,46,High,Even,59,High,Odd,203,High,Odd,4,Low,207,High,Odd
Sat,11,Mar,3,2017,2017-03-11,Start of Month,1,Low,Odd,26,Low,Even,41,High,Odd,50,High,Even,57,High,Odd,175,High,Odd,11,Low,186,High,Even
Wed,15,Mar,3,2017,2017-03-15,Start of Month,16,Low,Even,30,Low,Even,41,High,Odd,48,High,Even,53,High,Odd,188,High,Even,16,High,204,High,Even
Sat,18,Mar,3,2017,2017-03-18,End of Month,13,Low,Odd,25,Low,Odd,44,High,Even,54,High,Even,67,High,Odd,203,High,Odd,5,Low,208,High,Even
Wed,22,Mar,3,2017,2017-03-22,End of Month,2,Low,Even,9,Low,Odd,27,Low,Odd,29,Low,Odd,42,High,Even,109,Low,Odd,9,Low,118,Low,Even
Sat,25,Mar,3,2017,2017-03-25,End of Month,18,Low,Even,31,Low,Odd,32,Low,Even,45,High,Odd,48,High,Even,174,High,Even,16,High,190,High,Even
Wed,29,Mar,3,2017,2017-03-29,End of Month,8,Low,Even,15,Low,Odd,31,Low,Odd,36,High,Even,62,High,Even,152,Low,Even,11,Low,163,Low,Odd
Sat,1,Apr,4,2017,2017-04-01,Start of Month,9,Low,Odd,32,Low,Even,36,High,Even,44,High,Even,65,High,Odd,186,High,Even,1,Low,187,High,Odd
Wed,5,Apr,4,2017,2017-04-05,Start of Month,8,Low,Even,20,Low,Even,46,High,Even,53,High,Odd,54,High,Even,181,High,Odd,13,Low,194,High,Even
Sat,8,Apr,4,2017,2017-04-08,Start of Month,23,Low,Odd,36,High,Even,51,High,Odd,53,High,Odd,60,High,Even,223,High,Odd,15,High,238,High,Even
Wed,12,Apr,4,2017,2017-04-12,Start of Month,8,Low,Even,14,Low,Even,61,High,Odd,63,High,Odd,68,High,Even,214,High,Even,24,High,238,High,Even
Sat,15,Apr,4,2017,2017-04-15,Start of Month,5,Low,Odd,22,Low,Even,26,Low,Even,45,High,Odd,61,High,Odd,159,Low,Odd,13,Low,172,Low,Even
Wed,19,Apr,4,2017,2017-04-19,End of Month,1,Low,Odd,19,Low,Odd,37,High,Odd,40,High,Even,52,High,Even,149,Low,Odd,15,High,164,Low,Even
Sat,22,Apr,4,2017,2017-04-22,End of Month,21,Low,Odd,39,High,Odd,41,High,Odd,48,High,Even,63,High,Odd,212,High,Even,6,Low,218,High,Even
Wed,26,Apr,4,2017,2017-04-26,End of Month,1,Low,Odd,15,Low,Odd,18,Low,Even,26,Low,Even,51,High,Odd,111,Low,Odd,26,High,137,Low,Odd
Sat,29,Apr,4,2017,2017-04-29,End of Month,22,Low,Even,23,Low,Odd,24,Low,Even,45,High,Odd,62,High,Even,176,High,Even,5,Low,181,Low,Odd
Wed,3,May,5,2017,2017-05-03,Start of Month,17,Low,Odd,18,Low,Even,49,High,Odd,59,High,Odd,66,High,Even,209,High,Odd,9,Low,218,High,Even
Sat,6,May,5,2017,2017-05-06,Start of Month,11,Low,Odd,21,Low,Odd,31,Low,Odd,41,High,Odd,59,High,Odd,163,Low,Odd,21,High,184,Low,Even
Wed,10,May,5,2017,2017-05-10,Start of Month,29,Low,Odd,31,Low,Odd,46,High,Even,56,High,Even,62,High,Even,224,High,Even,8,Low,232,High,Even
Sat,13,May,5,2017,2017-05-13,Start of Month,17,Low,Odd,20,Low,Even,32,Low,Even,63,High,Odd,68,High,Even,200,High,Even,19,High,219,High,Odd
Wed,17,May,5,2017,2017-05-17,End of Month,4,Low,Even,11,Low,Odd,39,High,Odd,45,High,Odd,48,High,Even,147,Low,Odd,9,Low,156,Low,Even
Sat,20,May,5,2017,2017-05-20,End of Month,5,Low,Odd,22,Low,Even,45,High,Odd,47,High,Odd,54,High,Even,173,High,Odd,3,Low,176,Low,Even
Wed,24,May,5,2017,2017-05-24,End of Month,28,Low,Even,32,Low,Even,33,Low,Odd,38,High,Even,62,High,Even,193,High,Odd,15,High,208,High,Even
Sat,27,May,5,2017,2017-05-27,End of Month,5,Low,Odd,10,Low,Even,28,Low,Even,55,High,Odd,67,High,Odd,165,Low,Odd,9,Low,174,Low,Even
Wed,31,May,5,2017,2017-05-31,End of Month,4,Low,Even,33,Low,Odd,39,High,Odd,46,High,Even,60,High,Even,182,High,Even,6,Low,188,High,Even
Sat,3,Jun,6,2017,2017-06-03,Start of Month,3,Low,Odd,9,Low,Odd,21,Low,Odd,41,High,Odd,54,High,Even,128,Low,Even,25,High,153,Low,Odd
Wed,7,Jun,6,2017,2017-06-07,Start of Month,5,Low,Odd,21,Low,Odd,57,High,Odd,66,High,Even,69,High,Odd,218,High,Even,13,Low,231,High,Odd
Sat,10,Jun,6,2017,2017-06-10,Start of Month,20,Low,Even,26,Low,Even,32,Low,Even,38,High,Even,58,High,Even,174,High,Even,3,Low,177,Low,Odd
Wed,14,Jun,6,2017,2017-06-14,Start of Month,5,Low,Odd,22,Low,Even,43,High,Odd,57,High,Odd,63,High,Odd,190,High,Even,24,High,214,High,Even
Sat,17,Jun,6,2017,2017-06-17,End of Month,10,Low,Even,13,Low,Odd,32,Low,Even,53,High,Odd,62,High,Even,170,Low,Even,21,High,191,High,Odd
Wed,21,Jun,6,2017,2017-06-21,End of Month,14,Low,Even,46,High,Even,61,High,Odd,65,High,Odd,68,High,Even,254,High,Even,13,Low,267,High,Odd
Sat,24,Jun,6,2017,2017-06-24,End of Month,10,Low,Even,22,Low,Even,32,Low,Even,36,High,Even,58,High,Even,158,Low,Even,10,Low,168,Low,Even
Wed,28,Jun,6,2017,2017-06-28,End of Month,29,Low,Odd,37,High,Odd,46,High,Even,53,High,Odd,68,High,Even,233,High,Odd,8,Low,241,High,Odd
Sat,1,Jul,7,2017,2017-07-01,Start of Month,19,Low,Odd,42,High,Even,45,High,Odd,48,High,Even,53,High,Odd,207,High,Odd,16,High,223,High,Odd
Wed,5,Jul,7,2017,2017-07-05,Start of Month,4,Low,Even,9,Low,Odd,16,Low,Even,54,High,Even,68,High,Even,151,Low,Odd,21,High,172,Low,Even
Sat,8,Jul,7,2017,2017-07-08,Start of Month,8,Low,Even,10,Low,Even,29,Low,Odd,40,High,Even,59,High,Odd,146,Low,Even,26,High,172,Low,Even
Wed,12,Jul,7,2017,2017-07-12,Start of Month,1,Low,Odd,2,Low,Even,18,Low,Even,23,Low,Odd,61,High,Odd,105,Low,Odd,9,Low,114,Low,Even
Sat,15,Jul,7,2017,2017-07-15,Start of Month,9,Low,Odd,40,High,Even,63,High,Odd,64,High,Even,66,High,Even,242,High,Even,17,High,259,High,Odd
Wed,19,Jul,7,2017,2017-07-19,End of Month,50,High,Even,51,High,Odd,59,High,Odd,61,High,Odd,63,High,Odd,284,High,Even,4,Low,288,High,Even
Sat,22,Jul,7,2017,2017-07-22,End of Month,5,Low,Odd,32,Low,Even,44,High,Even,53,High,Odd,60,High,Even,194,High,Even,9,Low,203,High,Odd
Wed,26,Jul,7,2017,2017-07-26,End of Month,7,Low,Odd,19,Low,Odd,21,Low,Odd,42,High,Even,69,High,Odd,158,Low,Even,12,Low,170,Low,Even
Sat,29,Jul,7,2017,2017-07-29,End of Month,1,Low,Odd,28,Low,Even,40,High,Even,45,High,Odd,48,High,Even,162,Low,Even,12,Low,174,Low,Even
Wed,2,Aug,8,2017,2017-08-02,Start of Month,1,Low,Odd,16,Low,Even,54,High,Even,63,High,Odd,69,High,Odd,203,High,Odd,18,High,221,High,Odd
Sat,5,Aug,8,2017,2017-08-05,Start of Month,11,Low,Odd,21,Low,Odd,28,Low,Even,33,Low,Odd,45,High,Odd,138,Low,Even,11,Low,149,Low,Odd
Wed,9,Aug,8,2017,2017-08-09,Start of Month,12,Low,Even,30,Low,Even,36,High,Even,47,High,Odd,62,High,Even,187,High,Odd,9,Low,196,High,Even
Sat,12,Aug,8,2017,2017-08-12,Start of Month,20,Low,Even,24,Low,Even,26,Low,Even,35,High,Odd,49,High,Odd,154,Low,Even,19,High,173,Low,Odd
Wed,16,Aug,8,2017,2017-08-16,End of Month,9,Low,Odd,15,Low,Odd,43,High,Odd,60,High,Even,64,High,Even,191,High,Odd,4,Low,195,High,Odd
Sat,19,Aug,8,2017,2017-08-19,End of Month,17,Low,Odd,19,Low,Odd,39,High,Odd,43,High,Odd,68,High,Even,186,High,Even,13,Low,199,High,Odd
Wed,23,Aug,8,2017,2017-08-23,End of Month,6,Low,Even,7,Low,Odd,16,Low,Even,23,Low,Odd,26,Low,Even,78,Low,Even,4,Low,82,Low,Even
Sat,26,Aug,8,2017,2017-08-26,End of Month,7,Low,Odd,15,Low,Odd,32,Low,Even,38,High,Even,66,High,Even,158,Low,Even,15,High,173,Low,Odd
Wed,30,Aug,8,2017,2017-08-30,End of Month,19,Low,Odd,28,Low,Even,43,High,Odd,67,High,Odd,69,High,Odd,226,High,Even,7,Low,233,High,Odd
Sat,2,Sep,9,2017,2017-09-02,Start of Month,6,Low,Even,21,Low,Odd,41,High,Odd,52,High,Even,62,High,Even,182,High,Even,26,High,208,High,Even
Wed,6,Sep,9,2017,2017-09-06,Start of Month,8,Low,Even,14,Low,Even,32,Low,Even,58,High,Even,67,High,Odd,179,High,Odd,17,High,196,High,Even
Sat,9,Sep,9,2017,2017-09-09,Start of Month,6,Low,Even,20,Low,Even,29,Low,Odd,57,High,Odd,59,High,Odd,171,Low,Odd,22,High,193,High,Odd
Wed,13,Sep,9,2017,2017-09-13,Start of Month,17,Low,Odd,24,Low,Even,35,High,Odd,57,High,Odd,63,High,Odd,196,High,Even,19,High,215,High,Odd
Sat,16,Sep,9,2017,2017-09-16,End of Month,17,Low,Odd,18,Low,Even,24,Low,Even,25,Low,Odd,31,Low,Odd,115,Low,Odd,24,High,139,Low,Odd
Wed,20,Sep,9,2017,2017-09-20,End of Month,39,High,Odd,48,High,Even,53,High,Odd,67,High,Odd,68,High,Even,275,High,Odd,26,High,301,High,Odd
Sat,23,Sep,9,2017,2017-09-23,End of Month,24,Low,Even,45,High,Odd,55,High,Odd,56,High,Even,57,High,Odd,237,High,Odd,19,High,256,High,Even
Wed,27,Sep,9,2017,2017-09-27,End of Month,8,Low,Even,10,Low,Even,21,Low,Odd,23,Low,Odd,25,Low,Odd,87,Low,Odd,22,High,109,Low,Odd
Sat,30,Sep,9,2017,2017-09-30,End of Month,8,Low,Even,12,Low,Even,25,Low,Odd,41,High,Odd,64,High,Even,150,Low,Even,15,High,165,Low,Odd
Wed,4,Oct,10,2017,2017-10-04,Start of Month,22,Low,Even,23,Low,Odd,62,High,Even,63,High,Odd,66,High,Even,236,High,Even,24,High,260,High,Even
Sat,7,Oct,10,2017,2017-10-07,Start of Month,10,Low,Even,49,High,Odd,61,High,Odd,63,High,Odd,65,High,Odd,248,High,Even,7,Low,255,High,Odd
Wed,11,Oct,10,2017,2017-10-11,Start of Month,1,Low,Odd,3,Low,Odd,13,Low,Odd,19,Low,Odd,69,High,Odd,105,Low,Odd,23,High,128,Low,Even
Sat,14,Oct,10,2017,2017-10-14,Start of Month,32,Low,Even,37,High,Odd,56,High,Even,66,High,Even,69,High,Odd,260,High,Even,11,Low,271,High,Odd
Wed,18,Oct,10,2017,2017-10-18,End of Month,30,Low,Even,49,High,Odd,54,High,Even,66,High,Even,69,High,Odd,268,High,Even,8,Low,276,High,Even
Sat,21,Oct,10,2017,2017-10-21,End of Month,14,Low,Even,41,High,Odd,42,High,Even,45,High,Odd,69,High,Odd,211,High,Odd,4,Low,215,High,Odd
Wed,25,Oct,10,2017,2017-10-25,End of Month,18,Low,Even,22,Low,Even,29,Low,Odd,54,High,Even,57,High,Odd,180,High,Even,8,Low,188,High,Even
Sat,28,Oct,10,2017,2017-10-28,End of Month,27,Low,Odd,35,High,Odd,38,High,Even,57,High,Odd,66,High,Even,223,High,Odd,10,Low,233,High,Odd
Wed,1,Nov,11,2017,2017-11-01,Start of Month,3,Low,Odd,6,Low,Even,19,Low,Odd,26,Low,Even,44,High,Even,98,Low,Even,1,Low,99,Low,Odd
Sat,4,Nov,11,2017,2017-11-04,Start of Month,12,Low,Even,14,Low,Even,26,Low,Even,48,High,Even,51,High,Odd,151,Low,Odd,13,Low,164,Low,Even
Wed,8,Nov,11,2017,2017-11-08,Start of Month,12,Low,Even,14,Low,Even,20,Low,Even,21,Low,Odd,34,Low,Even,101,Low,Odd,22,High,123,Low,Odd
Sat,11,Nov,11,2017,2017-11-11,Start of Month,4,Low,Even,6,Low,Even,16,Low,Even,30,Low,Even,56,High,Even,112,Low,Even,18,High,130,Low,Even
Wed,15,Nov,11,2017,2017-11-15,Start of Month,23,Low,Odd,32,Low,Even,44,High,Even,48,High,Even,50,High,Even,197,High,Odd,25,High,222,High,Even
Sat,18,Nov,11,2017,2017-11-18,End of Month,17,Low,Odd,28,Low,Even,31,Low,Odd,32,Low,Even,39,High,Odd,147,Low,Odd,26,High,173,Low,Odd
Wed,22,Nov,11,2017,2017-11-22,End of Month,35,High,Odd,37,High,Odd,46,High,Even,51,High,Odd,61,High,Odd,230,High,Even,13,Low,243,High,Odd
Sat,25,Nov,11,2017,2017-11-25,End of Month,8,Low,Even,13,Low,Odd,27,Low,Odd,53,High,Odd,54,High,Even,155,Low,Odd,4,Low,159,Low,Odd
Wed,29,Nov,11,2017,2017-11-29,End of Month,24,Low,Even,26,Low,Even,28,Low,Even,59,High,Odd,63,High,Odd,200,High,Even,16,High,216,High,Even
Sat,2,Dec,12,2017,2017-12-02,Start of Month,28,Low,Even,30,Low,Even,32,Low,Even,36,High,Even,58,High,Even,184,High,Even,6,Low,190,High,Even
Wed,6,Dec,12,2017,2017-12-06,Start of Month,19,Low,Odd,20,Low,Even,50,High,Even,55,High,Odd,62,High,Even,206,High,Even,9,Low,215,High,Odd
Sat,9,Dec,12,2017,2017-12-09,Start of Month,25,Low,Odd,36,High,Even,37,High,Odd,55,High,Odd,60,High,Even,213,High,Odd,6,Low,219,High,Odd
Wed,13,Dec,12,2017,2017-12-13,Start of Month,2,Low,Even,24,Low,Even,28,Low,Even,51,High,Odd,58,High,Even,163,Low,Odd,7,Low,170,Low,Even
Sat,16,Dec,12,2017,2017-12-16,End of Month,9,Low,Odd,35,High,Odd,37,High,Odd,50,High,Even,63,High,Odd,194,High,Even,11,Low,205,High,Odd
Wed,20,Dec,12,2017,2017-12-20,End of Month,1,Low,Odd,20,Low,Even,61,High,Odd,64,High,Even,69,High,Odd,215,High,Odd,20,High,235,High,Odd
Sat,23,Dec,12,2017,2017-12-23,End of Month,1,Low,Odd,3,Low,Odd,13,Low,Odd,15,Low,Odd,44,High,Even,76,Low,Even,25,High,101,Low,Odd
Wed,27,Dec,12,2017,2017-12-27,End of Month,3,Low,Odd,9,Low,Odd,16,Low,Even,56,High,Even,60,High,Even,144,Low,Even,3,Low,147,Low,Odd
Sat,30,Dec,12,2017,2017-12-30,End of Month,28,Low,Even,36,High,Even,41,High,Odd,51,High,Odd,58,High,Even,214,High,Even,24,High,238,High,Even
Wed,3,Jan,1,2018,2018-01-03,Start of Month,2,Low,Even,18,Low,Even,37,High,Odd,39,High,Odd,42,High,Even,138,Low,Even,12,Low,150,Low,Even
Sat,6,Jan,1,2018,2018-01-06,Start of Month,12,Low,Even,29,Low,Odd,30,Low,Even,33,Low,Odd,61,High,Odd,165,Low,Odd,26,High,191,High,Odd
Wed,10,Jan,1,2018,2018-01-10,Start of Month,7,Low,Odd,24,Low,Even,33,Low,Odd,49,High,Odd,50,High,Even,163,Low,Odd,4,Low,167,Low,Odd
Sat,13,Jan,1,2018,2018-01-13,Start of Month,14,Low,Even,25,Low,Odd,35,High,Odd,58,High,Even,69,High,Odd,201,High,Odd,24,High,225,High,Odd
Wed,17,Jan,1,2018,2018-01-17,End of Month,3,Low,Odd,33,Low,Odd,37,High,Odd,51,High,Odd,57,High,Odd,181,High,Odd,21,High,202,High,Even
Sat,20,Jan,1,2018,2018-01-20,End of Month,26,Low,Even,28,Low,Even,47,High,Odd,49,High,Odd,58,High,Even,208,High,Even,3,Low,211,High,Odd
Wed,24,Jan,1,2018,2018-01-24,End of Month,5,Low,Odd,9,Low,Odd,11,Low,Odd,33,Low,Odd,64,High,Even,122,Low,Even,21,High,143,Low,Odd
Sat,27,Jan,1,2018,2018-01-27,End of Month,17,Low,Odd,21,Low,Odd,26,Low,Even,47,High,Odd,54,High,Even,165,Low,Odd,7,Low,172,Low,Even
Wed,31,Jan,1,2018,2018-01-31,End of Month,4,Low,Even,7,Low,Odd,14,Low,Even,46,High,Even,59,High,Odd,130,Low,Even,22,High,152,Low,Even
Sat,3,Feb,2,2018,2018-02-03,Start of Month,15,Low,Odd,23,Low,Odd,27,Low,Odd,48,High,Even,53,High,Odd,166,Low,Even,6,Low,172,Low,Even
Wed,7,Feb,2,2018,2018-02-07,Start of Month,23,Low,Odd,34,Low,Even,35,High,Odd,40,High,Even,47,High,Odd,179,High,Odd,10,Low,189,High,Odd
Sat,10,Feb,2,2018,2018-02-10,Start of Month,1,Low,Odd,13,Low,Odd,27,Low,Odd,41,High,Odd,59,High,Odd,141,Low,Odd,20,High,161,Low,Odd
Wed,14,Feb,2,2018,2018-02-14,Start of Month,37,High,Odd,39,High,Odd,44,High,Even,46,High,Even,69,High,Odd,235,High,Odd,26,High,261,High,Odd
Sat,17,Feb,2,2018,2018-02-17,End of Month,13,Low,Odd,26,Low,Even,39,High,Odd,44,High,Even,62,High,Even,184,High,Even,2,Low,186,High,Even
Wed,21,Feb,2,2018,2018-02-21,End of Month,7,Low,Odd,15,Low,Odd,31,Low,Odd,34,Low,Even,36,High,Even,123,Low,Odd,8,Low,131,Low,Odd
Sat,24,Feb,2,2018,2018-02-24,End of Month,24,Low,Even,25,Low,Odd,38,High,Even,62,High,Even,63,High,Odd,212,High,Even,6,Low,218,High,Even
Wed,28,Feb,2,2018,2018-02-28,End of Month,12,Low,Even,30,Low,Even,59,High,Odd,65,High,Odd,69,High,Odd,235,High,Odd,16,High,251,High,Odd
Sat,3,Mar,3,2018,2018-03-03,Start of Month,13,Low,Odd,17,Low,Odd,25,Low,Odd,36,High,Even,40,High,Even,131,Low,Odd,5,Low,136,Low,Even
Wed,7,Mar,3,2018,2018-03-07,Start of Month,6,Low,Even,13,Low,Odd,19,Low,Odd,36,High,Even,51,High,Odd,125,Low,Odd,18,High,143,Low,Odd
Sat,10,Mar,3,2018,2018-03-10,Start of Month,43,High,Odd,44,High,Even,54,High,Even,61,High,Odd,69,High,Odd,271,High,Odd,22,High,293,High,Odd
Wed,14,Mar,3,2018,2018-03-14,Start of Month,6,Low,Even,12,Low,Even,24,Low,Even,41,High,Odd,68,High,Even,151,Low,Odd,9,Low,160,Low,Even
Sat,17,Mar,3,2018,2018-03-17,End of Month,22,Low,Even,57,High,Odd,59,High,Odd,60,High,Even,66,High,Even,264,High,Even,7,Low,271,High,Odd
Wed,21,Mar,3,2018,2018-03-21,End of Month,3,Low,Odd,4,Low,Even,18,Low,Even,29,Low,Odd,61,High,Odd,115,Low,Odd,25,High,140,Low,Even
Sat,24,Mar,3,2018,2018-03-24,End of Month,10,Low,Even,33,Low,Odd,45,High,Odd,53,High,Odd,56,High,Even,197,High,Odd,24,High,221,High,Odd
Wed,28,Mar,3,2018,2018-03-28,End of Month,6,Low,Even,8,Low,Even,26,Low,Even,52,High,Even,53,High,Odd,145,Low,Odd,21,High,166,Low,Even
Sat,31,Mar,3,2018,2018-03-31,End of Month,8,Low,Even,24,Low,Even,52,High,Even,55,High,Odd,61,High,Odd,200,High,Even,21,High,221,High,Odd
Wed,4,Apr,4,2018,2018-04-04,Start of Month,8,Low,Even,24,Low,Even,42,High,Even,54,High,Even,64,High,Even,192,High,Even,24,High,216,High,Even
Sat,7,Apr,4,2018,2018-04-07,Start of Month,2,Low,Even,17,Low,Odd,20,Low,Even,38,High,Even,39,High,Odd,116,Low,Even,20,High,136,Low,Even
Wed,11,Apr,4,2018,2018-04-11,Start of Month,16,Low,Even,18,Low,Even,27,Low,Odd,55,High,Odd,67,High,Odd,183,High,Odd,18,High,201,High,Odd
Sat,14,Apr,4,2018,2018-04-14,Start of Month,17,Low,Odd,19,Low,Odd,26,Low,Even,61,High,Odd,62,High,Even,185,High,Odd,15,High,200,High,Even
Wed,18,Apr,4,2018,2018-04-18,End of Month,9,Low,Odd,10,Low,Even,12,Low,Even,17,Low,Odd,23,Low,Odd,71,Low,Odd,9,Low,80,Low,Even
Sat,21,Apr,4,2018,2018-04-21,End of Month,40,High,Even,50,High,Even,54,High,Even,62,High,Even,69,High,Odd,275,High,Odd,19,High,294,High,Even
Wed,25,Apr,4,2018,2018-04-25,End of Month,17,Low,Odd,18,Low,Even,39,High,Odd,56,High,Even,64,High,Even,194,High,Even,12,Low,206,High,Even
Sat,28,Apr,4,2018,2018-04-28,End of Month,20,Low,Even,22,Low,Even,28,Low,Even,45,High,Odd,50,High,Even,165,Low,Odd,8,Low,173,Low,Odd
Wed,2,May,5,2018,2018-05-02,Start of Month,5,Low,Odd,14,Low,Even,31,Low,Odd,40,High,Even,50,High,Even,140,Low,Even,6,Low,146,Low,Even
Sat,5,May,5,2018,2018-05-05,Start of Month,14,Low,Even,29,Low,Odd,36,High,Even,57,High,Odd,61,High,Odd,197,High,Odd,17,High,214,High,Even
Wed,9,May,5,2018,2018-05-09,Start of Month,11,Low,Odd,16,Low,Even,38,High,Even,50,High,Even,69,High,Odd,184,High,Even,19,High,203,High,Odd
Sat,12,May,5,2018,2018-05-12,Start of Month,22,Low,Even,42,High,Even,45,High,Odd,55,High,Odd,56,High,Even,220,High,Even,14,High,234,High,Even
Wed,16,May,5,2018,2018-05-16,End of Month,17,Low,Odd,19,Low,Odd,21,Low,Odd,22,Low,Even,51,High,Odd,130,Low,Even,19,High,149,Low,Odd
Sat,19,May,5,2018,2018-05-19,End of Month,3,Low,Odd,6,Low,Even,9,Low,Odd,17,Low,Odd,56,High,Even,91,Low,Odd,25,High,116,Low,Even
Wed,23,May,5,2018,2018-05-23,End of Month,20,Low,Even,54,High,Even,56,High,Even,61,High,Odd,64,High,Even,255,High,Odd,7,Low,262,High,Even
Sat,26,May,5,2018,2018-05-26,End of Month,1,Low,Odd,21,Low,Odd,31,Low,Odd,45,High,Odd,49,High,Odd,147,Low,Odd,21,High,168,Low,Even
Wed,30,May,5,2018,2018-05-30,End of Month,17,Low,Odd,23,Low,Odd,26,Low,Even,46,High,Even,68,High,Even,180,High,Even,20,High,200,High,Even
Sat,2,Jun,6,2018,2018-06-02,Start of Month,23,Low,Odd,25,Low,Odd,37,High,Odd,44,High,Even,64,High,Even,193,High,Odd,7,Low,200,High,Even
Wed,6,Jun,6,2018,2018-06-06,Start of Month,23,Low,Odd,28,Low,Even,41,High,Odd,53,High,Odd,56,High,Even,201,High,Odd,14,High,215,High,Odd
Sat,9,Jun,6,2018,2018-06-09,Start of Month,6,Low,Even,10,Low,Even,15,Low,Odd,25,Low,Odd,36,High,Even,92,Low,Even,14,High,106,Low,Even
Wed,13,Jun,6,2018,2018-06-13,Start of Month,13,Low,Odd,20,Low,Even,38,High,Even,45,High,Odd,55,High,Odd,171,Low,Odd,1,Low,172,Low,Even
Sat,16,Jun,6,2018,2018-06-16,End of Month,9,Low,Odd,45,High,Odd,57,High,Odd,58,High,Even,65,High,Odd,234,High,Even,9,Low,243,High,Odd
Wed,20,Jun,6,2018,2018-06-20,End of Month,4,Low,Even,14,Low,Even,23,Low,Odd,27,Low,Odd,56,High,Even,124,Low,Even,13,Low,137,Low,Odd
Sat,23,Jun,6,2018,2018-06-23,End of Month,16,Low,Even,29,Low,Odd,43,High,Odd,45,High,Odd,56,High,Even,189,High,Odd,25,High,214,High,Even
Wed,27,Jun,6,2018,2018-06-27,End of Month,7,Low,Odd,28,Low,Even,37,High,Odd,62,High,Even,63,High,Odd,197,High,Odd,15,High,212,High,Even
Sat,30,Jun,6,2018,2018-06-30,End of Month,3,Low,Odd,9,Low,Odd,20,Low,Even,42,High,Even,61,High,Odd,135,Low,Odd,24,High,159,Low,Odd
Wed,4,Jul,7,2018,2018-07-04,Start of Month,4,Low,Even,7,Low,Odd,15,Low,Odd,41,High,Odd,44,High,Even,111,Low,Odd,10,Low,121,Low,Odd
Sat,7,Jul,7,2018,2018-07-07,Start of Month,1,Low,Odd,10,Low,Even,43,High,Odd,45,High,Odd,64,High,Even,163,Low,Odd,22,High,185,Low,Odd
Wed,11,Jul,7,2018,2018-07-11,Start of Month,19,Low,Odd,21,Low,Odd,27,Low,Odd,46,High,Even,47,High,Odd,160,Low,Even,7,Low,167,Low,Odd
Sat,14,Jul,7,2018,2018-07-14,Start of Month,22,Low,Even,41,High,Odd,42,High,Even,49,High,Odd,67,High,Odd,221,High,Odd,11,Low,232,High,Even
Wed,18,Jul,7,2018,2018-07-18,End of Month,1,Low,Odd,10,Low,Even,27,Low,Odd,28,Low,Even,36,High,Even,102,Low,Even,12,Low,114,Low,Even
Sat,21,Jul,7,2018,2018-07-21,End of Month,9,Low,Odd,23,Low,Odd,56,High,Even,58,High,Even,68,High,Even,214,High,Even,1,Low,215,High,Odd
Wed,25,Jul,7,2018,2018-07-25,End of Month,2,Low,Even,18,Low,Even,41,High,Odd,44,High,Even,64,High,Even,169,Low,Odd,26,High,195,High,Odd
Sat,28,Jul,7,2018,2018-07-28,End of Month,22,Low,Even,27,Low,Odd,46,High,Even,56,High,Even,65,High,Odd,216,High,Even,13,Low,229,High,Odd
Wed,1,Aug,8,2018,2018-08-01,Start of Month,5,Low,Odd,22,Low,Even,32,Low,Even,38,High,Even,58,High,Even,155,Low,Odd,26,High,181,Low,Odd
Sat,4,Aug,8,2018,2018-08-04,Start of Month,3,Low,Odd,11,Low,Odd,38,High,Even,44,High,Even,58,High,Even,154,Low,Even,2,Low,156,Low,Even
Wed,8,Aug,8,2018,2018-08-08,Start of Month,10,Low,Even,21,Low,Odd,30,Low,Even,43,High,Odd,63,High,Odd,167,Low,Odd,17,High,184,Low,Even
Sat,11,Aug,8,2018,2018-08-11,Start of Month,5,Low,Odd,43,High,Odd,56,High,Even,62,High,Even,68,High,Even,234,High,Even,24,High,258,High,Even
Wed,15,Aug,8,2018,2018-08-15,Start of Month,12,Low,Even,15,Low,Odd,28,Low,Even,47,High,Odd,48,High,Even,150,Low,Even,16,High,166,Low,Even
Sat,18,Aug,8,2018,2018-08-18,End of Month,24,Low,Even,34,Low,Even,52,High,Even,61,High,Odd,67,High,Odd,238,High,Even,16,High,254,High,Even
Wed,22,Aug,8,2018,2018-08-22,End of Month,1,Low,Odd,7,Low,Odd,45,High,Odd,47,High,Odd,69,High,Odd,169,Low,Odd,13,Low,182,Low,Even
Sat,25,Aug,8,2018,2018-08-25,End of Month,20,Low,Even,25,Low,Odd,54,High,Even,57,High,Odd,63,High,Odd,219,High,Odd,8,Low,227,High,Odd
Wed,29,Aug,8,2018,2018-08-29,End of Month,25,Low,Odd,41,High,Odd,53,High,Odd,57,High,Odd,67,High,Odd,243,High,Odd,12,Low,255,High,Odd
Sat,1,Sep,9,2018,2018-09-01,Start of Month,11,Low,Odd,54,High,Even,55,High,Odd,61,High,Odd,66,High,Even,247,High,Odd,9,Low,256,High,Even
Wed,5,Sep,9,2018,2018-09-05,Start of Month,6,Low,Even,15,Low,Odd,50,High,Even,59,High,Odd,60,High,Even,190,High,Even,13,Low,203,High,Odd
Sat,8,Sep,9,2018,2018-09-08,Start of Month,3,Low,Odd,13,Low,Odd,20,Low,Even,32,Low,Even,33,Low,Odd,101,Low,Odd,21,High,122,Low,Even
Wed,12,Sep,9,2018,2018-09-12,Start of Month,6,Low,Even,28,Low,Even,48,High,Even,63,High,Odd,64,High,Even,209,High,Odd,24,High,233,High,Odd
Sat,15,Sep,9,2018,2018-09-15,Start of Month,2,Low,Even,18,Low,Even,19,Low,Odd,24,Low,Even,34,Low,Even,97,Low,Odd,3,Low,100,Low,Even
Wed,19,Sep,9,2018,2018-09-19,End of Month,4,Low,Even,39,High,Odd,48,High,Even,50,High,Even,51,High,Odd,192,High,Even,11,Low,203,High,Odd
Sat,22,Sep,9,2018,2018-09-22,End of Month,24,Low,Even,61,High,Odd,63,High,Odd,64,High,Even,69,High,Odd,281,High,Odd,18,High,299,High,Odd
Wed,26,Sep,9,2018,2018-09-26,End of Month,1,Low,Odd,2,Low,Even,7,Low,Odd,30,Low,Even,50,High,Even,90,Low,Even,8,Low,98,Low,Even
Sat,29,Sep,9,2018,2018-09-29,End of Month,9,Low,Odd,17,Low,Odd,34,Low,Even,59,High,Odd,64,High,Even,183,High,Odd,22,High,205,High,Odd
Wed,3,Oct,10,2018,2018-10-03,Start of Month,41,High,Odd,53,High,Odd,59,High,Odd,63,High,Odd,66,High,Even,282,High,Even,3,Low,285,High,Odd
Sat,6,Oct,10,2018,2018-10-06,Start of Month,1,Low,Odd,22,Low,Even,27,Low,Odd,53,High,Odd,67,High,Odd,170,Low,Even,15,High,185,Low,Odd
Wed,10,Oct,10,2018,2018-10-10,Start of Month,8,Low,Even,23,Low,Odd,27,Low,Odd,42,High,Even,60,High,Even,160,Low,Even,7,Low,167,Low,Odd
Sat,13,Oct,10,2018,2018-10-13,Start of Month,11,Low,Odd,14,Low,Even,32,Low,Even,43,High,Odd,65,High,Odd,165,Low,Odd,15,High,180,Low,Even
Wed,17,Oct,10,2018,2018-10-17,End of Month,3,Low,Odd,57,High,Odd,64,High,Even,68,High,Even,69,High,Odd,261,High,Odd,15,High,276,High,Even
Sat,20,Oct,10,2018,2018-10-20,End of Month,16,Low,Even,54,High,Even,57,High,Odd,62,High,Even,69,High,Odd,258,High,Even,23,High,281,High,Odd
Wed,24,Oct,10,2018,2018-10-24,End of Month,3,Low,Odd,21,Low,Odd,45,High,Odd,53,High,Odd,56,High,Even,178,High,Even,22,High,200,High,Even
Sat,27,Oct,10,2018,2018-10-27,End of Month,8,Low,Even,12,Low,Even,13,Low,Odd,19,Low,Odd,27,Low,Odd,79,Low,Odd,4,Low,83,Low,Odd
Wed,31,Oct,10,2018,2018-10-31,End of Month,7,Low,Odd,25,Low,Odd,39,High,Odd,40,High,Even,47,High,Odd,158,Low,Even,20,High,178,Low,Even
Sat,3,Nov,11,2018,2018-11-03,Start of Month,15,Low,Odd,21,Low,Odd,24,Low,Even,32,Low,Even,65,High,Odd,157,Low,Odd,11,Low,168,Low,Even
Wed,7,Nov,11,2018,2018-11-07,Start of Month,26,Low,Even,28,Low,Even,34,Low,Even,42,High,Even,50,High,Even,180,High,Even,25,High,205,High,Odd
Sat,10,Nov,11,2018,2018-11-10,Start of Month,5,Low,Odd,29,Low,Odd,34,Low,Even,53,High,Odd,57,High,Odd,178,High,Even,24,High,202,High,Even
Wed,14,Nov,11,2018,2018-11-14,Start of Month,7,Low,Odd,42,High,Even,49,High,Odd,62,High,Even,69,High,Odd,229,High,Odd,23,High,252,High,Even
Sat,17,Nov,11,2018,2018-11-17,End of Month,6,Low,Even,8,Low,Even,20,Low,Even,52,High,Even,68,High,Even,154,Low,Even,5,Low,159,Low,Odd
Wed,21,Nov,11,2018,2018-11-21,End of Month,7,Low,Odd,14,Low,Even,23,Low,Odd,38,High,Even,55,High,Odd,137,Low,Odd,18,High,155,Low,Odd
Sat,24,Nov,11,2018,2018-11-24,End of Month,11,Low,Odd,33,Low,Odd,51,High,Odd,56,High,Even,58,High,Even,209,High,Odd,18,High,227,High,Odd
Wed,28,Nov,11,2018,2018-11-28,End of Month,4,Low,Even,19,Low,Odd,59,High,Odd,68,High,Even,69,High,Odd,219,High,Odd,21,High,240,High,Even
Sat,1,Dec,12,2018,2018-12-01,Start of Month,10,Low,Even,11,Low,Odd,47,High,Odd,55,High,Odd,58,High,Even,181,High,Odd,26,High,207,High,Odd
Wed,5,Dec,12,2018,2018-12-05,Start of Month,9,Low,Odd,11,Low,Odd,36,High,Even,37,High,Odd,38,High,Even,131,Low,Odd,11,Low,142,Low,Even
Sat,8,Dec,12,2018,2018-12-08,Start of Month,14,Low,Even,32,Low,Even,34,Low,Even,46,High,Even,61,High,Odd,187,High,Odd,10,Low,197,High,Odd
Wed,12,Dec,12,2018,2018-12-12,Start of Month,4,Low,Even,9,Low,Odd,21,Low,Odd,29,Low,Odd,64,High,Even,127,Low,Odd,26,High,153,Low,Odd
Sat,15,Dec,12,2018,2018-12-15,Start of Month,8,Low,Even,38,High,Even,43,High,Odd,52,High,Even,55,High,Odd,196,High,Even,17,High,213,High,Odd
Wed,19,Dec,12,2018,2018-12-19,End of Month,15,Low,Odd,29,Low,Odd,31,Low,Odd,37,High,Odd,43,High,Odd,155,Low,Odd,16,High,171,Low,Odd
Sat,22,Dec,12,2018,2018-12-22,End of Month,21,Low,Odd,28,Low,Even,30,Low,Even,40,High,Even,59,High,Odd,178,High,Even,26,High,204,High,Even
Wed,26,Dec,12,2018,2018-12-26,End of Month,5,Low,Odd,25,Low,Odd,38,High,Even,52,High,Even,67,High,Odd,187,High,Odd,24,High,211,High,Odd
Sat,29,Dec,12,2018,2018-12-29,End of Month,12,Low,Even,42,High,Even,51,High,Odd,53,High,Odd,62,High,Even,220,High,Even,25,High,245,High,Odd
Wed,2,Jan,1,2019,2019-01-02,Start of Month,8,Low,Even,12,Low,Even,42,High,Even,46,High,Even,56,High,Even,164,Low,Even,12,Low,176,Low,Even
Sat,5,Jan,1,2019,2019-01-05,Start of Month,3,Low,Odd,7,Low,Odd,15,Low,Odd,27,Low,Odd,69,High,Odd,121,Low,Odd,19,High,140,Low,Even
Wed,9,Jan,1,2019,2019-01-09,Start of Month,6,Low,Even,19,Low,Odd,37,High,Odd,49,High,Odd,59,High,Odd,170,Low,Even,22,High,192,High,Even
Sat,12,Jan,1,2019,2019-01-12,Start of Month,7,Low,Odd,36,High,Even,48,High,Even,57,High,Odd,58,High,Even,206,High,Even,24,High,230,High,Even
Wed,16,Jan,1,2019,2019-01-16,End of Month,14,Low,Even,29,Low,Odd,31,Low,Odd,56,High,Even,61,High,Odd,191,High,Odd,1,Low,192,High,Even
Sat,19,Jan,1,2019,2019-01-19,End of Month,5,Low,Odd,8,Low,Even,41,High,Odd,65,High,Odd,66,High,Even,185,High,Odd,20,High,205,High,Odd
Wed,23,Jan,1,2019,2019-01-23,End of Month,23,Low,Odd,25,Low,Odd,47,High,Odd,48,High,Even,50,High,Even,193,High,Odd,24,High,217,High,Odd
Sat,26,Jan,1,2019,2019-01-26,End of Month,8,Low,Even,12,Low,Even,20,Low,Even,21,Low,Odd,32,Low,Even,93,Low,Odd,10,Low,103,Low,Odd
Wed,30,Jan,1,2019,2019-01-30,End of Month,2,Low,Even,12,Low,Even,16,Low,Even,29,Low,Odd,54,High,Even,113,Low,Odd,6,Low,119,Low,Odd
Sat,2,Feb,2,2019,2019-02-02,Start of Month,10,Low,Even,17,Low,Odd,18,Low,Even,43,High,Odd,65,High,Odd,153,Low,Odd,13,Low,166,Low,Even
Wed,6,Feb,2,2019,2019-02-06,Start of Month,5,Low,Odd,13,Low,Odd,28,Low,Even,38,High,Even,63,High,Odd,147,Low,Odd,21,High,168,Low,Even
Sat,9,Feb,2,2019,2019-02-09,Start of Month,1,Low,Odd,2,Low,Even,3,Low,Odd,7,Low,Odd,39,High,Odd,52,Low,Even,25,High,77,Low,Odd
Wed,13,Feb,2,2019,2019-02-13,Start of Month,2,Low,Even,8,Low,Even,14,Low,Even,24,Low,Even,69,High,Odd,117,Low,Odd,26,High,143,Low,Odd
Sat,16,Feb,2,2019,2019-02-16,End of Month,29,Low,Odd,30,Low,Even,41,High,Odd,48,High,Even,64,High,Even,212,High,Even,1,Low,213,High,Odd
Wed,20,Feb,2,2019,2019-02-20,End of Month,27,Low,Odd,49,High,Odd,50,High,Even,51,High,Odd,52,High,Even,229,High,Odd,2,Low,231,High,Odd
Sat,23,Feb,2,2019,2019-02-23,End of Month,4,Low,Even,6,Low,Even,14,Low,Even,20,Low,Even,32,Low,Even,76,Low,Even,13,Low,89,Low,Odd
Wed,27,Feb,2,2019,2019-02-27,End of Month,21,Low,Odd,31,Low,Odd,42,High,Even,49,High,Odd,59,High,Odd,202,High,Even,23,High,225,High,Odd
Sat,2,Mar,3,2019,2019-03-02,Start of Month,1,Low,Odd,19,Low,Odd,25,Low,Odd,27,Low,Odd,68,High,Even,140,Low,Even,21,High,161,Low,Odd
Wed,6,Mar,3,2019,2019-03-06,Start of Month,6,Low,Even,10,Low,Even,21,Low,Odd,35,High,Odd,46,High,Even,118,Low,Even,23,High,141,Low,Odd
Sat,9,Mar,3,2019,2019-03-09,Start of Month,5,Low,Odd,6,Low,Even,45,High,Odd,55,High,Odd,59,High,Odd,170,Low,Even,14,High,184,Low,Even
Wed,13,Mar,3,2019,2019-03-13,Start of Month,18,Low,Even,36,High,Even,45,High,Odd,47,High,Odd,69,High,Odd,215,High,Odd,14,High,229,High,Odd
Sat,16,Mar,3,2019,2019-03-16,End of Month,30,Low,Even,34,Low,Even,39,High,Odd,53,High,Odd,67,High,Odd,223,High,Odd,11,Low,234,High,Even
Wed,20,Mar,3,2019,2019-03-20,End of Month,10,Low,Even,14,Low,Even,50,High,Even,53,High,Odd,63,High,Odd,190,High,Even,21,High,211,High,Odd
Sat,23,Mar,3,2019,2019-03-23,End of Month,24,Low,Even,25,Low,Odd,52,High,Even,60,High,Even,66,High,Even,227,High,Odd,5,Low,232,High,Even
Wed,27,Mar,3,2019,2019-03-27,End of Month,16,Low,Even,20,Low,Even,37,High,Odd,44,High,Even,62,High,Even,179,High,Odd,12,Low,191,High,Odd
Sat,30,Mar,3,2019,2019-03-30,End of Month,21,Low,Odd,52,High,Even,54,High,Even,64,High,Even,68,High,Even,259,High,Odd,4,Low,263,High,Odd
Wed,3,Apr,4,2019,2019-04-03,Start of Month,16,Low,Even,19,Low,Odd,25,Low,Odd,32,Low,Even,49,High,Odd,141,Low,Odd,18,High,159,Low,Odd
Sat,6,Apr,4,2019,2019-04-06,Start of Month,15,Low,Odd,33,Low,Odd,43,High,Odd,59,High,Odd,60,High,Even,210,High,Even,8,Low,218,High,Even
Wed,10,Apr,4,2019,2019-04-10,Start of Month,12,Low,Even,21,Low,Odd,23,Low,Odd,39,High,Odd,67,High,Odd,162,Low,Even,6,Low,168,Low,Even
Sat,13,Apr,4,2019,2019-04-13,Start of Month,4,Low,Even,17,Low,Odd,26,Low,Even,32,Low,Even,49,High,Odd,128,Low,Even,10,Low,138,Low,Even
Wed,17,Apr,4,2019,2019-04-17,End of Month,1,Low,Odd,15,Low,Odd,17,Low,Odd,46,High,Even,66,High,Even,145,Low,Odd,15,High,160,Low,Even
Sat,20,Apr,4,2019,2019-04-20,End of Month,3,Low,Odd,27,Low,Odd,30,Low,Even,63,High,Odd,65,High,Odd,188,High,Even,1,Low,189,High,Odd
Wed,24,Apr,4,2019,2019-04-24,End of Month,6,Low,Even,32,Low,Even,35,High,Odd,36,High,Even,65,High,Odd,174,High,Even,4,Low,178,Low,Even
Sat,27,Apr,4,2019,2019-04-27,End of Month,2,Low,Even,29,Low,Odd,41,High,Odd,45,High,Odd,62,High,Even,179,High,Odd,6,Low,185,Low,Odd
Wed,1,May,5,2019,2019-05-01,Start of Month,5,Low,Odd,23,Low,Odd,28,Low,Even,56,High,Even,66,High,Even,178,High,Even,17,High,195,High,Odd
Sat,4,May,5,2019,2019-05-04,Start of Month,6,Low,Even,16,Low,Even,23,Low,Odd,30,Low,Even,61,High,Odd,136,Low,Even,2,Low,138,Low,Even
Wed,8,May,5,2019,2019-05-08,Start of Month,1,Low,Odd,45,High,Odd,53,High,Odd,64,High,Even,66,High,Even,229,High,Odd,3,Low,232,High,Even
Sat,11,May,5,2019,2019-05-11,Start of Month,6,Low,Even,8,Low,Even,9,Low,Odd,37,High,Odd,40,High,Even,100,Low,Even,26,High,126,Low,Even
Wed,15,May,5,2019,2019-05-15,Start of Month,7,Low,Odd,17,Low,Odd,33,Low,Odd,61,High,Odd,68,High,Even,186,High,Even,4,Low,190,High,Even
Sat,18,May,5,2019,2019-05-18,End of Month,2,Low,Even,10,Low,Even,25,Low,Odd,66,High,Even,67,High,Odd,170,Low,Even,26,High,196,High,Even
Wed,22,May,5,2019,2019-05-22,End of Month,7,Low,Odd,10,Low,Even,20,Low,Even,44,High,Even,57,High,Odd,138,Low,Even,3,Low,141,Low,Odd
Sat,25,May,5,2019,2019-05-25,End of Month,1,Low,Odd,2,Low,Even,39,High,Odd,43,High,Odd,66,High,Even,151,Low,Odd,2,Low,153,Low,Odd
Wed,29,May,5,2019,2019-05-29,End of Month,3,Low,Odd,32,Low,Even,34,Low,Even,42,High,Even,61,High,Odd,172,Low,Even,7,Low,179,Low,Odd
Sat,1,Jun,6,2019,2019-06-01,Start of Month,6,Low,Even,15,Low,Odd,34,Low,Even,45,High,Odd,52,High,Even,152,Low,Even,8,Low,160,Low,Even
Wed,5,Jun,6,2019,2019-06-05,Start of Month,17,Low,Odd,23,Low,Odd,28,Low,Even,34,Low,Even,38,High,Even,140,Low,Even,8,Low,148,Low,Even
Sat,8,Jun,6,2019,2019-06-08,Start of Month,9,Low,Odd,13,Low,Odd,42,High,Even,48,High,Even,60,High,Even,172,Low,Even,18,High,190,High,Even
Wed,12,Jun,6,2019,2019-06-12,Start of Month,5,Low,Odd,35,High,Odd,38,High,Even,42,High,Even,57,High,Odd,177,High,Odd,13,Low,190,High,Even
Sat,15,Jun,6,2019,2019-06-15,Start of Month,8,Low,Even,11,Low,Odd,14,Low,Even,16,Low,Even,49,High,Odd,98,Low,Even,14,High,112,Low,Even
Wed,19,Jun,6,2019,2019-06-19,End of Month,4,Low,Even,18,Low,Even,21,Low,Odd,26,Low,Even,38,High,Even,107,Low,Odd,1,Low,108,Low,Even
Sat,22,Jun,6,2019,2019-06-22,End of Month,3,Low,Odd,6,Low,Even,11,Low,Odd,14,Low,Even,66,High,Even,100,Low,Even,21,High,121,Low,Odd
Wed,26,Jun,6,2019,2019-06-26,End of Month,1,Low,Odd,5,Low,Odd,16,Low,Even,22,Low,Even,54,High,Even,98,Low,Even,24,High,122,Low,Even
Sat,29,Jun,6,2019,2019-06-29,End of Month,13,Low,Odd,17,Low,Odd,24,Low,Even,59,High,Odd,62,High,Even,175,High,Odd,8,Low,183,Low,Odd
Wed,3,Jul,7,2019,2019-07-03,Start of Month,40,High,Even,43,High,Odd,45,High,Odd,50,High,Even,61,High,Odd,239,High,Odd,25,High,264,High,Even
Sat,6,Jul,7,2019,2019-07-06,Start of Month,4,Low,Even,8,Low,Even,23,Low,Odd,46,High,Even,65,High,Odd,146,Low,Even,1,Low,147,Low,Odd
Wed,10,Jul,7,2019,2019-07-10,Start of Month,7,Low,Odd,9,Low,Odd,26,Low,Even,44,High,Even,68,High,Even,154,Low,Even,3,Low,157,Low,Odd
Sat,13,Jul,7,2019,2019-07-13,Start of Month,13,Low,Odd,23,Low,Odd,32,Low,Even,35,High,Odd,68,High,Even,171,Low,Odd,21,High,192,High,Even
Wed,17,Jul,7,2019,2019-07-17,End of Month,19,Low,Odd,43,High,Odd,47,High,Odd,60,High,Even,68,High,Even,237,High,Odd,10,Low,247,High,Odd
Sat,20,Jul,7,2019,2019-07-20,End of Month,5,Low,Odd,26,Low,Even,36,High,Even,64,High,Even,69,High,Odd,200,High,Even,19,High,219,High,Odd
Wed,24,Jul,7,2019,2019-07-24,End of Month,22,Low,Even,29,Low,Odd,35,High,Odd,53,High,Odd,56,High,Even,195,High,Odd,13,Low,208,High,Even
Sat,27,Jul,7,2019,2019-07-27,End of Month,1,Low,Odd,19,Low,Odd,31,Low,Odd,48,High,Even,61,High,Odd,160,Low,Even,6,Low,166,Low,Even
Wed,31,Jul,7,2019,2019-07-31,End of Month,14,Low,Even,37,High,Odd,47,High,Odd,55,High,Odd,67,High,Odd,220,High,Even,6,Low,226,High,Even
Sat,3,Aug,8,2019,2019-08-03,Start of Month,3,Low,Odd,6,Low,Even,45,High,Odd,66,High,Even,68,High,Even,188,High,Even,13,Low,201,High,Odd
Wed,7,Aug,8,2019,2019-08-07,Start of Month,8,Low,Even,32,Low,Even,47,High,Odd,53,High,Odd,59,High,Odd,199,High,Odd,3,Low,202,High,Even
Sat,10,Aug,8,2019,2019-08-10,Start of Month,35,High,Odd,41,High,Odd,44,High,Even,58,High,Even,59,High,Odd,237,High,Odd,3,Low,240,High,Even
Wed,14,Aug,8,2019,2019-08-14,Start of Month,10,Low,Even,13,Low,Odd,30,Low,Even,51,High,Odd,69,High,Odd,173,High,Odd,10,Low,183,Low,Odd
Sat,17,Aug,8,2019,2019-08-17,End of Month,18,Low,Even,21,Low,Odd,24,Low,Even,30,Low,Even,60,High,Even,153,Low,Odd,20,High,173,Low,Odd
Wed,21,Aug,8,2019,2019-08-21,End of Month,12,Low,Even,21,Low,Odd,22,Low,Even,29,Low,Odd,32,Low,Even,116,Low,Even,21,High,137,Low,Odd
Sat,24,Aug,8,2019,2019-08-24,End of Month,5,Low,Odd,12,Low,Even,20,Low,Even,21,Low,Odd,47,High,Odd,105,Low,Odd,1,Low,106,Low,Even
Wed,28,Aug,8,2019,2019-08-28,End of Month,9,Low,Odd,32,Low,Even,37,High,Odd,41,High,Odd,56,High,Even,175,High,Odd,14,High,189,High,Odd
Sat,31,Aug,8,2019,2019-08-31,End of Month,14,Low,Even,41,High,Odd,50,High,Even,56,High,Even,57,High,Odd,218,High,Even,18,High,236,High,Even
Wed,4,Sep,9,2019,2019-09-04,Start of Month,4,Low,Even,8,Low,Even,30,Low,Even,52,High,Even,59,High,Odd,153,Low,Odd,2,Low,155,Low,Odd
Sat,7,Sep,9,2019,2019-09-07,Start of Month,11,Low,Odd,20,Low,Even,41,High,Odd,42,High,Even,56,High,Even,170,Low,Even,6,Low,176,Low,Even
Wed,11,Sep,9,2019,2019-09-11,Start of Month,6,Low,Even,17,Low,Odd,24,Low,Even,53,High,Odd,57,High,Odd,157,Low,Odd,3,Low,160,Low,Even
Sat,14,Sep,9,2019,2019-09-14,Start of Month,11,Low,Odd,27,Low,Odd,31,Low,Odd,36,High,Even,67,High,Odd,172,Low,Even,11,Low,183,Low,Odd
Wed,18,Sep,9,2019,2019-09-18,End of Month,14,Low,Even,19,Low,Odd,39,High,Odd,47,High,Odd,51,High,Odd,170,Low,Even,15,High,185,Low,Odd
Sat,21,Sep,9,2019,2019-09-21,End of Month,1,Low,Odd,9,Low,Odd,22,Low,Even,36,High,Even,68,High,Even,136,Low,Even,22,High,158,Low,Even
Wed,25,Sep,9,2019,2019-09-25,End of Month,37,High,Odd,43,High,Odd,44,High,Even,45,High,Odd,53,High,Odd,222,High,Even,25,High,247,High,Odd
Sat,28,Sep,9,2019,2019-09-28,End of Month,15,Low,Odd,23,Low,Odd,34,Low,Even,51,High,Odd,55,High,Odd,178,High,Even,4,Low,182,Low,Even
Wed,2,Oct,10,2019,2019-10-02,Start of Month,4,Low,Even,8,Low,Even,10,Low,Even,43,High,Odd,53,High,Odd,118,Low,Even,7,Low,125,Low,Odd
Sat,5,Oct,10,2019,2019-10-05,Start of Month,6,Low,Even,14,Low,Even,36,High,Even,51,High,Odd,54,High,Even,161,Low,Odd,4,Low,165,Low,Odd
Wed,9,Oct,10,2019,2019-10-09,Start of Month,5,Low,Odd,18,Low,Even,33,Low,Odd,43,High,Odd,65,High,Odd,164,Low,Even,2,Low,166,Low,Even
Sat,12,Oct,10,2019,2019-10-12,Start of Month,12,Low,Even,29,Low,Odd,34,Low,Even,53,High,Odd,65,High,Odd,193,High,Odd,23,High,216,High,Even
Wed,16,Oct,10,2019,2019-10-16,End of Month,1,Low,Odd,5,Low,Odd,25,Low,Odd,63,High,Odd,67,High,Odd,161,Low,Odd,3,Low,164,Low,Even
Sat,19,Oct,10,2019,2019-10-19,End of Month,14,Low,Even,27,Low,Odd,29,Low,Odd,59,High,Odd,65,High,Odd,194,High,Even,12,Low,206,High,Even
Wed,23,Oct,10,2019,2019-10-23,End of Month,5,Low,Odd,12,Low,Even,50,High,Even,61,High,Odd,69,High,Odd,197,High,Odd,23,High,220,High,Even
Sat,26,Oct,10,2019,2019-10-26,End of Month,3,Low,Odd,20,Low,Even,48,High,Even,54,High,Even,59,High,Odd,184,High,Even,4,Low,188,High,Even
Wed,30,Oct,10,2019,2019-10-30,End of Month,19,Low,Odd,22,Low,Even,52,High,Even,56,High,Even,67,High,Odd,216,High,Even,21,High,237,High,Odd
Sat,2,Nov,11,2019,2019-11-02,Start of Month,3,Low,Odd,23,Low,Odd,32,Low,Even,37,High,Odd,58,High,Even,153,Low,Odd,22,High,175,Low,Odd
Wed,6,Nov,11,2019,2019-11-06,Start of Month,15,Low,Odd,28,Low,Even,46,High,Even,62,High,Even,64,High,Even,215,High,Odd,17,High,232,High,Even
Sat,9,Nov,11,2019,2019-11-09,Start of Month,14,Low,Even,17,Low,Odd,35,High,Odd,38,High,Even,60,High,Even,164,Low,Even,25,High,189,High,Odd
Wed,13,Nov,11,2019,2019-11-13,Start of Month,23,Low,Odd,26,Low,Even,27,Low,Odd,28,Low,Even,66,High,Even,170,Low,Even,11,Low,181,Low,Odd
Sat,16,Nov,11,2019,2019-11-16,End of Month,14,Low,Even,22,Low,Even,26,Low,Even,55,High,Odd,63,High,Odd,180,High,Even,26,High,206,High,Even
Wed,20,Nov,11,2019,2019-11-20,End of Month,7,Low,Odd,15,Low,Odd,39,High,Odd,40,High,Even,57,High,Odd,158,Low,Even,12,Low,170,Low,Even
Sat,23,Nov,11,2019,2019-11-23,End of Month,28,Low,Even,35,High,Odd,38,High,Even,61,High,Odd,66,High,Even,228,High,Even,23,High,251,High,Odd
Wed,27,Nov,11,2019,2019-11-27,End of Month,15,Low,Odd,26,Low,Even,37,High,Odd,53,High,Odd,55,High,Odd,186,High,Even,21,High,207,High,Odd
Sat,30,Nov,11,2019,2019-11-30,End of Month,15,Low,Odd,35,High,Odd,42,High,Even,63,High,Odd,68,High,Even,223,High,Odd,18,High,241,High,Odd
Wed,4,Dec,12,2019,2019-12-04,Start of Month,8,Low,Even,27,Low,Odd,44,High,Even,51,High,Odd,61,High,Odd,191,High,Odd,14,High,205,High,Odd
Sat,7,Dec,12,2019,2019-12-07,Start of Month,18,Low,Even,42,High,Even,53,High,Odd,62,High,Even,66,High,Even,241,High,Odd,25,High,266,High,Even
Wed,11,Dec,12,2019,2019-12-11,Start of Month,24,Low,Even,29,Low,Odd,42,High,Even,44,High,Even,63,High,Odd,202,High,Even,10,Low,212,High,Even
Sat,14,Dec,12,2019,2019-12-14,Start of Month,3,Low,Odd,6,Low,Even,12,Low,Even,32,Low,Even,64,High,Even,117,Low,Odd,19,High,136,Low,Even
Wed,18,Dec,12,2019,2019-12-18,End of Month,14,Low,Even,18,Low,Even,26,Low,Even,39,High,Odd,68,High,Even,165,Low,Odd,9,Low,174,Low,Even
Sat,21,Dec,12,2019,2019-12-21,End of Month,19,Low,Odd,31,Low,Odd,35,High,Odd,50,High,Even,67,High,Odd,202,High,Even,14,High,216,High,Even
Wed,25,Dec,12,2019,2019-12-25,End of Month,2,Low,Even,4,Low,Even,16,Low,Even,30,Low,Even,46,High,Even,98,Low,Even,20,High,118,Low,Even
Sat,28,Dec,12,2019,2019-12-28,End of Month,20,Low,Even,23,Low,Odd,39,High,Odd,59,High,Odd,60,High,Even,201,High,Odd,18,High,219,High,Odd
Wed,1,Jan,1,2020,2020-01-01,Start of Month,49,High,Odd,53,High,Odd,57,High,Odd,59,High,Odd,62,High,Even,280,High,Even,26,High,306,High,Even
Sat,4,Jan,1,2020,2020-01-04,Start of Month,1,Low,Odd,11,Low,Odd,21,Low,Odd,25,Low,Odd,54,High,Even,112,Low,Even,7,Low,119,Low,Odd
Wed,8,Jan,1,2020,2020-01-08,Start of Month,2,Low,Even,4,Low,Even,7,Low,Odd,43,High,Odd,56,High,Even,112,Low,Even,22,High,134,Low,Even
Sat,11,Jan,1,2020,2020-01-11,Start of Month,3,Low,Odd,21,Low,Odd,23,Low,Odd,31,Low,Odd,59,High,Odd,137,Low,Odd,3,Low,140,Low,Even
Wed,15,Jan,1,2020,2020-01-15,Start of Month,39,High,Odd,41,High,Odd,53,High,Odd,55,High,Odd,68,High,Even,256,High,Even,19,High,275,High,Odd
Sat,18,Jan,1,2020,2020-01-18,End of Month,20,Low,Even,24,Low,Even,38,High,Even,56,High,Even,68,High,Even,206,High,Even,18,High,224,High,Even
Wed,22,Jan,1,2020,2020-01-22,End of Month,11,Low,Odd,33,Low,Odd,44,High,Even,59,High,Odd,67,High,Odd,214,High,Even,8,Low,222,High,Even
Sat,25,Jan,1,2020,2020-01-25,End of Month,2,Low,Even,9,Low,Odd,17,Low,Odd,36,High,Even,67,High,Odd,131,Low,Odd,18,High,149,Low,Odd
Wed,29,Jan,1,2020,2020-01-29,End of Month,9,Low,Odd,12,Low,Even,15,Low,Odd,31,Low,Odd,60,High,Even,127,Low,Odd,2,Low,129,Low,Odd
Sat,1,Feb,2,2020,2020-02-01,Start of Month,12,Low,Even,33,Low,Odd,54,High,Even,57,High,Odd,60,High,Even,216,High,Even,13,Low,229,High,Odd
Wed,5,Feb,2,2020,2020-02-05,Start of Month,23,Low,Odd,30,Low,Even,35,High,Odd,41,High,Odd,57,High,Odd,186,High,Even,2,Low,188,High,Even
Sat,8,Feb,2,2020,2020-02-08,Start of Month,35,High,Odd,49,High,Odd,50,High,Even,59,High,Odd,66,High,Even,259,High,Odd,6,Low,265,High,Odd
Wed,12,Feb,2,2020,2020-02-12,Start of Month,14,Low,Even,47,High,Odd,54,High,Even,55,High,Odd,68,High,Even,238,High,Even,25,High,263,High,Odd
Sat,15,Feb,2,2020,2020-02-15,Start of Month,16,Low,Even,32,Low,Even,35,High,Odd,36,High,Even,46,High,Even,165,Low,Odd,3,Low,168,Low,Even
Wed,19,Feb,2,2020,2020-02-19,End of Month,10,Low,Even,12,Low,Even,15,Low,Odd,19,Low,Odd,56,High,Even,112,Low,Even,19,High,131,Low,Odd
Sat,22,Feb,2,2020,2020-02-22,End of Month,25,Low,Odd,37,High,Odd,39,High,Odd,61,High,Odd,62,High,Even,224,High,Even,11,Low,235,High,Odd
Wed,26,Feb,2,2020,2020-02-26,End of Month,8,Low,Even,27,Low,Odd,29,Low,Odd,36,High,Even,47,High,Odd,147,Low,Odd,24,High,171,Low,Odd
Sat,29,Feb,2,2020,2020-02-29,End of Month,24,Low,Even,44,High,Even,46,High,Even,50,High,Even,51,High,Odd,215,High,Odd,13,Low,228,High,Even
Wed,4,Mar,3,2020,2020-03-04,Start of Month,18,Low,Even,43,High,Odd,58,High,Even,60,High,Even,68,High,Even,247,High,Odd,14,High,261,High,Odd
Sat,7,Mar,3,2020,2020-03-07,Start of Month,7,Low,Odd,15,Low,Odd,21,Low,Odd,33,Low,Odd,62,High,Even,138,Low,Even,23,High,161,Low,Odd
Wed,11,Mar,3,2020,2020-03-11,Start of Month,4,Low,Even,29,Low,Odd,49,High,Odd,50,High,Even,67,High,Odd,199,High,Odd,2,Low,201,High,Odd
Sat,14,Mar,3,2020,2020-03-14,Start of Month,9,Low,Odd,23,Low,Odd,26,Low,Even,30,Low,Even,32,Low,Even,120,Low,Even,8,Low,128,Low,Even
Wed,18,Mar,3,2020,2020-03-18,End of Month,15,Low,Odd,27,Low,Odd,44,High,Even,59,High,Odd,63,High,Odd,208,High,Even,8,Low,216,High,Even
Sat,21,Mar,3,2020,2020-03-21,End of Month,2,Low,Even,23,Low,Odd,40,High,Even,59,High,Odd,69,High,Odd,193,High,Odd,13,Low,206,High,Even
Wed,25,Mar,3,2020,2020-03-25,End of Month,5,Low,Odd,9,Low,Odd,27,Low,Odd,39,High,Odd,42,High,Even,122,Low,Even,16,High,138,Low,Even
Sat,28,Mar,3,2020,2020-03-28,End of Month,7,Low,Odd,40,High,Even,48,High,Even,55,High,Odd,66,High,Even,216,High,Even,11,Low,227,High,Odd
Wed,1,Apr,4,2020,2020-04-01,Start of Month,33,Low,Odd,35,High,Odd,45,High,Odd,48,High,Even,60,High,Even,221,High,Odd,16,High,237,High,Odd
Sat,4,Apr,4,2020,2020-04-04,Start of Month,8,Low,Even,31,Low,Odd,39,High,Odd,40,High,Even,43,High,Odd,161,Low,Odd,4,Low,165,Low,Odd
Wed,8,Apr,4,2020,2020-04-08,Start of Month,2,Low,Even,37,High,Odd,39,High,Odd,48,High,Even,54,High,Even,180,High,Even,5,Low,185,Low,Odd
Sat,11,Apr,4,2020,2020-04-11,Start of Month,22,Low,Even,29,Low,Odd,30,Low,Even,42,High,Even,47,High,Odd,170,Low,Even,17,High,187,High,Odd
Wed,15,Apr,4,2020,2020-04-15,Start of Month,10,Low,Even,12,Low,Even,33,Low,Odd,36,High,Even,41,High,Odd,132,Low,Even,2,Low,134,Low,Even
Sat,18,Apr,4,2020,2020-04-18,End of Month,4,Low,Even,44,High,Even,46,High,Even,56,High,Even,63,High,Odd,213,High,Odd,19,High,232,High,Even
Wed,22,Apr,4,2020,2020-04-22,End of Month,1,Low,Odd,33,Low,Odd,35,High,Odd,40,High,Even,69,High,Odd,178,High,Even,24,High,202,High,Even
Sat,25,Apr,4,2020,2020-04-25,End of Month,1,Low,Odd,3,Low,Odd,21,Low,Odd,47,High,Odd,57,High,Odd,129,Low,Odd,18,High,147,Low,Odd
Wed,29,Apr,4,2020,2020-04-29,End of Month,2,Low,Even,20,Low,Even,49,High,Odd,61,High,Odd,67,High,Odd,199,High,Odd,20,High,219,High,Odd
Sat,2,May,5,2020,2020-05-02,Start of Month,13,Low,Odd,16,Low,Even,33,Low,Odd,58,High,Even,68,High,Even,188,High,Even,24,High,212,High,Even
Wed,6,May,5,2020,2020-05-06,Start of Month,7,Low,Odd,8,Low,Even,35,High,Odd,50,High,Even,65,High,Odd,165,Low,Odd,20,High,185,Low,Odd
Sat,9,May,5,2020,2020-05-09,Start of Month,12,Low,Even,18,Low,Even,42,High,Even,48,High,Even,65,High,Odd,185,High,Odd,19,High,204,High,Even
Wed,13,May,5,2020,2020-05-13,Start of Month,39,High,Odd,53,High,Odd,54,High,Even,56,High,Even,57,High,Odd,259,High,Odd,20,High,279,High,Odd
Sat,16,May,5,2020,2020-05-16,End of Month,8,Low,Even,12,Low,Even,26,Low,Even,39,High,Odd,42,High,Even,127,Low,Odd,11,Low,138,Low,Even
Wed,20,May,5,2020,2020-05-20,End of Month,18,Low,Even,34,Low,Even,40,High,Even,42,High,Even,50,High,Even,184,High,Even,9,Low,193,High,Odd
Sat,23,May,5,2020,2020-05-23,End of Month,2,Low,Even,8,Low,Even,18,Low,Even,21,Low,Odd,23,Low,Odd,72,Low,Even,16,High,88,Low,Even
Wed,27,May,5,2020,2020-05-27,End of Month,38,High,Even,58,High,Even,59,High,Odd,64,High,Even,68,High,Even,287,High,Odd,21,High,308,High,Even
Sat,30,May,5,2020,2020-05-30,End of Month,13,Low,Odd,32,Low,Even,41,High,Odd,58,High,Even,60,High,Even,204,High,Even,14,High,218,High,Even
Wed,3,Jun,6,2020,2020-06-03,Start of Month,1,Low,Odd,3,Low,Odd,26,Low,Even,41,High,Odd,64,High,Even,135,Low,Odd,17,High,152,Low,Even
Sat,6,Jun,6,2020,2020-06-06,Start of Month,1,Low,Odd,17,Low,Odd,38,High,Even,68,High,Even,69,High,Odd,193,High,Odd,18,High,211,High,Odd
Wed,10,Jun,6,2020,2020-06-10,Start of Month,10,Low,Even,33,Low,Odd,41,High,Odd,52,High,Even,54,High,Even,190,High,Even,18,High,208,High,Even
Sat,13,Jun,6,2020,2020-06-13,Start of Month,2,Low,Even,12,Low,Even,32,Low,Even,50,High,Even,65,High,Odd,161,Low,Odd,5,Low,166,Low,Even
Wed,17,Jun,6,2020,2020-06-17,End of Month,7,Low,Odd,10,Low,Even,63,High,Odd,64,High,Even,68,High,Even,212,High,Even,10,Low,222,High,Even
Sat,20,Jun,6,2020,2020-06-20,End of Month,10,Low,Even,31,Low,Odd,41,High,Odd,63,High,Odd,67,High,Odd,212,High,Even,5,Low,217,High,Odd
Wed,24,Jun,6,2020,2020-06-24,End of Month,15,Low,Odd,22,Low,Even,27,Low,Odd,33,Low,Odd,46,High,Even,143,Low,Odd,23,High,166,Low,Even
Sat,27,Jun,6,2020,2020-06-27,End of Month,9,Low,Odd,36,High,Even,49,High,Odd,56,High,Even,62,High,Even,212,High,Even,8,Low,220,High,Even
Wed,1,Jul,7,2020,2020-07-01,Start of Month,15,Low,Odd,28,Low,Even,52,High,Even,53,High,Odd,63,High,Odd,211,High,Odd,18,High,229,High,Odd
Sat,4,Jul,7,2020,2020-07-04,Start of Month,16,Low,Even,21,Low,Odd,27,Low,Odd,60,High,Even,61,High,Odd,185,High,Odd,6,Low,191,High,Odd
Wed,8,Jul,7,2020,2020-07-08,Start of Month,3,Low,Odd,10,Low,Even,34,Low,Even,36,High,Even,62,High,Even,145,Low,Odd,5,Low,150,Low,Even
Sat,11,Jul,7,2020,2020-07-11,Start of Month,14,Low,Even,19,Low,Odd,61,High,Odd,62,High,Even,64,High,Even,220,High,Even,4,Low,224,High,Even
Wed,15,Jul,7,2020,2020-07-15,Start of Month,27,Low,Odd,47,High,Odd,61,High,Odd,62,High,Even,69,High,Odd,266,High,Even,4,Low,270,High,Even
Sat,18,Jul,7,2020,2020-07-18,End of Month,13,Low,Odd,16,Low,Even,32,Low,Even,58,High,Even,59,High,Odd,178,High,Even,9,Low,187,High,Odd
Wed,22,Jul,7,2020,2020-07-22,End of Month,16,Low,Even,25,Low,Odd,36,High,Even,44,High,Even,55,High,Odd,176,High,Even,14,High,190,High,Even
Sat,25,Jul,7,2020,2020-07-25,End of Month,5,Low,Odd,21,Low,Odd,36,High,Even,61,High,Odd,62,High,Even,185,High,Odd,18,High,203,High,Odd
Wed,29,Jul,7,2020,2020-07-29,End of Month,7,Low,Odd,29,Low,Odd,35,High,Odd,40,High,Even,45,High,Odd,156,Low,Even,26,High,182,Low,Even
Sat,1,Aug,8,2020,2020-08-01,Start of Month,6,Low,Even,25,Low,Odd,36,High,Even,43,High,Odd,48,High,Even,158,Low,Even,24,High,182,Low,Even
Wed,5,Aug,8,2020,2020-08-05,Start of Month,7,Low,Odd,14,Low,Even,17,Low,Odd,57,High,Odd,65,High,Odd,160,Low,Even,24,High,184,Low,Even
Sat,8,Aug,8,2020,2020-08-08,Start of Month,2,Low,Even,3,Low,Odd,14,Low,Even,40,High,Even,51,High,Odd,110,Low,Even,24,High,134,Low,Even
Wed,12,Aug,8,2020,2020-08-12,Start of Month,2,Low,Even,6,Low,Even,18,Low,Even,36,High,Even,37,High,Odd,99,Low,Odd,21,High,120,Low,Even
Sat,15,Aug,8,2020,2020-08-15,Start of Month,5,Low,Odd,12,Low,Even,34,Low,Even,45,High,Odd,56,High,Even,152,Low,Even,3,Low,155,Low,Odd
Wed,19,Aug,8,2020,2020-08-19,End of Month,13,Low,Odd,23,Low,Odd,47,High,Odd,55,High,Odd,58,High,Even,196,High,Even,23,High,219,High,Odd
Sat,22,Aug,8,2020,2020-08-22,End of Month,19,Low,Odd,30,Low,Even,36,High,Even,42,High,Even,66,High,Even,193,High,Odd,14,High,207,High,Odd
Wed,26,Aug,8,2020,2020-08-26,End of Month,8,Low,Even,12,Low,Even,19,Low,Odd,47,High,Odd,58,High,Even,144,Low,Even,2,Low,146,Low,Even
Sat,29,Aug,8,2020,2020-08-29,End of Month,5,Low,Odd,21,Low,Odd,22,Low,Even,29,Low,Odd,43,High,Odd,120,Low,Even,10,Low,130,Low,Even
Wed,2,Sep,9,2020,2020-09-02,Start of Month,1,Low,Odd,4,Low,Even,11,Low,Odd,20,Low,Even,69,High,Odd,105,Low,Odd,18,High,123,Low,Odd
Sat,5,Sep,9,2020,2020-09-05,Start of Month,15,Low,Odd,21,Low,Odd,22,Low,Even,27,Low,Odd,47,High,Odd,132,Low,Even,7,Low,139,Low,Odd
Wed,9,Sep,9,2020,2020-09-09,Start of Month,27,Low,Odd,52,High,Even,55,High,Odd,60,High,Even,64,High,Even,258,High,Even,21,High,279,High,Odd
Sat,12,Sep,9,2020,2020-09-12,Start of Month,16,Low,Even,17,Low,Odd,20,Low,Even,53,High,Odd,67,High,Odd,173,High,Odd,4,Low,177,Low,Odd
Wed,16,Sep,9,2020,2020-09-16,End of Month,10,Low,Even,17,Low,Odd,31,Low,Odd,51,High,Odd,53,High,Odd,162,Low,Even,1,Low,163,Low,Odd
Sat,19,Sep,9,2020,2020-09-19,End of Month,11,Low,Odd,14,Low,Even,23,Low,Odd,47,High,Odd,57,High,Odd,152,Low,Even,14,High,166,Low,Even
Wed,23,Sep,9,2020,2020-09-23,End of Month,8,Low,Even,17,Low,Odd,49,High,Odd,52,High,Even,59,High,Odd,185,High,Odd,1,Low,186,High,Even
Sat,26,Sep,9,2020,2020-09-26,End of Month,11,Low,Odd,21,Low,Odd,27,Low,Odd,36,High,Even,62,High,Even,157,Low,Odd,24,High,181,Low,Odd
Wed,30,Sep,9,2020,2020-09-30,End of Month,14,Low,Even,18,Low,Even,36,High,Even,49,High,Odd,67,High,Odd,184,High,Even,18,High,202,High,Even
Sat,3,Oct,10,2020,2020-10-03,Start of Month,18,Low,Even,31,Low,Odd,36,High,Even,43,High,Odd,47,High,Odd,175,High,Odd,20,High,195,High,Odd
Wed,7,Oct,10,2020,2020-10-07,Start of Month,6,Low,Even,24,Low,Even,30,Low,Even,53,High,Odd,56,High,Even,169,Low,Odd,19,High,188,High,Even
Sat,10,Oct,10,2020,2020-10-10,Start of Month,5,Low,Odd,18,Low,Even,23,Low,Odd,40,High,Even,50,High,Even,136,Low,Even,18,High,154,Low,Even
Wed,14,Oct,10,2020,2020-10-14,Start of Month,21,Low,Odd,37,High,Odd,52,High,Even,53,High,Odd,58,High,Even,221,High,Odd,5,Low,226,High,Even
Sat,17,Oct,10,2020,2020-10-17,End of Month,6,Low,Even,10,Low,Even,31,Low,Odd,37,High,Odd,44,High,Even,128,Low,Even,23,High,151,Low,Odd
Wed,21,Oct,10,2020,2020-10-21,End of Month,1,Low,Odd,3,Low,Odd,13,Low,Odd,44,High,Even,56,High,Even,117,Low,Odd,26,High,143,Low,Odd
Sat,24,Oct,10,2020,2020-10-24,End of Month,18,Low,Even,20,Low,Even,27,Low,Odd,45,High,Odd,65,High,Odd,175,High,Odd,6,Low,181,Low,Odd
Wed,28,Oct,10,2020,2020-10-28,End of Month,11,Low,Odd,28,Low,Even,37,High,Odd,40,High,Even,53,High,Odd,169,Low,Odd,13,Low,182,Low,Even
Sat,31,Oct,10,2020,2020-10-31,End of Month,2,Low,Even,6,Low,Even,40,High,Even,42,High,Even,55,High,Odd,145,Low,Odd,24,High,169,Low,Odd
Wed,4,Nov,11,2020,2020-11-04,Start of Month,23,Low,Odd,32,Low,Even,33,Low,Odd,45,High,Odd,49,High,Odd,182,High,Even,14,High,196,High,Even
Sat,7,Nov,11,2020,2020-11-07,Start of Month,14,Low,Even,16,Low,Even,37,High,Odd,48,High,Even,58,High,Even,173,High,Odd,18,High,191,High,Odd
Wed,11,Nov,11,2020,2020-11-11,Start of Month,13,Low,Odd,15,Low,Odd,17,Low,Odd,45,High,Odd,63,High,Odd,153,Low,Odd,13,Low,166,Low,Even
Sat,14,Nov,11,2020,2020-11-14,Start of Month,7,Low,Odd,15,Low,Odd,18,Low,Even,32,Low,Even,45,High,Odd,117,Low,Odd,20,High,137,Low,Odd
Wed,18,Nov,11,2020,2020-11-18,End of Month,4,Low,Even,5,Low,Odd,17,Low,Odd,43,High,Odd,52,High,Even,121,Low,Odd,5,Low,126,Low,Even
Sat,21,Nov,11,2020,2020-11-21,End of Month,51,High,Odd,54,High,Even,57,High,Odd,60,High,Even,69,High,Odd,291,High,Odd,11,Low,302,High,Even
Wed,25,Nov,11,2020,2020-11-25,End of Month,2,Low,Even,57,High,Odd,58,High,Even,60,High,Even,65,High,Odd,242,High,Even,26,High,268,High,Even
Sat,28,Nov,11,2020,2020-11-28,End of Month,8,Low,Even,12,Low,Even,18,Low,Even,44,High,Even,51,High,Odd,133,Low,Odd,18,High,151,Low,Odd
Wed,2,Dec,12,2020,2020-12-02,Start of Month,28,Low,Even,31,Low,Odd,40,High,Even,41,High,Odd,46,High,Even,186,High,Even,4,Low,190,High,Even
Sat,5,Dec,12,2020,2020-12-05,Start of Month,3,Low,Odd,4,Low,Even,6,Low,Even,48,High,Even,53,High,Odd,114,Low,Even,10,Low,124,Low,Even
Wed,9,Dec,12,2020,2020-12-09,Start of Month,11,Low,Odd,14,Low,Even,31,Low,Odd,47,High,Odd,48,High,Even,151,Low,Odd,4,Low,155,Low,Odd
Sat,12,Dec,12,2020,2020-12-12,Start of Month,17,Low,Odd,54,High,Even,56,High,Even,63,High,Odd,69,High,Odd,259,High,Odd,20,High,279,High,Odd
Wed,16,Dec,12,2020,2020-12-16,End of Month,4,Low,Even,23,Low,Odd,37,High,Odd,61,High,Odd,67,High,Odd,192,High,Even,7,Low,199,High,Odd
Sat,19,Dec,12,2020,2020-12-19,End of Month,27,Low,Odd,32,Low,Even,34,Low,Even,43,High,Odd,52,High,Even,188,High,Even,13,Low,201,High,Odd
Wed,23,Dec,12,2020,2020-12-23,End of Month,6,Low,Even,13,Low,Odd,38,High,Even,39,High,Odd,53,High,Odd,149,Low,Odd,6,Low,155,Low,Odd
Sat,26,Dec,12,2020,2020-12-26,End of Month,10,Low,Even,24,Low,Even,27,Low,Odd,35,High,Odd,53,High,Odd,149,Low,Odd,18,High,167,Low,Odd
Wed,30,Dec,12,2020,2020-12-30,End of Month,3,Low,Odd,43,High,Odd,45,High,Odd,61,High,Odd,65,High,Odd,217,High,Odd,14,High,231,High,Odd
Sat,2,Jan,1,2021,2021-01-02,Start of Month,3,Low,Odd,4,Low,Even,11,Low,Odd,41,High,Odd,67,High,Odd,126,Low,Even,5,Low,131,Low,Odd
Wed,6,Jan,1,2021,2021-01-06,Start of Month,1,Low,Odd,20,Low,Even,22,Low,Even,60,High,Even,66,High,Even,169,Low,Odd,3,Low,172,Low,Even
Sat,9,Jan,1,2021,2021-01-09,Start of Month,14,Low,Even,26,Low,Even,38,High,Even,45,High,Odd,46,High,Even,169,Low,Odd,13,Low,182,Low,Even
Wed,13,Jan,1,2021,2021-01-13,Start of Month,4,Low,Even,19,Low,Odd,23,Low,Odd,25,Low,Odd,49,High,Odd,120,Low,Even,14,High,134,Low,Even
Sat,16,Jan,1,2021,2021-01-16,End of Month,14,Low,Even,20,Low,Even,39,High,Odd,65,High,Odd,67,High,Odd,205,High,Odd,2,Low,207,High,Odd
Wed,20,Jan,1,2021,2021-01-20,End of Month,40,High,Even,53,High,Odd,60,High,Even,68,High,Even,69,High,Odd,290,High,Even,22,High,312,High,Even
Sat,23,Jan,1,2021,2021-01-23,End of Month,5,Low,Odd,8,Low,Even,17,Low,Odd,27,Low,Odd,28,Low,Even,85,Low,Odd,14,High,99,Low,Odd
Wed,27,Jan,1,2021,2021-01-27,End of Month,17,Low,Odd,33,Low,Odd,35,High,Odd,42,High,Even,52,High,Even,179,High,Odd,9,Low,188,High,Even
Sat,30,Jan,1,2021,2021-01-30,End of Month,1,Low,Odd,2,Low,Even,7,Low,Odd,52,High,Even,61,High,Odd,123,Low,Odd,4,Low,127,Low,Odd
Wed,3,Feb,2,2021,2021-02-03,Start of Month,5,Low,Odd,37,High,Odd,40,High,Even,64,High,Even,66,High,Even,212,High,Even,5,Low,217,High,Odd
Sat,6,Feb,2,2021,2021-02-06,Start of Month,1,Low,Odd,16,Low,Even,48,High,Even,49,High,Odd,65,High,Odd,179,High,Odd,8,Low,187,High,Odd
Wed,10,Feb,2,2021,2021-02-10,Start of Month,15,Low,Odd,39,High,Odd,58,High,Even,63,High,Odd,67,High,Odd,242,High,Even,7,Low,249,High,Odd
Sat,13,Feb,2,2021,2021-02-13,Start of Month,20,Low,Even,28,Low,Even,33,Low,Odd,63,High,Odd,68,High,Even,212,High,Even,20,High,232,High,Even
Wed,17,Feb,2,2021,2021-02-17,End of Month,1,Low,Odd,15,Low,Odd,21,Low,Odd,32,Low,Even,46,High,Even,115,Low,Odd,1,Low,116,Low,Even
Sat,20,Feb,2,2021,2021-02-20,End of Month,4,Low,Even,8,Low,Even,22,Low,Even,32,Low,Even,58,High,Even,124,Low,Even,4,Low,128,Low,Even
Wed,24,Feb,2,2021,2021-02-24,End of Month,4,Low,Even,33,Low,Odd,43,High,Odd,53,High,Odd,65,High,Odd,198,High,Even,21,High,219,High,Odd
Sat,27,Feb,2,2021,2021-02-27,End of Month,2,Low,Even,28,Low,Even,31,Low,Odd,44,High,Even,52,High,Even,157,Low,Odd,18,High,175,Low,Odd
Wed,3,Mar,3,2021,2021-03-03,Start of Month,21,Low,Odd,40,High,Even,44,High,Even,50,High,Even,55,High,Odd,210,High,Even,16,High,226,High,Even
Sat,6,Mar,3,2021,2021-03-06,Start of Month,11,Low,Odd,31,Low,Odd,50,High,Even,52,High,Even,58,High,Even,202,High,Even,18,High,220,High,Even
Wed,10,Mar,3,2021,2021-03-10,Start of Month,17,Low,Odd,18,Low,Even,37,High,Odd,44,High,Even,53,High,Odd,169,Low,Odd,18,High,187,High,Odd
Sat,13,Mar,3,2021,2021-03-13,Start of Month,5,Low,Odd,11,Low,Odd,51,High,Odd,56,High,Even,61,High,Odd,184,High,Even,2,Low,186,High,Even
Wed,17,Mar,3,2021,2021-03-17,End of Month,34,Low,Even,38,High,Even,42,High,Even,61,High,Odd,62,High,Even,237,High,Odd,19,High,256,High,Even
Sat,20,Mar,3,2021,2021-03-20,End of Month,1,Low,Odd,6,Low,Even,22,Low,Even,42,High,Even,61,High,Odd,132,Low,Even,4,Low,136,Low,Even
Wed,24,Mar,3,2021,2021-03-24,End of Month,4,Low,Even,9,Low,Odd,17,Low,Odd,27,Low,Odd,38,High,Even,95,Low,Odd,18,High,113,Low,Odd
Sat,27,Mar,3,2021,2021-03-27,End of Month,6,Low,Even,14,Low,Even,38,High,Even,39,High,Odd,65,High,Odd,162,Low,Even,6,Low,168,Low,Even
Wed,31,Mar,3,2021,2021-03-31,End of Month,3,Low,Odd,10,Low,Even,44,High,Even,55,High,Odd,68,High,Even,180,High,Even,24,High,204,High,Even
Sat,3,Apr,4,2021,2021-04-03,Start of Month,1,Low,Odd,12,Low,Even,17,Low,Odd,39,High,Odd,53,High,Odd,122,Low,Even,5,Low,127,Low,Odd
Wed,7,Apr,4,2021,2021-04-07,Start of Month,27,Low,Odd,35,High,Odd,39,High,Odd,51,High,Odd,66,High,Even,218,High,Even,16,High,234,High,Even
Sat,10,Apr,4,2021,2021-04-10,Start of Month,14,Low,Even,16,Low,Even,23,Low,Odd,50,High,Even,53,High,Odd,156,Low,Even,3,Low,159,Low,Odd
Wed,14,Apr,4,2021,2021-04-14,Start of Month,13,Low,Odd,30,Low,Even,33,Low,Odd,45,High,Odd,61,High,Odd,182,High,Even,14,High,196,High,Even
Sat,17,Apr,4,2021,2021-04-17,End of Month,10,Low,Even,21,Low,Odd,26,Low,Even,41,High,Odd,49,High,Odd,147,Low,Odd,25,High,172,Low,Even
Wed,21,Apr,4,2021,2021-04-21,End of Month,21,Low,Odd,25,Low,Odd,32,Low,Even,63,High,Odd,67,High,Odd,208,High,Even,6,Low,214,High,Even
Sat,24,Apr,4,2021,2021-04-24,End of Month,22,Low,Even,36,High,Even,48,High,Even,59,High,Odd,61,High,Odd,226,High,Even,22,High,248,High,Even
Wed,28,Apr,4,2021,2021-04-28,End of Month,16,Low,Even,18,Low,Even,35,High,Odd,39,High,Odd,53,High,Odd,161,Low,Odd,21,High,182,Low,Even
Sat,1,May,5,2021,2021-05-01,Start of Month,35,High,Odd,36,High,Even,47,High,Odd,61,High,Odd,63,High,Odd,242,High,Even,3,Low,245,High,Odd
Wed,5,May,5,2021,2021-05-05,Start of Month,16,Low,Even,23,Low,Odd,28,Low,Even,40,High,Even,63,High,Odd,170,Low,Even,1,Low,171,Low,Odd
Sat,8,May,5,2021,2021-05-08,Start of Month,12,Low,Even,17,Low,Odd,20,Low,Even,21,Low,Odd,26,Low,Even,96,Low,Even,8,Low,104,Low,Even
Wed,12,May,5,2021,2021-05-12,Start of Month,1,Low,Odd,19,Low,Odd,20,Low,Even,38,High,Even,54,High,Even,132,Low,Even,17,High,149,Low,Odd
Sat,15,May,5,2021,2021-05-15,Start of Month,4,Low,Even,10,Low,Even,37,High,Odd,39,High,Odd,69,High,Odd,159,Low,Odd,24,High,183,Low,Odd
Wed,19,May,5,2021,2021-05-19,End of Month,11,Low,Odd,13,Low,Odd,55,High,Odd,56,High,Even,69,High,Odd,204,High,Even,4,Low,208,High,Even
Sat,22,May,5,2021,2021-05-22,End of Month,3,Low,Odd,19,Low,Odd,27,Low,Odd,37,High,Odd,40,High,Even,126,Low,Even,8,Low,134,Low,Even
Wed,26,May,5,2021,2021-05-26,End of Month,2,Low,Even,8,Low,Even,21,Low,Odd,34,Low,Even,62,High,Even,127,Low,Odd,16,High,143,Low,Odd
Sat,29,May,5,2021,2021-05-29,End of Month,11,Low,Odd,13,Low,Odd,22,Low,Even,27,Low,Odd,46,High,Even,119,Low,Odd,20,High,139,Low,Odd
Wed,2,Jun,6,2021,2021-06-02,Start of Month,6,Low,Even,7,Low,Odd,11,Low,Odd,66,High,Even,67,High,Odd,157,Low,Odd,19,High,176,Low,Even
Sat,5,Jun,6,2021,2021-06-05,Start of Month,44,High,Even,52,High,Even,54,High,Even,64,High,Even,69,High,Odd,283,High,Odd,26,High,309,High,Odd
Wed,9,Jun,6,2021,2021-06-09,Start of Month,19,Low,Odd,28,Low,Even,46,High,Even,50,High,Even,54,High,Even,197,High,Odd,9,Low,206,High,Even
Sat,12,Jun,6,2021,2021-06-12,Start of Month,8,Low,Even,25,Low,Odd,34,Low,Even,38,High,Even,41,High,Odd,146,Low,Even,10,Low,156,Low,Even
Wed,16,Jun,6,2021,2021-06-16,End of Month,19,Low,Odd,29,Low,Odd,34,Low,Even,44,High,Even,50,High,Even,176,High,Even,25,High,201,High,Odd
Sat,19,Jun,6,2021,2021-06-19,End of Month,4,Low,Even,22,Low,Even,35,High,Odd,38,High,Even,39,High,Odd,138,Low,Even,20,High,158,Low,Even
Wed,23,Jun,6,2021,2021-06-23,End of Month,13,Low,Odd,20,Low,Even,40,High,Even,51,High,Odd,63,High,Odd,187,High,Odd,1,Low,188,High,Even
Sat,26,Jun,6,2021,2021-06-26,End of Month,8,Low,Even,31,Low,Odd,39,High,Odd,43,High,Odd,60,High,Even,181,High,Odd,17,High,198,High,Even
Wed,30,Jun,6,2021,2021-06-30,End of Month,24,Low,Even,29,Low,Odd,50,High,Even,65,High,Odd,66,High,Even,234,High,Even,14,High,248,High,Even
Sat,3,Jul,7,2021,2021-07-03,Start of Month,26,Low,Even,40,High,Even,41,High,Odd,55,High,Odd,65,High,Odd,227,High,Odd,24,High,251,High,Odd
Wed,7,Jul,7,2021,2021-07-07,Start of Month,8,Low,Even,21,Low,Odd,30,Low,Even,49,High,Odd,57,High,Odd,165,Low,Odd,8,Low,173,Low,Odd
Sat,10,Jul,7,2021,2021-07-10,Start of Month,1,Low,Odd,5,Low,Odd,29,Low,Odd,54,High,Even,62,High,Even,151,Low,Odd,3,Low,154,Low,Even
Wed,14,Jul,7,2021,2021-07-14,Start of Month,33,Low,Odd,46,High,Even,52,High,Even,59,High,Odd,62,High,Even,252,High,Even,10,Low,262,High,Even
Sat,17,Jul,7,2021,2021-07-17,End of Month,15,Low,Odd,22,Low,Even,38,High,Even,54,High,Even,66,High,Even,195,High,Odd,3,Low,198,High,Even
Wed,21,Jul,7,2021,2021-07-21,End of Month,27,Low,Odd,28,Low,Even,44,High,Even,67,High,Odd,68,High,Even,234,High,Even,11,Low,245,High,Odd
Sat,24,Jul,7,2021,2021-07-24,End of Month,1,Low,Odd,4,Low,Even,11,Low,Odd,59,High,Odd,67,High,Odd,142,Low,Even,10,Low,152,Low,Even
Wed,28,Jul,7,2021,2021-07-28,End of Month,25,Low,Odd,30,Low,Even,53,High,Odd,59,High,Odd,60,High,Even,227,High,Odd,5,Low,232,High,Even
Sat,31,Jul,7,2021,2021-07-31,End of Month,1,Low,Odd,21,Low,Odd,22,Low,Even,34,Low,Even,47,High,Odd,125,Low,Odd,4,Low,129,Low,Odd
Wed,4,Aug,8,2021,2021-08-04,Start of Month,5,Low,Odd,21,Low,Odd,32,Low,Even,36,High,Even,58,High,Even,152,Low,Even,14,High,166,Low,Even
Sat,7,Aug,8,2021,2021-08-07,Start of Month,7,Low,Odd,24,Low,Even,36,High,Even,54,High,Even,60,High,Even,181,High,Odd,23,High,204,High,Even
Wed,11,Aug,8,2021,2021-08-11,Start of Month,12,Low,Even,18,Low,Even,20,Low,Even,29,Low,Odd,30,Low,Even,109,Low,Odd,16,High,125,Low,Odd
Sat,14,Aug,8,2021,2021-08-14,Start of Month,6,Low,Even,21,Low,Odd,49,High,Odd,65,High,Odd,67,High,Odd,208,High,Even,18,High,226,High,Even
Wed,18,Aug,8,2021,2021-08-18,End of Month,35,High,Odd,36,High,Even,51,High,Odd,55,High,Odd,61,High,Odd,238,High,Even,26,High,264,High,Even
Sat,21,Aug,8,2021,2021-08-21,End of Month,16,Low,Even,28,Low,Even,36,High,Even,39,High,Odd,59,High,Odd,178,High,Even,4,Low,182,Low,Even
Mon,23,Aug,8,2021,2021-08-23,End of Month,17,Low,Odd,36,High,Even,47,High,Odd,60,High,Even,61,High,Odd,221,High,Odd,15,High,236,High,Even
Wed,25,Aug,8,2021,2021-08-25,End of Month,27,Low,Odd,39,High,Odd,54,High,Even,56,High,Even,59,High,Odd,235,High,Odd,24,High,259,High,Odd
Sat,28,Aug,8,2021,2021-08-28,End of Month,12,Low,Even,22,Low,Even,26,Low,Even,46,High,Even,59,High,Odd,165,Low,Odd,26,High,191,High,Odd
Mon,30,Aug,8,2021,2021-08-30,End of Month,3,Low,Odd,15,Low,Odd,45,High,Odd,51,High,Odd,61,High,Odd,175,High,Odd,8,Low,183,Low,Odd
Wed,1,Sep,9,2021,2021-09-01,Start of Month,10,Low,Even,20,Low,Even,29,Low,Odd,48,High,Even,51,High,Odd,158,Low,Even,17,High,175,Low,Odd
Sat,4,Sep,9,2021,2021-09-04,Start of Month,32,Low,Even,35,High,Odd,40,High,Even,52,High,Even,54,High,Even,213,High,Odd,1,Low,214,High,Even
Mon,6,Sep,9,2021,2021-09-06,Start of Month,11,Low,Odd,20,Low,Even,22,Low,Even,33,Low,Odd,54,High,Even,140,Low,Even,24,High,164,Low,Even
Wed,8,Sep,9,2021,2021-09-08,Start of Month,9,Low,Odd,22,Low,Even,41,High,Odd,47,High,Odd,61,High,Odd,180,High,Even,21,High,201,High,Odd
Sat,11,Sep,9,2021,2021-09-11,Start of Month,20,Low,Even,31,Low,Odd,38,High,Even,40,High,Even,49,High,Odd,178,High,Even,21,High,199,High,Odd
Mon,13,Sep,9,2021,2021-09-13,Start of Month,37,High,Odd,40,High,Even,50,High,Even,61,High,Odd,63,High,Odd,251,High,Odd,21,High,272,High,Even
Wed,15,Sep,9,2021,2021-09-15,Start of Month,1,Low,Odd,4,Low,Even,18,Low,Even,46,High,Even,62,High,Even,131,Low,Odd,25,High,156,Low,Even
Sat,18,Sep,9,2021,2021-09-18,End of Month,5,Low,Odd,36,High,Even,39,High,Odd,45,High,Odd,57,High,Odd,182,High,Even,11,Low,193,High,Odd
Mon,20,Sep,9,2021,2021-09-20,End of Month,37,High,Odd,51,High,Odd,54,High,Even,58,High,Even,60,High,Even,260,High,Even,19,High,279,High,Odd
Wed,22,Sep,9,2021,2021-09-22,End of Month,20,Low,Even,40,High,Even,47,High,Odd,55,High,Odd,63,High,Odd,225,High,Odd,5,Low,230,High,Even
Sat,25,Sep,9,2021,2021-09-25,End of Month,22,Low,Even,23,Low,Odd,37,High,Odd,62,High,Even,63,High,Odd,207,High,Odd,19,High,226,High,Even
Mon,27,Sep,9,2021,2021-09-27,End of Month,21,Low,Odd,22,Low,Even,39,High,Odd,44,High,Even,60,High,Even,186,High,Even,12,Low,198,High,Even
Wed,29,Sep,9,2021,2021-09-29,End of Month,2,Low,Even,7,Low,Odd,11,Low,Odd,17,Low,Odd,32,Low,Even,69,Low,Odd,11,Low,80,Low,Even
Sat,2,Oct,10,2021,2021-10-02,Start of Month,28,Low,Even,38,High,Even,42,High,Even,47,High,Odd,52,High,Even,207,High,Odd,1,Low,208,High,Even
Mon,4,Oct,10,2021,2021-10-04,Start of Month,12,Low,Even,22,Low,Even,54,High,Even,66,High,Even,69,High,Odd,223,High,Odd,15,High,238,High,Even
Wed,6,Oct,10,2021,2021-10-06,Start of Month,1,Low,Odd,17,Low,Odd,52,High,Even,58,High,Even,64,High,Even,192,High,Even,1,Low,193,High,Odd
Sat,9,Oct,10,2021,2021-10-09,Start of Month,12,Low,Even,17,Low,Odd,30,Low,Even,45,High,Odd,62,High,Even,166,Low,Even,5,Low,171,Low,Odd
Mon,11,Oct,10,2021,2021-10-11,Start of Month,11,Low,Odd,20,Low,Even,33,Low,Odd,39,High,Odd,65,High,Odd,168,Low,Even,24,High,192,High,Even
Wed,13,Oct,10,2021,2021-10-13,Start of Month,23,Low,Odd,29,Low,Odd,47,High,Odd,59,High,Odd,60,High,Even,218,High,Even,15,High,233,High,Odd
Sat,16,Oct,10,2021,2021-10-16,End of Month,30,Low,Even,31,Low,Odd,41,High,Odd,42,High,Even,48,High,Even,192,High,Even,3,Low,195,High,Odd
Mon,18,Oct,10,2021,2021-10-18,End of Month,30,Low,Even,32,Low,Even,48,High,Even,53,High,Odd,63,High,Odd,226,High,Even,12,Low,238,High,Even
Wed,20,Oct,10,2021,2021-10-20,End of Month,7,Low,Odd,29,Low,Odd,36,High,Even,41,High,Odd,43,High,Odd,156,Low,Even,5,Low,161,Low,Odd
Sat,23,Oct,10,2021,2021-10-23,End of Month,10,Low,Even,30,Low,Even,51,High,Odd,57,High,Odd,63,High,Odd,211,High,Odd,20,High,231,High,Odd
Mon,25,Oct,10,2021,2021-10-25,End of Month,10,Low,Even,27,Low,Odd,29,Low,Odd,44,High,Even,58,High,Even,168,Low,Even,24,High,192,High,Even
Wed,27,Oct,10,2021,2021-10-27,End of Month,3,Low,Odd,6,Low,Even,26,Low,Even,35,High,Odd,51,High,Odd,121,Low,Odd,17,High,138,Low,Even
Sat,30,Oct,10,2021,2021-10-30,End of Month,5,Low,Odd,23,Low,Odd,28,Low,Even,43,High,Odd,56,High,Even,155,Low,Odd,19,High,174,Low,Even
Mon,1,Nov,11,2021,2021-11-01,Start of Month,9,Low,Odd,25,Low,Odd,34,Low,Even,44,High,Even,45,High,Odd,157,Low,Odd,8,Low,165,Low,Odd
Wed,3,Nov,11,2021,2021-11-03,Start of Month,1,Low,Odd,2,Low,Even,24,Low,Even,50,High,Even,57,High,Odd,134,Low,Even,26,High,160,Low,Even
Sat,6,Nov,11,2021,2021-11-06,Start of Month,8,Low,Even,30,Low,Even,48,High,Even,57,High,Odd,64,High,Even,207,High,Odd,9,Low,216,High,Even
Mon,8,Nov,11,2021,2021-11-08,Start of Month,21,Low,Odd,46,High,Even,47,High,Odd,57,High,Odd,62,High,Even,233,High,Odd,8,Low,241,High,Odd
Wed,10,Nov,11,2021,2021-11-10,Start of Month,19,Low,Odd,25,Low,Odd,43,High,Odd,46,High,Even,48,High,Even,181,High,Odd,14,High,195,High,Odd
Sat,13,Nov,11,2021,2021-11-13,Start of Month,8,Low,Even,15,Low,Odd,26,Low,Even,35,High,Odd,45,High,Odd,129,Low,Odd,9,Low,138,Low,Even
Mon,15,Nov,11,2021,2021-11-15,Start of Month,5,Low,Odd,31,Low,Odd,34,Low,Even,51,High,Odd,53,High,Odd,174,High,Even,23,High,197,High,Odd
Wed,17,Nov,11,2021,2021-11-17,End of Month,3,Low,Odd,16,Low,Even,48,High,Even,52,High,Even,60,High,Even,179,High,Odd,1,Low,180,Low,Even
Sat,20,Nov,11,2021,2021-11-20,End of Month,40,High,Even,43,High,Odd,48,High,Even,59,High,Odd,69,High,Odd,259,High,Odd,19,High,278,High,Even
Mon,22,Nov,11,2021,2021-11-22,End of Month,7,Low,Odd,20,Low,Even,29,Low,Odd,38,High,Even,67,High,Odd,161,Low,Odd,22,High,183,Low,Odd
Wed,24,Nov,11,2021,2021-11-24,End of Month,10,Low,Even,16,Low,Even,32,Low,Even,63,High,Odd,65,High,Odd,186,High,Even,17,High,203,High,Odd
Sat,27,Nov,11,2021,2021-11-27,End of Month,8,Low,Even,32,Low,Even,55,High,Odd,64,High,Even,66,High,Even,225,High,Odd,10,Low,235,High,Odd
Mon,29,Nov,11,2021,2021-11-29,End of Month,18,Low,Even,26,Low,Even,28,Low,Even,38,High,Even,47,High,Odd,157,Low,Odd,17,High,174,Low,Even
Wed,1,Dec,12,2021,2021-12-01,Start of Month,12,Low,Even,15,Low,Odd,38,High,Even,57,High,Odd,63,High,Odd,185,High,Odd,24,High,209,High,Odd
Sat,4,Dec,12,2021,2021-12-04,Start of Month,10,Low,Even,40,High,Even,45,High,Odd,56,High,Even,67,High,Odd,218,High,Even,2,Low,220,High,Even
Mon,6,Dec,12,2021,2021-12-06,Start of Month,3,Low,Odd,21,Low,Odd,38,High,Even,50,High,Even,59,High,Odd,171,Low,Odd,6,Low,177,Low,Odd
Wed,8,Dec,12,2021,2021-12-08,Start of Month,3,Low,Odd,7,Low,Odd,33,Low,Odd,50,High,Even,69,High,Odd,162,Low,Even,24,High,186,High,Even
Sat,11,Dec,12,2021,2021-12-11,Start of Month,3,Low,Odd,25,Low,Odd,44,High,Even,53,High,Odd,64,High,Even,189,High,Odd,10,Low,199,High,Odd
Mon,13,Dec,12,2021,2021-12-13,Start of Month,10,Low,Even,30,Low,Even,37,High,Odd,53,High,Odd,59,High,Odd,189,High,Odd,4,Low,193,High,Odd
Wed,15,Dec,12,2021,2021-12-15,Start of Month,19,Low,Odd,20,Low,Even,40,High,Even,42,High,Even,59,High,Odd,180,High,Even,15,High,195,High,Odd
Sat,18,Dec,12,2021,2021-12-18,End of Month,2,Low,Even,6,Low,Even,24,Low,Even,51,High,Odd,61,High,Odd,144,Low,Even,1,Low,145,Low,Odd
Mon,20,Dec,12,2021,2021-12-20,End of Month,2,Low,Even,13,Low,Odd,23,Low,Odd,34,Low,Even,66,High,Even,138,Low,Even,2,Low,140,Low,Even
Wed,22,Dec,12,2021,2021-12-22,End of Month,7,Low,Odd,16,Low,Even,19,Low,Odd,48,High,Even,68,High,Even,158,Low,Even,15,High,173,Low,Odd
Sat,25,Dec,12,2021,2021-12-25,End of Month,27,Low,Odd,29,Low,Odd,45,High,Odd,55,High,Odd,58,High,Even,214,High,Even,2,Low,216,High,Even
Mon,27,Dec,12,2021,2021-12-27,End of Month,36,High,Even,38,High,Even,45,High,Odd,62,High,Even,64,High,Even,245,High,Odd,19,High,264,High,Even
Wed,29,Dec,12,2021,2021-12-29,End of Month,2,Low,Even,6,Low,Even,9,Low,Odd,33,Low,Odd,39,High,Odd,89,Low,Odd,11,Low,100,Low,Even
Sat,1,Jan,1,2022,2022-01-01,Start of Month,6,Low,Even,12,Low,Even,39,High,Odd,48,High,Even,50,High,Even,155,Low,Odd,7,Low,162,Low,Even
Mon,3,Jan,1,2022,2022-01-03,Start of Month,2,Low,Even,13,Low,Odd,32,Low,Even,33,Low,Odd,48,High,Even,128,Low,Even,22,High,150,Low,Even
Wed,5,Jan,1,2022,2022-01-05,Start of Month,6,Low,Even,14,Low,Even,25,Low,Odd,33,Low,Odd,46,High,Even,124,Low,Even,17,High,141,Low,Odd
Sat,8,Jan,1,2022,2022-01-08,Start of Month,20,Low,Even,21,Low,Odd,36,High,Even,60,High,Even,65,High,Odd,202,High,Even,13,Low,215,High,Odd
Mon,10,Jan,1,2022,2022-01-10,Start of Month,14,Low,Even,17,Low,Odd,18,Low,Even,21,Low,Odd,27,Low,Odd,97,Low,Odd,9,Low,106,Low,Even
Wed,12,Jan,1,2022,2022-01-12,Start of Month,12,Low,Even,21,Low,Odd,22,Low,Even,30,Low,Even,33,Low,Odd,118,Low,Even,24,High,142,Low,Even
Sat,15,Jan,1,2022,2022-01-15,Start of Month,3,Low,Odd,18,Low,Even,37,High,Odd,51,High,Odd,59,High,Odd,168,Low,Even,13,Low,181,Low,Odd
Mon,17,Jan,1,2022,2022-01-17,End of Month,9,Low,Odd,24,Low,Even,35,High,Odd,46,High,Even,65,High,Odd,179,High,Odd,22,High,201,High,Odd
Wed,19,Jan,1,2022,2022-01-19,End of Month,11,Low,Odd,15,Low,Odd,43,High,Odd,55,High,Odd,61,High,Odd,185,High,Odd,10,Low,195,High,Odd
Sat,22,Jan,1,2022,2022-01-22,End of Month,8,Low,Even,14,Low,Even,33,Low,Odd,36,High,Even,67,High,Odd,158,Low,Even,17,High,175,Low,Odd
Mon,24,Jan,1,2022,2022-01-24,End of Month,11,Low,Odd,29,Low,Odd,30,Low,Even,47,High,Odd,53,High,Odd,170,Low,Even,16,High,186,High,Even
Wed,26,Jan,1,2022,2022-01-26,End of Month,4,Low,Even,11,Low,Odd,38,High,Even,49,High,Odd,69,High,Odd,171,Low,Odd,16,High,187,High,Odd
Sat,29,Jan,1,2022,2022-01-29,End of Month,2,Low,Even,15,Low,Odd,38,High,Even,54,High,Even,65,High,Odd,174,High,Even,11,Low,185,Low,Odd
Mon,31,Jan,1,2022,2022-01-31,End of Month,10,Low,Even,15,Low,Odd,51,High,Odd,61,High,Odd,69,High,Odd,206,High,Even,14,High,220,High,Even
Wed,2,Feb,2,2022,2022-02-02,Start of Month,18,Low,Even,29,Low,Odd,33,Low,Odd,62,High,Even,63,High,Odd,205,High,Odd,15,High,220,High,Even
Sat,5,Feb,2,2022,2022-02-05,Start of Month,5,Low,Odd,16,Low,Even,27,Low,Odd,39,High,Odd,61,High,Odd,148,Low,Even,24,High,172,Low,Even
Mon,7,Feb,2,2022,2022-02-07,Start of Month,5,Low,Odd,15,Low,Odd,38,High,Even,47,High,Odd,65,High,Odd,170,Low,Even,10,Low,180,Low,Even
Wed,9,Feb,2,2022,2022-02-09,Start of Month,2,Low,Even,17,Low,Odd,33,Low,Odd,51,High,Odd,63,High,Odd,166,Low,Even,26,High,192,High,Even
Sat,12,Feb,2,2022,2022-02-12,Start of Month,8,Low,Even,10,Low,Even,21,Low,Odd,41,High,Odd,62,High,Even,142,Low,Even,7,Low,149,Low,Odd
Mon,14,Feb,2,2022,2022-02-14,Start of Month,16,Low,Even,25,Low,Odd,27,Low,Odd,49,High,Odd,55,High,Odd,172,Low,Even,17,High,189,High,Odd
Wed,16,Feb,2,2022,2022-02-16,End of Month,22,Low,Even,30,Low,Even,40,High,Even,42,High,Even,48,High,Even,182,High,Even,16,High,198,High,Even
Sat,19,Feb,2,2022,2022-02-19,End of Month,3,Low,Odd,10,Low,Even,15,Low,Odd,33,Low,Odd,42,High,Even,103,Low,Odd,11,Low,114,Low,Even
Mon,21,Feb,2,2022,2022-02-21,End of Month,2,Low,Even,36,High,Even,37,High,Odd,45,High,Odd,69,High,Odd,189,High,Odd,3,Low,192,High,Even
Wed,23,Feb,2,2022,2022-02-23,End of Month,6,Low,Even,17,Low,Odd,21,Low,Odd,35,High,Odd,64,High,Even,143,Low,Odd,18,High,161,Low,Odd
Sat,26,Feb,2,2022,2022-02-26,End of Month,15,Low,Odd,32,Low,Even,36,High,Even,48,High,Even,64,High,Even,195,High,Odd,19,High,214,High,Even
Mon,28,Feb,2,2022,2022-02-28,End of Month,7,Low,Odd,21,Low,Odd,39,High,Odd,47,High,Odd,55,High,Odd,169,Low,Odd,19,High,188,High,Even
Wed,2,Mar,3,2022,2022-03-02,Start of Month,19,Low,Odd,37,High,Odd,48,High,Even,61,High,Odd,63,High,Odd,228,High,Even,12,Low,240,High,Even
Sat,5,Mar,3,2022,2022-03-05,Start of Month,8,Low,Even,23,Low,Odd,37,High,Odd,52,High,Even,63,High,Odd,183,High,Odd,13,Low,196,High,Even
Mon,7,Mar,3,2022,2022-03-07,Start of Month,10,Low,Even,43,High,Odd,55,High,Odd,59,High,Odd,67,High,Odd,234,High,Even,2,Low,236,High,Even
Wed,9,Mar,3,2022,2022-03-09,Start of Month,13,Low,Odd,22,Low,Even,34,Low,Even,51,High,Odd,67,High,Odd,187,High,Odd,10,Low,197,High,Odd
Sat,12,Mar,3,2022,2022-03-12,Start of Month,19,Low,Odd,20,Low,Even,37,High,Odd,39,High,Odd,61,High,Odd,176,High,Even,8,Low,184,Low,Even
Mon,14,Mar,3,2022,2022-03-14,Start of Month,21,Low,Odd,28,Low,Even,32,Low,Even,44,High,Even,49,High,Odd,174,High,Even,6,Low,180,Low,Even
Wed,16,Mar,3,2022,2022-03-16,End of Month,3,Low,Odd,28,Low,Even,34,Low,Even,35,High,Odd,58,High,Even,158,Low,Even,17,High,175,Low,Odd
Sat,19,Mar,3,2022,2022-03-19,End of Month,8,Low,Even,9,Low,Odd,18,Low,Even,48,High,Even,52,High,Even,135,Low,Odd,6,Low,141,Low,Odd
Mon,21,Mar,3,2022,2022-03-21,End of Month,1,Low,Odd,15,Low,Odd,26,Low,Even,63,High,Odd,65,High,Odd,170,Low,Even,16,High,186,High,Even
Wed,23,Mar,3,2022,2022-03-23,End of Month,31,Low,Odd,32,Low,Even,37,High,Odd,38,High,Even,48,High,Even,186,High,Even,24,High,210,High,Even
Sat,26,Mar,3,2022,2022-03-26,End of Month,2,Low,Even,10,Low,Even,50,High,Even,59,High,Odd,61,High,Odd,182,High,Even,6,Low,188,High,Even
Mon,28,Mar,3,2022,2022-03-28,End of Month,11,Low,Odd,18,Low,Even,39,High,Odd,58,High,Even,62,High,Even,188,High,Even,3,Low,191,High,Odd
Wed,30,Mar,3,2022,2022-03-30,End of Month,3,Low,Odd,7,Low,Odd,21,Low,Odd,31,Low,Odd,37,High,Odd,99,Low,Odd,11,Low,110,Low,Even
Sat,2,Apr,4,2022,2022-04-02,Start of Month,6,Low,Even,28,Low,Even,47,High,Odd,58,High,Even,59,High,Odd,198,High,Even,18,High,216,High,Even
Mon,4,Apr,4,2022,2022-04-04,Start of Month,2,Low,Even,32,Low,Even,39,High,Odd,46,High,Even,69,High,Odd,188,High,Even,6,Low,194,High,Even
Wed,6,Apr,4,2022,2022-04-06,Start of Month,6,Low,Even,42,High,Even,45,High,Odd,47,High,Odd,64,High,Even,204,High,Even,18,High,222,High,Even
Sat,9,Apr,4,2022,2022-04-09,Start of Month,6,Low,Even,16,Low,Even,31,Low,Odd,62,High,Even,66,High,Even,181,High,Odd,18,High,199,High,Odd
Mon,11,Apr,4,2022,2022-04-11,Start of Month,5,Low,Odd,7,Low,Odd,24,Low,Even,31,Low,Odd,34,Low,Even,101,Low,Odd,4,Low,105,Low,Odd
Wed,13,Apr,4,2022,2022-04-13,Start of Month,14,Low,Even,16,Low,Even,41,High,Odd,63,High,Odd,68,High,Even,202,High,Even,26,High,228,High,Even
Sat,16,Apr,4,2022,2022-04-16,End of Month,15,Low,Odd,21,Low,Odd,32,Low,Even,62,High,Even,65,High,Odd,195,High,Odd,26,High,221,High,Odd
Mon,18,Apr,4,2022,2022-04-18,End of Month,8,Low,Even,33,Low,Odd,55,High,Odd,59,High,Odd,62,High,Even,217,High,Odd,18,High,235,High,Odd
Wed,20,Apr,4,2022,2022-04-20,End of Month,20,Low,Even,30,Low,Even,45,High,Odd,55,High,Odd,56,High,Even,206,High,Even,14,High,220,High,Even
Sat,23,Apr,4,2022,2022-04-23,End of Month,10,Low,Even,39,High,Odd,47,High,Odd,49,High,Odd,56,High,Even,201,High,Odd,8,Low,209,High,Odd
Mon,25,Apr,4,2022,2022-04-25,End of Month,12,Low,Even,18,Low,Even,20,Low,Even,39,High,Odd,61,High,Odd,150,Low,Even,10,Low,160,Low,Even
Wed,27,Apr,4,2022,2022-04-27,End of Month,11,Low,Odd,36,High,Even,61,High,Odd,62,High,Even,68,High,Even,238,High,Even,4,Low,242,High,Even
Sat,30,Apr,4,2022,2022-04-30,End of Month,14,Low,Even,21,Low,Odd,37,High,Odd,44,High,Even,63,High,Odd,179,High,Odd,1,Low,180,Low,Even
Mon,2,May,5,2022,2022-05-02,Start of Month,18,Low,Even,27,Low,Odd,33,Low,Odd,39,High,Odd,44,High,Even,161,Low,Odd,8,Low,169,Low,Odd
Wed,4,May,5,2022,2022-05-04,Start of Month,37,High,Odd,39,High,Odd,55,High,Odd,63,High,Odd,69,High,Odd,263,High,Odd,23,High,286,High,Even
Sat,7,May,5,2022,2022-05-07,Start of Month,4,Low,Even,5,Low,Odd,6,Low,Even,28,Low,Even,67,High,Odd,110,Low,Even,10,Low,120,Low,Even
Mon,9,May,5,2022,2022-05-09,Start of Month,18,Low,Even,30,Low,Even,35,High,Odd,52,High,Even,56,High,Even,191,High,Odd,5,Low,196,High,Even
Wed,11,May,5,2022,2022-05-11,Start of Month,5,Low,Odd,7,Low,Odd,61,High,Odd,63,High,Odd,69,High,Odd,205,High,Odd,18,High,223,High,Odd
Sat,14,May,5,2022,2022-05-14,Start of Month,6,Low,Even,40,High,Even,41,High,Odd,45,High,Odd,52,High,Even,184,High,Even,9,Low,193,High,Odd
Mon,16,May,5,2022,2022-05-16,End of Month,7,Low,Odd,15,Low,Odd,22,Low,Even,36,High,Even,64,High,Even,144,Low,Even,13,Low,157,Low,Odd
Wed,18,May,5,2022,2022-05-18,End of Month,40,High,Even,41,High,Odd,58,High,Even,64,High,Even,65,High,Odd,268,High,Even,17,High,285,High,Odd
Sat,21,May,5,2022,2022-05-21,End of Month,14,Low,Even,15,Low,Odd,25,Low,Odd,52,High,Even,58,High,Even,164,Low,Even,11,Low,175,Low,Odd
Mon,23,May,5,2022,2022-05-23,End of Month,1,Low,Odd,33,Low,Odd,37,High,Odd,39,High,Odd,42,High,Even,152,Low,Even,26,High,178,Low,Even
Wed,25,May,5,2022,2022-05-25,End of Month,19,Low,Odd,28,Low,Even,39,High,Odd,42,High,Even,57,High,Odd,185,High,Odd,17,High,202,High,Even
Sat,28,May,5,2022,2022-05-28,End of Month,2,Low,Even,39,High,Odd,50,High,Even,61,High,Odd,66,High,Even,218,High,Even,15,High,233,High,Odd
Mon,30,May,5,2022,2022-05-30,End of Month,27,Low,Odd,28,Low,Even,51,High,Odd,68,High,Even,69,High,Odd,243,High,Odd,22,High,265,High,Odd
Wed,1,Jun,6,2022,2022-06-01,Start of Month,11,Low,Odd,41,High,Odd,56,High,Even,57,High,Odd,63,High,Odd,228,High,Even,2,Low,230,High,Even
Sat,4,Jun,6,2022,2022-06-04,Start of Month,14,Low,Even,16,Low,Even,36,High,Even,52,High,Even,60,High,Even,178,High,Even,16,High,194,High,Even
Mon,6,Jun,6,2022,2022-06-06,Start of Month,2,Low,Even,10,Low,Even,35,High,Odd,44,High,Even,46,High,Even,137,Low,Odd,4,Low,141,Low,Odd
Wed,8,Jun,6,2022,2022-06-08,Start of Month,22,Low,Even,39,High,Odd,43,High,Odd,62,High,Even,64,High,Even,230,High,Even,7,Low,237,High,Odd
Sat,11,Jun,6,2022,2022-06-11,Start of Month,18,Low,Even,20,Low,Even,26,Low,Even,53,High,Odd,69,High,Odd,186,High,Even,5,Low,191,High,Odd
Mon,13,Jun,6,2022,2022-06-13,Start of Month,2,Low,Even,27,Low,Odd,42,High,Even,44,High,Even,51,High,Odd,166,Low,Even,25,High,191,High,Odd
Wed,15,Jun,6,2022,2022-06-15,Start of Month,19,Low,Odd,28,Low,Even,41,High,Odd,42,High,Even,51,High,Odd,181,High,Odd,7,Low,188,High,Even
Sat,18,Jun,6,2022,2022-06-18,End of Month,10,Low,Even,19,Low,Odd,40,High,Even,45,High,Odd,58,High,Even,172,Low,Even,25,High,197,High,Odd
Mon,20,Jun,6,2022,2022-06-20,End of Month,3,Low,Odd,44,High,Even,61,High,Odd,63,High,Odd,69,High,Odd,240,High,Even,13,Low,253,High,Odd
Wed,22,Jun,6,2022,2022-06-22,End of Month,6,Low,Even,10,Low,Even,31,Low,Odd,48,High,Even,56,High,Even,151,Low,Odd,12,Low,163,Low,Odd
Sat,25,Jun,6,2022,2022-06-25,End of Month,6,Low,Even,12,Low,Even,20,Low,Even,27,Low,Odd,32,Low,Even,97,Low,Odd,4,Low,101,Low,Odd
Mon,27,Jun,6,2022,2022-06-27,End of Month,11,Low,Odd,13,Low,Odd,18,Low,Even,30,Low,Even,37,High,Odd,109,Low,Odd,16,High,125,Low,Odd
Wed,29,Jun,6,2022,2022-06-29,End of Month,8,Low,Even,40,High,Even,49,High,Odd,58,High,Even,63,High,Odd,218,High,Even,14,High,232,High,Even
Sat,2,Jul,7,2022,2022-07-02,Start of Month,9,Low,Odd,10,Low,Even,37,High,Odd,59,High,Odd,62,High,Even,177,High,Odd,26,High,203,High,Odd
Mon,4,Jul,7,2022,2022-07-04,Start of Month,15,Low,Odd,16,Low,Even,24,Low,Even,31,Low,Odd,56,High,Even,142,Low,Even,4,Low,146,Low,Even
Wed,6,Jul,7,2022,2022-07-06,Start of Month,32,Low,Even,36,High,Even,49,High,Odd,62,High,Even,69,High,Odd,248,High,Even,13,Low,261,High,Odd
Sat,9,Jul,7,2022,2022-07-09,Start of Month,14,Low,Even,22,Low,Even,42,High,Even,46,High,Even,52,High,Even,176,High,Even,24,High,200,High,Even
Mon,11,Jul,7,2022,2022-07-11,Start of Month,4,Low,Even,26,Low,Even,34,Low,Even,37,High,Odd,52,High,Even,153,Low,Odd,9,Low,162,Low,Even
Wed,13,Jul,7,2022,2022-07-13,Start of Month,22,Low,Even,23,Low,Odd,36,High,Even,47,High,Odd,63,High,Odd,191,High,Odd,2,Low,193,High,Odd
Sat,16,Jul,7,2022,2022-07-16,End of Month,3,Low,Odd,18,Low,Even,23,Low,Odd,32,Low,Even,57,High,Odd,133,Low,Odd,21,High,154,Low,Even
Mon,18,Jul,7,2022,2022-07-18,End of Month,14,Low,Even,34,Low,Even,36,High,Even,50,High,Even,58,High,Even,192,High,Even,5,Low,197,High,Odd
Wed,20,Jul,7,2022,2022-07-20,End of Month,10,Low,Even,20,Low,Even,23,Low,Odd,49,High,Odd,65,High,Odd,167,Low,Odd,22,High,189,High,Odd
Sat,23,Jul,7,2022,2022-07-23,End of Month,39,High,Odd,41,High,Odd,54,High,Even,59,High,Odd,62,High,Even,255,High,Odd,12,Low,267,High,Odd
Mon,25,Jul,7,2022,2022-07-25,End of Month,25,Low,Odd,37,High,Odd,38,High,Even,39,High,Odd,65,High,Odd,204,High,Even,5,Low,209,High,Odd
Wed,27,Jul,7,2022,2022-07-27,End of Month,1,Low,Odd,25,Low,Odd,44,High,Even,55,High,Odd,57,High,Odd,182,High,Even,26,High,208,High,Even
Sat,30,Jul,7,2022,2022-07-30,End of Month,4,Low,Even,17,Low,Odd,57,High,Odd,58,High,Even,68,High,Even,204,High,Even,12,Low,216,High,Even
Mon,1,Aug,8,2022,2022-08-01,Start of Month,15,Low,Odd,21,Low,Odd,31,Low,Odd,36,High,Even,65,High,Odd,168,Low,Even,16,High,184,Low,Even
Wed,3,Aug,8,2022,2022-08-03,Start of Month,9,Low,Odd,21,Low,Odd,56,High,Even,57,High,Odd,66,High,Even,209,High,Odd,11,Low,220,High,Even
Sat,6,Aug,8,2022,2022-08-06,Start of Month,8,Low,Even,15,Low,Odd,46,High,Even,56,High,Even,68,High,Even,193,High,Odd,3,Low,196,High,Even
Mon,8,Aug,8,2022,2022-08-08,Start of Month,32,Low,Even,45,High,Odd,51,High,Odd,57,High,Odd,58,High,Even,243,High,Odd,12,Low,255,High,Odd
Wed,10,Aug,8,2022,2022-08-10,Start of Month,29,Low,Odd,44,High,Even,59,High,Odd,61,High,Odd,68,High,Even,261,High,Odd,19,High,280,High,Even
Sat,13,Aug,8,2022,2022-08-13,Start of Month,19,Low,Odd,24,Low,Even,35,High,Odd,43,High,Odd,62,High,Even,183,High,Odd,2,Low,185,Low,Odd
Mon,15,Aug,8,2022,2022-08-15,Start of Month,20,Low,Even,24,Low,Even,47,High,Odd,50,High,Even,63,High,Odd,204,High,Even,5,Low,209,High,Odd
Wed,17,Aug,8,2022,2022-08-17,End of Month,23,Low,Odd,28,Low,Even,41,High,Odd,50,High,Even,55,High,Odd,197,High,Odd,24,High,221,High,Odd
Sat,20,Aug,8,2022,2022-08-20,End of Month,5,Low,Odd,9,Low,Odd,11,Low,Odd,16,Low,Even,66,High,Even,107,Low,Odd,7,Low,114,Low,Even
Mon,22,Aug,8,2022,2022-08-22,End of Month,12,Low,Even,27,Low,Odd,34,Low,Even,55,High,Odd,67,High,Odd,195,High,Odd,9,Low,204,High,Even
Wed,24,Aug,8,2022,2022-08-24,End of Month,6,Low,Even,24,Low,Even,35,High,Odd,37,High,Odd,44,High,Even,146,Low,Even,22,High,168,Low,Even
Sat,27,Aug,8,2022,2022-08-27,End of Month,2,Low,Even,18,Low,Even,56,High,Even,60,High,Even,65,High,Odd,201,High,Odd,14,High,215,High,Odd
Mon,29,Aug,8,2022,2022-08-29,End of Month,13,Low,Odd,36,High,Even,43,High,Odd,61,High,Odd,69,High,Odd,222,High,Even,18,High,240,High,Even
Wed,31,Aug,8,2022,2022-08-31,End of Month,7,Low,Odd,8,Low,Even,19,Low,Odd,24,Low,Even,28,Low,Even,86,Low,Even,1,Low,87,Low,Odd
Sat,3,Sep,9,2022,2022-09-03,Start of Month,18,Low,Even,27,Low,Odd,49,High,Odd,65,High,Odd,69,High,Odd,228,High,Even,9,Low,237,High,Odd
Mon,5,Sep,9,2022,2022-09-05,Start of Month,4,Low,Even,7,Low,Odd,32,Low,Even,55,High,Odd,64,High,Even,162,Low,Even,25,High,187,High,Odd
Wed,7,Sep,9,2022,2022-09-07,Start of Month,3,Low,Odd,16,Low,Even,30,Low,Even,33,Low,Odd,36,High,Even,118,Low,Even,20,High,138,Low,Even
Sat,10,Sep,9,2022,2022-09-10,Start of Month,38,High,Even,42,High,Even,56,High,Even,68,High,Even,69,High,Odd,273,High,Odd,4,Low,277,High,Odd
Mon,12,Sep,9,2022,2022-09-12,Start of Month,6,Low,Even,14,Low,Even,16,Low,Even,34,Low,Even,66,High,Even,136,Low,Even,25,High,161,Low,Odd
Wed,14,Sep,9,2022,2022-09-14,Start of Month,9,Low,Odd,10,Low,Even,20,Low,Even,22,Low,Even,52,High,Even,113,Low,Odd,25,High,138,Low,Even
Sat,17,Sep,9,2022,2022-09-17,End of Month,5,Low,Odd,25,Low,Odd,36,High,Even,51,High,Odd,61,High,Odd,178,High,Even,1,Low,179,Low,Odd
Mon,19,Sep,9,2022,2022-09-19,End of Month,7,Low,Odd,15,Low,Odd,36,High,Even,46,High,Even,67,High,Odd,171,Low,Odd,7,Low,178,Low,Even
Wed,21,Sep,9,2022,2022-09-21,End of Month,6,Low,Even,33,Low,Odd,34,Low,Even,45,High,Odd,54,High,Even,172,Low,Even,7,Low,179,Low,Odd
Sat,24,Sep,9,2022,2022-09-24,End of Month,3,Low,Odd,9,Low,Odd,21,Low,Odd,24,Low,Even,29,Low,Odd,86,Low,Even,14,High,100,Low,Even
Mon,26,Sep,9,2022,2022-09-26,End of Month,13,Low,Odd,20,Low,Even,31,Low,Odd,33,Low,Odd,59,High,Odd,156,Low,Even,20,High,176,Low,Even
Wed,28,Sep,9,2022,2022-09-28,End of Month,6,Low,Even,10,Low,Even,24,Low,Even,33,Low,Odd,67,High,Odd,140,Low,Even,11,Low,151,Low,Odd
Sat,1,Oct,10,2022,2022-10-01,Start of Month,8,Low,Even,21,Low,Odd,22,Low,Even,65,High,Odd,69,High,Odd,185,High,Odd,26,High,211,High,Odd
Mon,3,Oct,10,2022,2022-10-03,Start of Month,2,Low,Even,16,Low,Even,22,Low,Even,55,High,Odd,63,High,Odd,158,Low,Even,22,High,180,Low,Even
Wed,5,Oct,10,2022,2022-10-05,Start of Month,26,Low,Even,30,Low,Even,33,Low,Odd,37,High,Odd,62,High,Even,188,High,Even,6,Low,194,High,Even
Sat,8,Oct,10,2022,2022-10-08,Start of Month,13,Low,Odd,43,High,Odd,53,High,Odd,60,High,Even,68,High,Even,237,High,Odd,5,Low,242,High,Even
Mon,10,Oct,10,2022,2022-10-10,Start of Month,3,Low,Odd,6,Low,Even,11,Low,Odd,17,Low,Odd,22,Low,Even,59,Low,Odd,11,Low,70,Low,Even
Wed,12,Oct,10,2022,2022-10-12,Start of Month,14,Low,Even,30,Low,Even,41,High,Odd,42,High,Even,59,High,Odd,186,High,Even,6,Low,192,High,Even
Sat,15,Oct,10,2022,2022-10-15,Start of Month,32,Low,Even,37,High,Odd,40,High,Even,58,High,Even,62,High,Even,229,High,Odd,15,High,244,High,Even
Mon,17,Oct,10,2022,2022-10-17,End of Month,19,Low,Odd,30,Low,Even,36,High,Even,46,High,Even,60,High,Even,191,High,Odd,25,High,216,High,Even
Wed,19,Oct,10,2022,2022-10-19,End of Month,6,Low,Even,8,Low,Even,15,Low,Odd,27,Low,Odd,42,High,Even,98,Low,Even,10,Low,108,Low,Even
Sat,22,Oct,10,2022,2022-10-22,End of Month,19,Low,Odd,25,Low,Odd,48,High,Even,55,High,Odd,60,High,Even,207,High,Odd,18,High,225,High,Odd
Mon,24,Oct,10,2022,2022-10-24,End of Month,18,Low,Even,23,Low,Odd,35,High,Odd,45,High,Odd,54,High,Even,175,High,Odd,16,High,191,High,Odd
Wed,26,Oct,10,2022,2022-10-26,End of Month,19,Low,Odd,36,High,Even,37,High,Odd,46,High,Even,56,High,Even,194,High,Even,24,High,218,High,Even
Sat,29,Oct,10,2022,2022-10-29,End of Month,19,Low,Odd,31,Low,Odd,40,High,Even,46,High,Even,57,High,Odd,193,High,Odd,23,High,216,High,Even
Mon,31,Oct,10,2022,2022-10-31,End of Month,13,Low,Odd,19,Low,Odd,36,High,Even,39,High,Odd,59,High,Odd,166,Low,Even,13,Low,179,Low,Odd
Wed,2,Nov,11,2022,2022-11-02,Start of Month,2,Low,Even,11,Low,Odd,22,Low,Even,35,High,Odd,60,High,Even,130,Low,Even,23,High,153,Low,Odd
Sat,5,Nov,11,2022,2022-11-05,Start of Month,28,Low,Even,45,High,Odd,53,High,Odd,56,High,Even,69,High,Odd,251,High,Odd,20,High,271,High,Odd
Mon,7,Nov,11,2022,2022-11-07,Start of Month,10,Low,Even,33,Low,Odd,41,High,Odd,47,High,Odd,56,High,Even,187,High,Odd,10,Low,197,High,Odd
Wed,9,Nov,11,2022,2022-11-09,Start of Month,7,Low,Odd,14,Low,Even,24,Low,Even,30,Low,Even,56,High,Even,131,Low,Odd,7,Low,138,Low,Even
Sat,12,Nov,11,2022,2022-11-12,Start of Month,16,Low,Even,20,Low,Even,44,High,Even,57,High,Odd,58,High,Even,195,High,Odd,6,Low,201,High,Odd
Mon,14,Nov,11,2022,2022-11-14,Start of Month,19,Low,Odd,35,High,Odd,53,High,Odd,54,High,Even,67,High,Odd,228,High,Even,21,High,249,High,Odd
Wed,16,Nov,11,2022,2022-11-16,End of Month,28,Low,Even,34,Low,Even,51,High,Odd,53,High,Odd,56,High,Even,222,High,Even,11,Low,233,High,Odd
Sat,19,Nov,11,2022,2022-11-19,End of Month,7,Low,Odd,28,Low,Even,62,High,Even,63,High,Odd,64,High,Even,224,High,Even,10,Low,234,High,Even
Mon,21,Nov,11,2022,2022-11-21,End of Month,1,Low,Odd,6,Low,Even,40,High,Even,51,High,Odd,67,High,Odd,165,Low,Odd,2,Low,167,Low,Odd
Wed,23,Nov,11,2022,2022-11-23,End of Month,1,Low,Odd,2,Low,Even,31,Low,Odd,39,High,Odd,66,High,Even,139,Low,Odd,25,High,164,Low,Even
Sat,26,Nov,11,2022,2022-11-26,End of Month,15,Low,Odd,30,Low,Even,47,High,Odd,50,High,Even,51,High,Odd,193,High,Odd,3,Low,196,High,Even
Mon,28,Nov,11,2022,2022-11-28,End of Month,29,Low,Odd,30,Low,Even,32,Low,Even,48,High,Even,50,High,Even,189,High,Odd,20,High,209,High,Odd
Wed,30,Nov,11,2022,2022-11-30,End of Month,4,Low,Even,19,Low,Odd,24,Low,Even,47,High,Odd,66,High,Even,160,Low,Even,10,Low,170,Low,Even
Sat,3,Dec,12,2022,2022-12-03,Start of Month,6,Low,Even,13,Low,Odd,33,Low,Odd,36,High,Even,37,High,Odd,125,Low,Odd,7,Low,132,Low,Even
Mon,5,Dec,12,2022,2022-12-05,Start of Month,35,High,Odd,45,High,Odd,47,High,Odd,54,High,Even,55,High,Odd,236,High,Even,14,High,250,High,Even
Wed,7,Dec,12,2022,2022-12-07,Start of Month,6,Low,Even,28,Low,Even,44,High,Even,59,High,Odd,61,High,Odd,198,High,Even,21,High,219,High,Odd
Sat,10,Dec,12,2022,2022-12-10,Start of Month,9,Low,Odd,23,Low,Odd,47,High,Odd,49,High,Odd,68,High,Even,196,High,Even,19,High,215,High,Odd
Mon,12,Dec,12,2022,2022-12-12,Start of Month,16,Low,Even,31,Low,Odd,50,High,Even,55,High,Odd,61,High,Odd,213,High,Odd,9,Low,222,High,Even
Wed,14,Dec,12,2022,2022-12-14,Start of Month,36,High,Even,51,High,Odd,59,High,Odd,66,High,Even,68,High,Even,280,High,Even,25,High,305,High,Odd
Sat,17,Dec,12,2022,2022-12-17,End of Month,33,Low,Odd,56,High,Even,64,High,Even,66,High,Even,68,High,Even,287,High,Odd,12,Low,299,High,Odd
Mon,19,Dec,12,2022,2022-12-19,End of Month,7,Low,Odd,37,High,Odd,55,High,Odd,65,High,Odd,67,High,Odd,231,High,Odd,12,Low,243,High,Odd
Wed,21,Dec,12,2022,2022-12-21,End of Month,12,Low,Even,15,Low,Odd,24,Low,Even,34,Low,Even,59,High,Odd,144,Low,Even,14,High,158,Low,Even
Sat,24,Dec,12,2022,2022-12-24,End of Month,17,Low,Odd,37,High,Odd,46,High,Even,54,High,Even,67,High,Odd,221,High,Odd,8,Low,229,High,Odd
Mon,26,Dec,12,2022,2022-12-26,End of Month,17,Low,Odd,41,High,Odd,47,High,Odd,60,High,Even,61,High,Odd,226,High,Even,17,High,243,High,Odd
Wed,28,Dec,12,2022,2022-12-28,End of Month,26,Low,Even,32,Low,Even,38,High,Even,45,High,Odd,56,High,Even,197,High,Odd,1,Low,198,High,Even
Sat,31,Dec,12,2022,2022-12-31,End of Month,18,Low,Even,37,High,Odd,44,High,Even,50,High,Even,64,High,Even,213,High,Odd,11,Low,224,High,Even
Mon,2,Jan,1,2023,2023-01-02,Start of Month,7,Low,Odd,9,Low,Odd,12,Low,Even,31,Low,Odd,62,High,Even,121,Low,Odd,22,High,143,Low,Odd
Wed,4,Jan,1,2023,2023-01-04,Start of Month,12,Low,Even,32,Low,Even,56,High,Even,67,High,Odd,68,High,Even,235,High,Odd,26,High,261,High,Odd
Sat,7,Jan,1,2023,2023-01-07,Start of Month,35,High,Odd,36,High,Even,44,High,Even,45,High,Odd,67,High,Odd,227,High,Odd,14,High,241,High,Odd
Mon,9,Jan,1,2023,2023-01-09,Start of Month,18,Low,Even,43,High,Odd,48,High,Even,60,High,Even,69,High,Odd,238,High,Even,14,High,252,High,Even
Wed,11,Jan,1,2023,2023-01-11,Start of Month,4,Low,Even,8,Low,Even,46,High,Even,47,High,Odd,48,High,Even,153,Low,Odd,5,Low,158,Low,Even
Sat,14,Jan,1,2023,2023-01-14,Start of Month,24,Low,Even,26,Low,Even,39,High,Odd,47,High,Odd,57,High,Odd,193,High,Odd,23,High,216,High,Even
Mon,16,Jan,1,2023,2023-01-16,End of Month,4,Low,Even,14,Low,Even,33,Low,Odd,39,High,Odd,61,High,Odd,151,Low,Odd,3,Low,154,Low,Even
Wed,18,Jan,1,2023,2023-01-18,End of Month,6,Low,Even,15,Low,Odd,22,Low,Even,42,High,Even,47,High,Odd,132,Low,Even,26,High,158,Low,Even
Sat,21,Jan,1,2023,2023-01-21,End of Month,5,Low,Odd,14,Low,Even,19,Low,Odd,46,High,Even,64,High,Even,148,Low,Even,22,High,170,Low,Even
Mon,23,Jan,1,2023,2023-01-23,End of Month,12,Low,Even,31,Low,Odd,47,High,Odd,58,High,Even,60,High,Even,208,High,Even,23,High,231,High,Odd
Wed,25,Jan,1,2023,2023-01-25,End of Month,9,Low,Odd,17,Low,Odd,20,Low,Even,38,High,Even,40,High,Even,124,Low,Even,18,High,142,Low,Even
Sat,28,Jan,1,2023,2023-01-28,End of Month,2,Low,Even,18,Low,Even,23,Low,Odd,27,Low,Odd,47,High,Odd,117,Low,Odd,15,High,132,Low,Even
Mon,30,Jan,1,2023,2023-01-30,End of Month,1,Low,Odd,4,Low,Even,12,Low,Even,36,High,Even,49,High,Odd,102,Low,Even,5,Low,107,Low,Odd
Wed,1,Feb,2,2023,2023-02-01,Start of Month,31,Low,Odd,43,High,Odd,58,High,Even,59,High,Odd,66,High,Even,257,High,Odd,9,Low,266,High,Even
Sat,4,Feb,2,2023,2023-02-04,Start of Month,2,Low,Even,8,Low,Even,15,Low,Odd,19,Low,Odd,58,High,Even,102,Low,Even,10,Low,112,Low,Even
Mon,6,Feb,2,2023,2023-02-06,Start of Month,5,Low,Odd,11,Low,Odd,22,Low,Even,23,Low,Odd,69,High,Odd,130,Low,Even,7,Low,137,Low,Odd
Wed,8,Feb,2,2023,2023-02-08,Start of Month,52,High,Even,58,High,Even,59,High,Odd,64,High,Even,66,High,Even,299,High,Odd,9,Low,308,High,Even
Sat,11,Feb,2,2023,2023-02-11,Start of Month,10,Low,Even,23,Low,Odd,30,Low,Even,54,High,Even,65,High,Odd,182,High,Even,11,Low,193,High,Odd
Mon,13,Feb,2,2023,2023-02-13,Start of Month,17,Low,Odd,26,Low,Even,37,High,Odd,61,High,Odd,65,High,Odd,206,High,Even,2,Low,208,High,Even
Wed,15,Feb,2,2023,2023-02-15,Start of Month,31,Low,Odd,32,Low,Even,54,High,Even,60,High,Even,63,High,Odd,240,High,Even,12,Low,252,High,Even
Sat,18,Feb,2,2023,2023-02-18,End of Month,8,Low,Even,21,Low,Odd,31,Low,Odd,32,Low,Even,37,High,Odd,129,Low,Odd,23,High,152,Low,Even
Mon,20,Feb,2,2023,2023-02-20,End of Month,3,Low,Odd,17,Low,Odd,26,Low,Even,38,High,Even,54,High,Even,138,Low,Even,15,High,153,Low,Odd
Wed,22,Feb,2,2023,2023-02-22,End of Month,11,Low,Odd,19,Low,Odd,39,High,Odd,44,High,Even,65,High,Odd,178,High,Even,7,Low,185,Low,Odd
Sat,25,Feb,2,2023,2023-02-25,End of Month,11,Low,Odd,24,Low,Even,58,High,Even,66,High,Even,67,High,Odd,226,High,Even,26,High,252,High,Even
Mon,27,Feb,2,2023,2023-02-27,End of Month,16,Low,Even,28,Low,Even,49,High,Odd,51,High,Odd,55,High,Odd,199,High,Odd,23,High,222,High,Even
Wed,1,Mar,3,2023,2023-03-01,Start of Month,2,Low,Even,9,Low,Odd,28,Low,Even,36,High,Even,53,High,Odd,128,Low,Even,4,Low,132,Low,Even
Sat,4,Mar,3,2023,2023-03-04,Start of Month,10,Low,Even,16,Low,Even,18,Low,Even,40,High,Even,66,High,Even,150,Low,Even,16,High,166,Low,Even
Mon,6,Mar,3,2023,2023-03-06,Start of Month,2,Low,Even,13,Low,Odd,29,Low,Odd,58,High,Even,69,High,Odd,171,Low,Odd,4,Low,175,Low,Odd
Wed,8,Mar,3,2023,2023-03-08,Start of Month,26,Low,Even,27,Low,Odd,43,High,Odd,61,High,Odd,69,High,Odd,226,High,Even,4,Low,230,High,Even
Sat,11,Mar,3,2023,2023-03-11,Start of Month,11,Low,Odd,20,Low,Even,33,Low,Odd,43,High,Odd,58,High,Even,165,Low,Odd,24,High,189,High,Odd
Mon,13,Mar,3,2023,2023-03-13,Start of Month,3,Low,Odd,10,Low,Even,24,Low,Even,46,High,Even,63,High,Odd,146,Low,Even,4,Low,150,Low,Even
Wed,15,Mar,3,2023,2023-03-15,Start of Month,16,Low,Even,18,Low,Even,33,Low,Odd,37,High,Odd,50,High,Even,154,Low,Even,8,Low,162,Low,Even
Sat,18,Mar,3,2023,2023-03-18,End of Month,14,Low,Even,20,Low,Even,30,Low,Even,54,High,Even,69,High,Odd,187,High,Odd,11,Low,198,High,Even
Mon,20,Mar,3,2023,2023-03-20,End of Month,1,Low,Odd,27,Low,Odd,32,Low,Even,47,High,Odd,67,High,Odd,174,High,Even,14,High,188,High,Even
Wed,22,Mar,3,2023,2023-03-22,End of Month,27,Low,Odd,28,Low,Even,37,High,Odd,50,High,Even,57,High,Odd,199,High,Odd,5,Low,204,High,Even
Sat,25,Mar,3,2023,2023-03-25,End of Month,15,Low,Odd,17,Low,Odd,18,Low,Even,47,High,Odd,57,High,Odd,154,Low,Even,19,High,173,Low,Odd
Mon,27,Mar,3,2023,2023-03-27,End of Month,19,Low,Odd,26,Low,Even,36,High,Even,43,High,Odd,58,High,Even,182,High,Even,14,High,196,High,Even
Wed,29,Mar,3,2023,2023-03-29,End of Month,4,Low,Even,9,Low,Odd,24,Low,Even,46,High,Even,66,High,Even,149,Low,Odd,7,Low,156,Low,Even
Sat,1,Apr,4,2023,2023-04-01,Start of Month,11,Low,Odd,19,Low,Odd,21,Low,Odd,29,Low,Odd,52,High,Even,132,Low,Even,17,High,149,Low,Odd
Mon,3,Apr,4,2023,2023-04-03,Start of Month,16,Low,Even,30,Low,Even,31,Low,Odd,54,High,Even,68,High,Even,199,High,Odd,1,Low,200,High,Even
Wed,5,Apr,4,2023,2023-04-05,Start of Month,3,Low,Odd,5,Low,Odd,9,Low,Odd,42,High,Even,52,High,Even,111,Low,Odd,11,Low,122,Low,Even
Sat,8,Apr,4,2023,2023-04-08,Start of Month,11,Low,Odd,22,Low,Even,24,Low,Even,51,High,Odd,60,High,Even,168,Low,Even,18,High,186,High,Even
Mon,10,Apr,4,2023,2023-04-10,Start of Month,9,Low,Odd,10,Low,Even,36,High,Even,46,High,Even,52,High,Even,153,Low,Odd,14,High,167,Low,Odd
Wed,12,Apr,4,2023,2023-04-12,Start of Month,9,Low,Odd,36,High,Even,41,High,Odd,44,High,Even,59,High,Odd,189,High,Odd,4,Low,193,High,Odd
Sat,15,Apr,4,2023,2023-04-15,Start of Month,1,Low,Odd,33,Low,Odd,34,Low,Even,56,High,Even,59,High,Odd,183,High,Odd,18,High,201,High,Odd
Mon,17,Apr,4,2023,2023-04-17,End of Month,23,Low,Odd,25,Low,Odd,35,High,Odd,63,High,Odd,64,High,Even,210,High,Even,25,High,235,High,Odd
Wed,19,Apr,4,2023,2023-04-19,End of Month,4,Low,Even,11,Low,Odd,21,Low,Odd,38,High,Even,64,High,Even,138,Low,Even,11,Low,149,Low,Odd
Sat,22,Apr,4,2023,2023-04-22,End of Month,17,Low,Odd,36,High,Even,47,High,Odd,63,High,Odd,68,High,Even,231,High,Odd,25,High,256,High,Even
Mon,24,Apr,4,2023,2023-04-24,End of Month,19,Low,Odd,21,Low,Odd,55,High,Odd,66,High,Even,68,High,Even,229,High,Odd,3,Low,232,High,Even
Wed,26,Apr,4,2023,2023-04-26,End of Month,2,Low,Even,15,Low,Odd,30,Low,Even,35,High,Odd,49,High,Odd,131,Low,Odd,6,Low,137,Low,Odd
Sat,29,Apr,4,2023,2023-04-29,End of Month,16,Low,Even,53,High,Odd,54,High,Even,57,High,Odd,65,High,Odd,245,High,Odd,8,Low,253,High,Odd
Mon,1,May,5,2023,2023-05-01,Start of Month,3,Low,Odd,38,High,Even,55,High,Odd,61,High,Odd,66,High,Even,223,High,Odd,1,Low,224,High,Even
Wed,3,May,5,2023,2023-05-03,Start of Month,21,Low,Odd,26,Low,Even,30,Low,Even,45,High,Odd,47,High,Odd,169,Low,Odd,23,High,192,High,Even
Sat,6,May,5,2023,2023-05-06,Start of Month,31,Low,Odd,39,High,Odd,47,High,Odd,51,High,Odd,53,High,Odd,221,High,Odd,6,Low,227,High,Odd
Mon,8,May,5,2023,2023-05-08,Start of Month,15,Low,Odd,20,Low,Even,33,Low,Odd,36,High,Even,43,High,Odd,147,Low,Odd,12,Low,159,Low,Odd
Wed,10,May,5,2023,2023-05-10,Start of Month,21,Low,Odd,24,Low,Even,33,Low,Odd,55,High,Odd,69,High,Odd,202,High,Even,3,Low,205,High,Odd
Sat,13,May,5,2023,2023-05-13,Start of Month,3,Low,Odd,15,Low,Odd,20,Low,Even,23,Low,Odd,46,High,Even,107,Low,Odd,11,Low,118,Low,Even
Mon,15,May,5,2023,2023-05-15,Start of Month,1,Low,Odd,26,Low,Even,28,Low,Even,55,High,Odd,58,High,Even,168,Low,Even,25,High,193,High,Odd
Wed,17,May,5,2023,2023-05-17,End of Month,18,Low,Even,34,Low,Even,37,High,Odd,45,High,Odd,51,High,Odd,185,High,Odd,14,High,199,High,Odd
Sat,20,May,5,2023,2023-05-20,End of Month,17,Low,Odd,23,Low,Odd,32,Low,Even,38,High,Even,63,High,Odd,173,High,Odd,23,High,196,High,Even
Mon,22,May,5,2023,2023-05-22,End of Month,9,Low,Odd,38,High,Even,48,High,Even,52,High,Even,68,High,Even,215,High,Odd,25,High,240,High,Even
Wed,24,May,5,2023,2023-05-24,End of Month,12,Low,Even,21,Low,Odd,44,High,Even,50,High,Even,58,High,Even,185,High,Odd,26,High,211,High,Odd
Sat,27,May,5,2023,2023-05-27,End of Month,24,Low,Even,38,High,Even,39,High,Odd,48,High,Even,56,High,Even,205,High,Odd,4,Low,209,High,Odd
Mon,29,May,5,2023,2023-05-29,End of Month,21,Low,Odd,33,Low,Odd,35,High,Odd,62,High,Even,64,High,Even,215,High,Odd,24,High,239,High,Odd
Wed,31,May,5,2023,2023-05-31,End of Month,2,Low,Even,4,Low,Even,54,High,Even,61,High,Odd,62,High,Even,183,High,Odd,14,High,197,High,Odd
Sat,3,Jun,6,2023,2023-06-03,Start of Month,15,Low,Odd,45,High,Odd,64,High,Even,67,High,Odd,68,High,Even,259,High,Odd,18,High,277,High,Odd
Mon,5,Jun,6,2023,2023-06-05,Start of Month,2,Low,Even,31,Low,Odd,45,High,Odd,46,High,Even,49,High,Odd,173,High,Odd,20,High,193,High,Odd
Wed,7,Jun,6,2023,2023-06-07,Start of Month,16,Low,Even,21,Low,Odd,29,Low,Odd,53,High,Odd,66,High,Even,185,High,Odd,2,Low,187,High,Odd
Sat,10,Jun,6,2023,2023-06-10,Start of Month,21,Low,Odd,32,Low,Even,42,High,Even,46,High,Even,50,High,Even,191,High,Odd,4,Low,195,High,Odd
Mon,12,Jun,6,2023,2023-06-12,Start of Month,2,Low,Even,3,Low,Odd,16,Low,Even,23,Low,Odd,68,High,Even,112,Low,Even,7,Low,119,Low,Odd
Wed,14,Jun,6,2023,2023-06-14,Start of Month,3,Low,Odd,20,Low,Even,36,High,Even,42,High,Even,64,High,Even,165,Low,Odd,4,Low,169,Low,Odd
Sat,17,Jun,6,2023,2023-06-17,End of Month,2,Low,Even,12,Low,Even,45,High,Odd,61,High,Odd,64,High,Even,184,High,Even,26,High,210,High,Even
Mon,19,Jun,6,2023,2023-06-19,End of Month,36,High,Even,39,High,Odd,52,High,Even,57,High,Odd,69,High,Odd,253,High,Odd,1,Low,254,High,Even
Wed,21,Jun,6,2023,2023-06-21,End of Month,5,Low,Odd,11,Low,Odd,33,Low,Odd,35,High,Odd,63,High,Odd,147,Low,Odd,14,High,161,Low,Odd
Sat,24,Jun,6,2023,2023-06-24,End of Month,2,Low,Even,38,High,Even,44,High,Even,50,High,Even,62,High,Even,196,High,Even,19,High,215,High,Odd
Mon,26,Jun,6,2023,2023-06-26,End of Month,6,Low,Even,28,Low,Even,39,High,Odd,43,High,Odd,54,High,Even,170,Low,Even,12,Low,182,Low,Even
Wed,28,Jun,6,2023,2023-06-28,End of Month,19,Low,Odd,25,Low,Odd,34,Low,Even,57,High,Odd,68,High,Even,203,High,Odd,4,Low,207,High,Odd
Sat,1,Jul,7,2023,2023-07-01,Start of Month,4,Low,Even,17,Low,Odd,35,High,Odd,49,High,Odd,61,High,Odd,166,Low,Even,8,Low,174,Low,Even
Mon,3,Jul,7,2023,2023-07-03,Start of Month,15,Low,Odd,26,Low,Even,31,Low,Odd,38,High,Even,61,High,Odd,171,Low,Odd,3,Low,174,Low,Even
Wed,5,Jul,7,2023,2023-07-05,Start of Month,17,Low,Odd,24,Low,Even,48,High,Even,62,High,Even,68,High,Even,219,High,Odd,23,High,242,High,Even
Sat,8,Jul,7,2023,2023-07-08,Start of Month,7,Low,Odd,23,Low,Odd,24,Low,Even,32,Low,Even,43,High,Odd,129,Low,Odd,18,High,147,Low,Odd
Mon,10,Jul,7,2023,2023-07-10,Start of Month,2,Low,Even,24,Low,Even,34,Low,Even,53,High,Odd,58,High,Even,171,Low,Odd,13,Low,184,Low,Even
Wed,12,Jul,7,2023,2023-07-12,Start of Month,23,Low,Odd,35,High,Odd,45,High,Odd,66,High,Even,67,High,Odd,236,High,Even,20,High,256,High,Even
Sat,15,Jul,7,2023,2023-07-15,Start of Month,2,Low,Even,9,Low,Odd,43,High,Odd,55,High,Odd,57,High,Odd,166,Low,Even,18,High,184,Low,Even
Mon,17,Jul,7,2023,2023-07-17,End of Month,5,Low,Odd,8,Low,Even,9,Low,Odd,17,Low,Odd,41,High,Odd,80,Low,Even,21,High,101,Low,Odd
Wed,19,Jul,7,2023,2023-07-19,End of Month,7,Low,Odd,10,Low,Even,11,Low,Odd,13,Low,Odd,24,Low,Even,65,Low,Odd,24,High,89,Low,Odd
Sat,22,Jul,7,2023,2023-07-22,End of Month,25,Low,Odd,27,Low,Odd,36,High,Even,37,High,Odd,63,High,Odd,188,High,Even,7,Low,195,High,Odd
Mon,24,Jul,7,2023,2023-07-24,End of Month,3,Low,Odd,4,Low,Even,12,Low,Even,28,Low,Even,49,High,Odd,96,Low,Even,25,High,121,Low,Odd
Wed,26,Jul,7,2023,2023-07-26,End of Month,3,Low,Odd,16,Low,Even,40,High,Even,48,High,Even,60,High,Even,167,Low,Odd,14,High,181,Low,Odd
Sat,29,Jul,7,2023,2023-07-29,End of Month,10,Low,Even,25,Low,Odd,27,Low,Odd,34,Low,Even,38,High,Even,134,Low,Even,2,Low,136,Low,Even
Mon,31,Jul,7,2023,2023-07-31,End of Month,2,Low,Even,11,Low,Odd,48,High,Even,58,High,Even,65,High,Odd,184,High,Even,13,Low,197,High,Odd
Wed,2,Aug,8,2023,2023-08-02,Start of Month,23,Low,Odd,24,Low,Even,33,Low,Odd,51,High,Odd,64,High,Even,195,High,Odd,5,Low,200,High,Even
Sat,5,Aug,8,2023,2023-08-05,Start of Month,18,Low,Even,42,High,Even,44,High,Even,62,High,Even,65,High,Odd,231,High,Odd,23,High,254,High,Even
Mon,7,Aug,8,2023,2023-08-07,Start of Month,6,Low,Even,13,Low,Odd,20,Low,Even,35,High,Odd,54,High,Even,128,Low,Even,22,High,150,Low,Even
Wed,9,Aug,8,2023,2023-08-09,Start of Month,10,Low,Even,15,Low,Odd,21,Low,Odd,67,High,Odd,69,High,Odd,182,High,Even,3,Low,185,Low,Odd
Sat,12,Aug,8,2023,2023-08-12,Start of Month,19,Low,Odd,21,Low,Odd,37,High,Odd,50,High,Even,65,High,Odd,192,High,Even,26,High,218,High,Even
Mon,14,Aug,8,2023,2023-08-14,Start of Month,32,Low,Even,34,Low,Even,37,High,Odd,39,High,Odd,47,High,Odd,189,High,Odd,3,Low,192,High,Even
Wed,16,Aug,8,2023,2023-08-16,End of Month,9,Low,Odd,11,Low,Odd,17,Low,Odd,19,Low,Odd,55,High,Odd,111,Low,Odd,1,Low,112,Low,Even
Sat,19,Aug,8,2023,2023-08-19,End of Month,1,Low,Odd,25,Low,Odd,27,Low,Odd,38,High,Even,62,High,Even,153,Low,Odd,13,Low,166,Low,Even
Mon,21,Aug,8,2023,2023-08-21,End of Month,3,Low,Odd,4,Low,Even,12,Low,Even,22,Low,Even,28,Low,Even,69,Low,Odd,16,High,85,Low,Odd
Wed,23,Aug,8,2023,2023-08-23,End of Month,25,Low,Odd,30,Low,Even,32,Low,Even,33,Low,Odd,55,High,Odd,175,High,Odd,20,High,195,High,Odd
Sat,26,Aug,8,2023,2023-08-26,End of Month,20,Low,Even,22,Low,Even,26,Low,Even,28,Low,Even,63,High,Odd,159,Low,Odd,5,Low,164,Low,Even
Mon,28,Aug,8,2023,2023-08-28,End of Month,4,Low,Even,6,Low,Even,25,Low,Odd,55,High,Odd,68,High,Even,158,Low,Even,26,High,184,Low,Even
Wed,30,Aug,8,2023,2023-08-30,End of Month,4,Low,Even,13,Low,Odd,35,High,Odd,61,High,Odd,69,High,Odd,182,High,Even,4,Low,186,High,Even
Sat,2,Sep,9,2023,2023-09-02,Start of Month,25,Low,Odd,38,High,Even,42,High,Even,66,High,Even,67,High,Odd,238,High,Even,19,High,257,High,Odd
Mon,4,Sep,9,2023,2023-09-04,Start of Month,1,Low,Odd,26,Low,Even,32,Low,Even,46,High,Even,51,High,Odd,156,Low,Even,13,Low,169,Low,Odd
Wed,6,Sep,9,2023,2023-09-06,Start of Month,9,Low,Odd,14,Low,Even,20,Low,Even,23,Low,Odd,63,High,Odd,129,Low,Odd,1,Low,130,Low,Even
Sat,9,Sep,9,2023,2023-09-09,Start of Month,11,Low,Odd,19,Low,Odd,29,Low,Odd,63,High,Odd,68,High,Even,190,High,Even,25,High,215,High,Odd
Mon,11,Sep,9,2023,2023-09-11,Start of Month,9,Low,Odd,25,Low,Odd,27,Low,Odd,53,High,Odd,66,High,Even,180,High,Even,5,Low,185,Low,Odd
Wed,13,Sep,9,2023,2023-09-13,Start of Month,22,Low,Even,30,Low,Even,37,High,Odd,44,High,Even,45,High,Odd,178,High,Even,18,High,196,High,Even
Sat,16,Sep,9,2023,2023-09-16,End of Month,8,Low,Even,11,Low,Odd,19,Low,Odd,24,Low,Even,46,High,Even,108,Low,Even,5,Low,113,Low,Odd
Mon,18,Sep,9,2023,2023-09-18,End of Month,2,Low,Even,21,Low,Odd,26,Low,Even,40,High,Even,42,High,Even,131,Low,Odd,9,Low,140,Low,Even
Wed,20,Sep,9,2023,2023-09-20,End of Month,16,Low,Even,27,Low,Odd,59,High,Odd,62,High,Even,63,High,Odd,227,High,Odd,23,High,250,High,Even
Sat,23,Sep,9,2023,2023-09-23,End of Month,1,Low,Odd,12,Low,Even,20,Low,Even,33,Low,Odd,66,High,Even,132,Low,Even,21,High,153,Low,Odd
Mon,25,Sep,9,2023,2023-09-25,End of Month,10,Low,Even,12,Low,Even,22,Low,Even,36,High,Even,50,High,Even,130,Low,Even,4,Low,134,Low,Even
Wed,27,Sep,9,2023,2023-09-27,End of Month,1,Low,Odd,7,Low,Odd,46,High,Even,47,High,Odd,63,High,Odd,164,Low,Even,7,Low,171,Low,Odd
Sat,30,Sep,9,2023,2023-09-30,End of Month,19,Low,Odd,30,Low,Even,37,High,Odd,44,High,Even,46,High,Even,176,High,Even,22,High,198,High,Even
Mon,2,Oct,10,2023,2023-10-02,Start of Month,12,Low,Even,26,Low,Even,27,Low,Odd,43,High,Odd,47,High,Odd,155,Low,Odd,5,Low,160,Low,Even
Wed,4,Oct,10,2023,2023-10-04,Start of Month,9,Low,Odd,35,High,Odd,54,High,Even,63,High,Odd,64,High,Even,225,High,Odd,1,Low,226,High,Even
Sat,7,Oct,10,2023,2023-10-07,Start of Month,47,High,Odd,54,High,Even,57,High,Odd,60,High,Even,65,High,Odd,283,High,Odd,19,High,302,High,Even
Mon,9,Oct,10,2023,2023-10-09,Start of Month,16,Low,Even,34,Low,Even,46,High,Even,55,High,Odd,67,High,Odd,218,High,Even,14,High,232,High,Even
Wed,11,Oct,10,2023,2023-10-11,Start of Month,22,Low,Even,24,Low,Even,40,High,Even,52,High,Even,64,High,Even,202,High,Even,10,Low,212,High,Even
Sat,14,Oct,10,2023,2023-10-14,Start of Month,14,Low,Even,16,Low,Even,42,High,Even,48,High,Even,64,High,Even,184,High,Even,14,High,198,High,Even
Mon,16,Oct,10,2023,2023-10-16,End of Month,2,Low,Even,27,Low,Odd,31,Low,Odd,44,High,Even,64,High,Even,168,Low,Even,18,High,186,High,Even
Wed,18,Oct,10,2023,2023-10-18,End of Month,1,Low,Odd,4,Low,Even,13,Low,Odd,35,High,Odd,58,High,Even,111,Low,Odd,24,High,135,Low,Odd
Sat,21,Oct,10,2023,2023-10-21,End of Month,6,Low,Even,15,Low,Odd,24,Low,Even,67,High,Odd,68,High,Even,180,High,Even,11,Low,191,High,Odd
Mon,23,Oct,10,2023,2023-10-23,End of Month,18,Low,Even,21,Low,Odd,25,Low,Odd,46,High,Even,64,High,Even,174,High,Even,21,High,195,High,Odd
Wed,25,Oct,10,2023,2023-10-25,End of Month,25,Low,Odd,27,Low,Odd,41,High,Odd,53,High,Odd,68,High,Even,214,High,Even,2,Low,216,High,Even
Sat,28,Oct,10,2023,2023-10-28,End of Month,14,Low,Even,24,Low,Even,50,High,Even,59,High,Odd,64,High,Even,211,High,Odd,2,Low,213,High,Odd
Mon,30,Oct,10,2023,2023-10-30,End of Month,19,Low,Odd,22,Low,Even,34,Low,Even,66,High,Even,69,High,Odd,210,High,Even,5,Low,215,High,Odd
Wed,1,Nov,11,2023,2023-11-01,Start of Month,22,Low,Even,26,Low,Even,39,High,Odd,47,High,Odd,63,High,Odd,197,High,Odd,12,Low,209,High,Odd
Sat,4,Nov,11,2023,2023-11-04,Start of Month,1,Low,Odd,28,Low,Even,30,Low,Even,34,Low,Even,52,High,Even,145,Low,Odd,6,Low,151,Low,Odd
Mon,6,Nov,11,2023,2023-11-06,Start of Month,12,Low,Even,25,Low,Odd,40,High,Even,59,High,Odd,61,High,Odd,197,High,Odd,26,High,223,High,Odd
Wed,8,Nov,11,2023,2023-11-08,Start of Month,14,Low,Even,21,Low,Odd,33,Low,Odd,39,High,Odd,62,High,Even,169,Low,Odd,20,High,189,High,Odd
Sat,11,Nov,11,2023,2023-11-11,Start of Month,1,Low,Odd,12,Low,Even,14,Low,Even,24,Low,Even,57,High,Odd,108,Low,Even,7,Low,115,Low,Odd
Mon,13,Nov,11,2023,2023-11-13,Start of Month,24,Low,Even,33,Low,Odd,35,High,Odd,37,High,Odd,42,High,Even,171,Low,Odd,21,High,192,High,Even
Wed,15,Nov,11,2023,2023-11-15,Start of Month,3,Low,Odd,4,Low,Even,51,High,Odd,53,High,Odd,60,High,Even,171,Low,Odd,6,Low,177,Low,Odd
Sat,18,Nov,11,2023,2023-11-18,End of Month,34,Low,Even,50,High,Even,51,High,Odd,61,High,Odd,67,High,Odd,263,High,Odd,20,High,283,High,Odd
Mon,20,Nov,11,2023,2023-11-20,End of Month,19,Low,Odd,26,Low,Even,30,Low,Even,39,High,Odd,63,High,Odd,177,High,Odd,13,Low,190,High,Even
Wed,22,Nov,11,2023,2023-11-22,End of Month,20,Low,Even,24,Low,Even,33,Low,Odd,39,High,Odd,42,High,Even,158,Low,Even,21,High,179,Low,Odd
Sat,25,Nov,11,2023,2023-11-25,End of Month,27,Low,Odd,33,Low,Odd,63,High,Odd,66,High,Even,68,High,Even,257,High,Odd,9,Low,266,High,Even
Mon,27,Nov,11,2023,2023-11-27,End of Month,2,Low,Even,21,Low,Odd,38,High,Even,61,High,Odd,66,High,Even,188,High,Even,12,Low,200,High,Even
Wed,29,Nov,11,2023,2023-11-29,End of Month,6,Low,Even,47,High,Odd,50,High,Even,61,High,Odd,68,High,Even,232,High,Even,4,Low,236,High,Even
Sat,2,Dec,12,2023,2023-12-02,Start of Month,28,Low,Even,35,High,Odd,41,High,Odd,47,High,Odd,60,High,Even,211,High,Odd,3,Low,214,High,Even
Mon,4,Dec,12,2023,2023-12-04,Start of Month,18,Low,Even,19,Low,Odd,27,Low,Odd,28,Low,Even,45,High,Odd,137,Low,Odd,9,Low,146,Low,Even
Wed,6,Dec,12,2023,2023-12-06,Start of Month,2,Low,Even,12,Low,Even,37,High,Odd,56,High,Even,65,High,Odd,172,Low,Even,21,High,193,High,Odd
Sat,9,Dec,12,2023,2023-12-09,Start of Month,5,Low,Odd,25,Low,Odd,26,Low,Even,40,High,Even,60,High,Even,156,Low,Even,1,Low,157,Low,Odd
Mon,11,Dec,12,2023,2023-12-11,Start of Month,1,Low,Odd,24,Low,Even,27,Low,Odd,31,Low,Odd,62,High,Even,145,Low,Odd,20,High,165,Low,Odd
Wed,13,Dec,12,2023,2023-12-13,Start of Month,3,Low,Odd,8,Low,Even,41,High,Odd,56,High,Even,64,High,Even,172,Low,Even,18,High,190,High,Even
Sat,16,Dec,12,2023,2023-12-16,End of Month,3,Low,Odd,9,Low,Odd,10,Low,Even,20,Low,Even,62,High,Even,104,Low,Even,25,High,129,Low,Odd
Mon,18,Dec,12,2023,2023-12-18,End of Month,5,Low,Odd,8,Low,Even,19,Low,Odd,34,Low,Even,39,High,Odd,105,Low,Odd,26,High,131,Low,Odd
Wed,20,Dec,12,2023,2023-12-20,End of Month,27,Low,Odd,35,High,Odd,41,High,Odd,56,High,Even,60,High,Even,219,High,Odd,16,High,235,High,Odd
Sat,23,Dec,12,2023,2023-12-23,End of Month,9,Low,Odd,14,Low,Even,17,Low,Odd,18,Low,Even,53,High,Odd,111,Low,Odd,6,Low,117,Low,Odd
Mon,25,Dec,12,2023,2023-12-25,End of Month,5,Low,Odd,12,Low,Even,20,Low,Even,24,Low,Even,29,Low,Odd,90,Low,Even,4,Low,94,Low,Even
Wed,27,Dec,12,2023,2023-12-27,End of Month,4,Low,Even,11,Low,Odd,38,High,Even,51,High,Odd,68,High,Even,172,Low,Even,5,Low,177,Low,Odd
Sat,30,Dec,12,2023,2023-12-30,End of Month,10,Low,Even,11,Low,Odd,26,Low,Even,27,Low,Odd,34,Low,Even,108,Low,Even,7,Low,115,Low,Odd
Mon,1,Jan,1,2024,2024-01-01,Start of Month,12,Low,Even,21,Low,Odd,42,High,Even,44,High,Even,49,High,Odd,168,Low,Even,1,Low,169,Low,Odd
Wed,3,Jan,1,2024,2024-01-03,Start of Month,30,Low,Even,31,Low,Odd,38,High,Even,48,High,Even,68,High,Even,215,High,Odd,8,Low,223,High,Odd
Sat,6,Jan,1,2024,2024-01-06,Start of Month,4,Low,Even,31,Low,Odd,34,Low,Even,38,High,Even,61,High,Odd,168,Low,Even,13,Low,181,Low,Odd
Mon,8,Jan,1,2024,2024-01-08,Start of Month,7,Low,Odd,17,Low,Odd,28,Low,Even,40,High,Even,45,High,Odd,137,Low,Odd,2,Low,139,Low,Odd
Wed,10,Jan,1,2024,2024-01-10,Start of Month,25,Low,Odd,40,High,Even,43,High,Odd,48,High,Even,50,High,Even,206,High,Even,11,Low,217,High,Odd
Sat,13,Jan,1,2024,2024-01-13,Start of Month,13,Low,Odd,31,Low,Odd,33,Low,Odd,51,High,Odd,58,High,Even,186,High,Even,15,High,201,High,Odd
Mon,15,Jan,1,2024,2024-01-15,Start of Month,13,Low,Odd,30,Low,Even,35,High,Odd,49,High,Odd,59,High,Odd,186,High,Even,4,Low,190,High,Even
Wed,17,Jan,1,2024,2024-01-17,End of Month,18,Low,Even,22,Low,Even,43,High,Odd,61,High,Odd,65,High,Odd,209,High,Odd,2,Low,211,High,Odd
Sat,20,Jan,1,2024,2024-01-20,End of Month,16,Low,Even,31,Low,Odd,34,Low,Even,47,High,Odd,65,High,Odd,193,High,Odd,10,Low,203,High,Odd
Mon,22,Jan,1,2024,2024-01-22,End of Month,24,Low,Even,25,Low,Odd,43,High,Odd,52,High,Even,63,High,Odd,207,High,Odd,21,High,228,High,Even
Wed,24,Jan,1,2024,2024-01-24,End of Month,1,Low,Odd,5,Low,Odd,32,Low,Even,50,High,Even,64,High,Even,152,Low,Even,8,Low,160,Low,Even
Sat,27,Jan,1,2024,2024-01-27,End of Month,7,Low,Odd,38,High,Even,65,High,Odd,66,High,Even,68,High,Even,244,High,Even,21,High,265,High,Odd
Mon,29,Jan,1,2024,2024-01-29,End of Month,39,High,Odd,41,High,Odd,43,High,Odd,49,High,Odd,64,High,Even,236,High,Even,4,Low,240,High,Even
Wed,31,Jan,1,2024,2024-01-31,End of Month,15,Low,Odd,18,Low,Even,19,Low,Odd,41,High,Odd,43,High,Odd,136,Low,Even,14,High,150,Low,Even
Sat,3,Feb,2,2024,2024-02-03,Start of Month,9,Low,Odd,11,Low,Odd,27,Low,Odd,59,High,Odd,66,High,Even,172,Low,Even,19,High,191,High,Odd
Mon,5,Feb,2,2024,2024-02-05,Start of Month,1,Low,Odd,2,Low,Even,27,Low,Odd,30,Low,Even,67,High,Odd,127,Low,Odd,9,Low,136,Low,Even
Wed,7,Feb,2,2024,2024-02-07,Start of Month,12,Low,Even,21,Low,Odd,62,High,Even,67,High,Odd,69,High,Odd,231,High,Odd,17,High,248,High,Even
Sat,10,Feb,2,2024,2024-02-10,Start of Month,27,Low,Odd,28,Low,Even,34,Low,Even,37,High,Odd,44,High,Even,170,Low,Even,8,Low,178,Low,Even
Mon,12,Feb,2,2024,2024-02-12,Start of Month,17,Low,Odd,36,High,Even,43,High,Odd,53,High,Odd,67,High,Odd,216,High,Even,14,High,230,High,Even
Wed,14,Feb,2,2024,2024-02-14,Start of Month,1,Low,Odd,4,Low,Even,45,High,Odd,47,High,Odd,67,High,Odd,164,Low,Even,18,High,182,Low,Even
Sat,17,Feb,2,2024,2024-02-17,End of Month,6,Low,Even,28,Low,Even,59,High,Odd,62,High,Even,69,High,Odd,224,High,Even,21,High,245,High,Odd
Mon,19,Feb,2,2024,2024-02-19,End of Month,4,Low,Even,23,Low,Odd,45,High,Odd,50,High,Even,53,High,Odd,175,High,Odd,17,High,192,High,Even
Wed,21,Feb,2,2024,2024-02-21,End of Month,4,Low,Even,27,Low,Odd,33,Low,Odd,41,High,Odd,42,High,Even,147,Low,Odd,14,High,161,Low,Odd
Sat,24,Feb,2,2024,2024-02-24,End of Month,3,Low,Odd,8,Low,Even,40,High,Even,53,High,Odd,58,High,Even,162,Low,Even,3,Low,165,Low,Odd
Mon,26,Feb,2,2024,2024-02-26,End of Month,24,Low,Even,29,Low,Odd,42,High,Even,51,High,Odd,54,High,Even,200,High,Even,16,High,216,High,Even
Wed,28,Feb,2,2024,2024-02-28,End of Month,16,Low,Even,26,Low,Even,29,Low,Odd,38,High,Even,50,High,Even,159,Low,Odd,6,Low,165,Low,Odd
Sat,2,Mar,3,2024,2024-03-02,Start of Month,3,Low,Odd,18,Low,Even,27,Low,Odd,36,High,Even,53,High,Odd,137,Low,Odd,12,Low,149,Low,Odd
Mon,4,Mar,3,2024,2024-03-04,Start of Month,36,High,Even,42,High,Even,50,High,Even,52,High,Even,67,High,Odd,247,High,Odd,26,High,273,High,Odd
Wed,6,Mar,3,2024,2024-03-06,Start of Month,6,Low,Even,19,Low,Odd,28,Low,Even,44,High,Even,60,High,Even,157,Low,Odd,10,Low,167,Low,Odd
Sat,9,Mar,3,2024,2024-03-09,Start of Month,30,Low,Even,36,High,Even,49,High,Odd,52,High,Even,63,High,Odd,230,High,Even,16,High,246,High,Even
Mon,11,Mar,3,2024,2024-03-11,Start of Month,1,Low,Odd,3,Low,Odd,7,Low,Odd,16,Low,Even,66,High,Even,93,Low,Odd,5,Low,98,Low,Even
Wed,13,Mar,3,2024,2024-03-13,Start of Month,21,Low,Odd,29,Low,Odd,54,High,Even,59,High,Odd,62,High,Even,225,High,Odd,4,Low,229,High,Odd
Sat,16,Mar,3,2024,2024-03-16,End of Month,12,Low,Even,23,Low,Odd,44,High,Even,57,High,Odd,61,High,Odd,197,High,Odd,5,Low,202,High,Even
Mon,18,Mar,3,2024,2024-03-18,End of Month,10,Low,Even,17,Low,Odd,20,Low,Even,39,High,Odd,44,High,Even,130,Low,Even,16,High,146,Low,Even
Wed,20,Mar,3,2024,2024-03-20,End of Month,13,Low,Odd,22,Low,Even,27,Low,Odd,54,High,Even,66,High,Even,182,High,Even,9,Low,191,High,Odd
Sat,23,Mar,3,2024,2024-03-23,End of Month,6,Low,Even,23,Low,Odd,25,Low,Odd,34,Low,Even,51,High,Odd,139,Low,Odd,3,Low,142,Low,Even
Mon,25,Mar,3,2024,2024-03-25,End of Month,7,Low,Odd,11,Low,Odd,19,Low,Odd,53,High,Odd,68,High,Even,158,Low,Even,23,High,181,Low,Odd
Wed,27,Mar,3,2024,2024-03-27,End of Month,37,High,Odd,46,High,Even,57,High,Odd,60,High,Even,66,High,Even,266,High,Even,8,Low,274,High,Even
Sat,30,Mar,3,2024,2024-03-30,End of Month,12,Low,Even,13,Low,Odd,33,Low,Odd,50,High,Even,52,High,Even,160,Low,Even,23,High,183,Low,Odd
Mon,1,Apr,4,2024,2024-04-01,Start of Month,19,Low,Odd,24,Low,Even,40,High,Even,42,High,Even,56,High,Even,181,High,Odd,23,High,204,High,Even
Wed,3,Apr,4,2024,2024-04-03,Start of Month,11,Low,Odd,38,High,Even,41,High,Odd,62,High,Even,65,High,Odd,217,High,Odd,15,High,232,High,Even
Sat,6,Apr,4,2024,2024-04-06,Start of Month,22,Low,Even,27,Low,Odd,44,High,Even,52,High,Even,69,High,Odd,214,High,Even,9,Low,223,High,Odd
Mon,8,Apr,4,2024,2024-04-08,Start of Month,6,Low,Even,21,Low,Odd,23,Low,Odd,39,High,Odd,54,High,Even,143,Low,Odd,23,High,166,Low,Even
Wed,10,Apr,4,2024,2024-04-10,Start of Month,6,Low,Even,7,Low,Odd,12,Low,Even,24,Low,Even,36,High,Even,85,Low,Odd,15,High,100,Low,Even
Sat,13,Apr,4,2024,2024-04-13,Start of Month,7,Low,Odd,33,Low,Odd,40,High,Even,43,High,Odd,69,High,Odd,192,High,Even,10,Low,202,High,Even
Mon,15,Apr,4,2024,2024-04-15,Start of Month,7,Low,Odd,16,Low,Even,41,High,Odd,56,High,Even,61,High,Odd,181,High,Odd,23,High,204,High,Even
Wed,17,Apr,4,2024,2024-04-17,End of Month,24,Low,Even,29,Low,Odd,44,High,Even,47,High,Odd,54,High,Even,198,High,Even,2,Low,200,High,Even
Sat,20,Apr,4,2024,2024-04-20,End of Month,4,Low,Even,35,High,Odd,41,High,Odd,44,High,Even,58,High,Even,182,High,Even,25,High,207,High,Odd
Mon,22,Apr,4,2024,2024-04-22,End of Month,12,Low,Even,16,Low,Even,33,Low,Odd,39,High,Odd,52,High,Even,152,Low,Even,1,Low,153,Low,Odd
Wed,24,Apr,4,2024,2024-04-24,End of Month,2,Low,Even,20,Low,Even,22,Low,Even,26,Low,Even,47,High,Odd,117,Low,Odd,21,High,138,Low,Even
Sat,27,Apr,4,2024,2024-04-27,End of Month,9,Low,Odd,30,Low,Even,53,High,Odd,55,High,Odd,62,High,Even,209,High,Odd,23,High,232,High,Even
Mon,29,Apr,4,2024,2024-04-29,End of Month,11,Low,Odd,38,High,Even,47,High,Odd,67,High,Odd,69,High,Odd,232,High,Even,14,High,246,High,Even
Wed,1,May,5,2024,2024-05-01,Start of Month,1,Low,Odd,11,Low,Odd,19,Low,Odd,21,Low,Odd,68,High,Even,120,Low,Even,15,High,135,Low,Odd
Sat,4,May,5,2024,2024-05-04,Start of Month,14,Low,Even,20,Low,Even,23,Low,Odd,53,High,Odd,69,High,Odd,179,High,Odd,4,Low,183,Low,Odd
Mon,6,May,5,2024,2024-05-06,Start of Month,7,Low,Odd,23,Low,Odd,24,Low,Even,56,High,Even,60,High,Even,170,Low,Even,25,High,195,High,Odd
Wed,8,May,5,2024,2024-05-08,Start of Month,7,Low,Odd,41,High,Odd,43,High,Odd,44,High,Even,51,High,Odd,186,High,Even,5,Low,191,High,Odd
Sat,11,May,5,2024,2024-05-11,Start of Month,3,Low,Odd,6,Low,Even,39,High,Odd,49,High,Odd,67,High,Odd,164,Low,Even,21,High,185,Low,Odd
Mon,13,May,5,2024,2024-05-13,Start of Month,5,Low,Odd,14,Low,Even,29,Low,Odd,38,High,Even,66,High,Even,152,Low,Even,1,Low,153,Low,Odd
Wed,15,May,5,2024,2024-05-15,Start of Month,19,Low,Odd,42,High,Even,45,High,Odd,55,High,Odd,69,High,Odd,230,High,Even,6,Low,236,High,Even
Sat,18,May,5,2024,2024-05-18,End of Month,19,Low,Odd,36,High,Even,37,High,Odd,42,High,Even,59,High,Odd,193,High,Odd,19,High,212,High,Even
Mon,20,May,5,2024,2024-05-20,End of Month,1,Low,Odd,7,Low,Odd,48,High,Even,64,High,Even,68,High,Even,188,High,Even,5,Low,193,High,Odd
Wed,22,May,5,2024,2024-05-22,End of Month,5,Low,Odd,16,Low,Even,18,Low,Even,26,Low,Even,67,High,Odd,132,Low,Even,4,Low,136,Low,Even
Sat,25,May,5,2024,2024-05-25,End of Month,6,Low,Even,33,Low,Odd,35,High,Odd,36,High,Even,64,High,Even,174,High,Even,24,High,198,High,Even
Mon,27,May,5,2024,2024-05-27,End of Month,9,Low,Odd,30,Low,Even,39,High,Odd,49,High,Odd,59,High,Odd,186,High,Even,21,High,207,High,Odd
Wed,29,May,5,2024,2024-05-29,End of Month,17,Low,Odd,34,Low,Even,56,High,Even,60,High,Even,61,High,Odd,228,High,Even,9,Low,237,High,Odd
Sat,1,Jun,6,2024,2024-06-01,Start of Month,28,Low,Even,38,High,Even,52,High,Even,54,High,Even,68,High,Even,240,High,Even,8,Low,248,High,Even
Mon,3,Jun,6,2024,2024-06-03,Start of Month,19,Low,Odd,29,Low,Odd,35,High,Odd,36,High,Even,45,High,Odd,164,Low,Even,16,High,180,Low,Even
Wed,5,Jun,6,2024,2024-06-05,Start of Month,8,Low,Even,44,High,Even,45,High,Odd,51,High,Odd,69,High,Odd,217,High,Odd,12,Low,229,High,Odd
Sat,8,Jun,6,2024,2024-06-08,Start of Month,8,Low,Even,38,High,Even,52,High,Even,54,High,Even,64,High,Even,216,High,Even,15,High,231,High,Odd
Mon,10,Jun,6,2024,2024-06-10,Start of Month,3,Low,Odd,10,Low,Even,33,Low,Odd,58,High,Even,59,High,Odd,163,Low,Odd,9,Low,172,Low,Even
Wed,12,Jun,6,2024,2024-06-12,Start of Month,19,Low,Odd,30,Low,Even,31,Low,Odd,61,High,Odd,62,High,Even,203,High,Odd,21,High,224,High,Even
Sat,15,Jun,6,2024,2024-06-15,Start of Month,4,Low,Even,36,High,Even,48,High,Even,54,High,Even,56,High,Even,198,High,Even,2,Low,200,High,Even
Mon,17,Jun,6,2024,2024-06-17,End of Month,30,Low,Even,48,High,Even,53,High,Odd,58,High,Even,66,High,Even,255,High,Odd,9,Low,264,High,Even
Wed,19,Jun,6,2024,2024-06-19,End of Month,4,Low,Even,27,Low,Odd,44,High,Even,50,High,Even,64,High,Even,189,High,Odd,7,Low,196,High,Even
Sat,22,Jun,6,2024,2024-06-22,End of Month,4,Low,Even,5,Low,Odd,15,Low,Odd,32,Low,Even,62,High,Even,118,Low,Even,21,High,139,Low,Odd
Mon,24,Jun,6,2024,2024-06-24,End of Month,5,Low,Odd,6,Low,Even,36,High,Even,53,High,Odd,69,High,Odd,169,Low,Odd,8,Low,177,Low,Odd
Wed,26,Jun,6,2024,2024-06-26,End of Month,4,Low,Even,9,Low,Odd,36,High,Even,47,High,Odd,56,High,Even,152,Low,Even,7,Low,159,Low,Odd
Sat,29,Jun,6,2024,2024-06-29,End of Month,26,Low,Even,51,High,Odd,54,High,Even,61,High,Odd,69,High,Odd,261,High,Odd,25,High,286,High,Even
Mon,1,Jul,7,2024,2024-07-01,Start of Month,5,Low,Odd,9,Low,Odd,32,Low,Even,39,High,Odd,55,High,Odd,140,Low,Even,9,Low,149,Low,Odd
Wed,3,Jul,7,2024,2024-07-03,Start of Month,2,Low,Even,26,Low,Even,33,Low,Odd,55,High,Odd,57,High,Odd,173,High,Odd,22,High,195,High,Odd
Sat,6,Jul,7,2024,2024-07-06,Start of Month,5,Low,Odd,32,Low,Even,35,High,Odd,39,High,Odd,49,High,Odd,160,Low,Even,21,High,181,Low,Odd
Mon,8,Jul,7,2024,2024-07-08,Start of Month,20,Low,Even,22,Low,Even,31,Low,Odd,33,Low,Odd,45,High,Odd,151,Low,Odd,1,Low,152,Low,Even
Wed,10,Jul,7,2024,2024-07-10,Start of Month,7,Low,Odd,11,Low,Odd,12,Low,Even,27,Low,Odd,46,High,Even,103,Low,Odd,26,High,129,Low,Odd
Sat,13,Jul,7,2024,2024-07-13,Start of Month,9,Low,Odd,55,High,Odd,59,High,Odd,66,High,Even,69,High,Odd,258,High,Even,21,High,279,High,Odd
Mon,15,Jul,7,2024,2024-07-15,Start of Month,9,Low,Odd,31,Low,Odd,39,High,Odd,40,High,Even,45,High,Odd,164,Low,Even,23,High,187,High,Odd
Wed,17,Jul,7,2024,2024-07-17,End of Month,24,Low,Even,27,Low,Odd,32,Low,Even,47,High,Odd,66,High,Even,196,High,Even,26,High,222,High,Even
Sat,20,Jul,7,2024,2024-07-20,End of Month,18,Low,Even,25,Low,Odd,31,Low,Odd,40,High,Even,57,High,Odd,171,Low,Odd,4,Low,175,Low,Odd
Mon,22,Jul,7,2024,2024-07-22,End of Month,31,Low,Odd,36,High,Even,56,High,Even,58,High,Even,69,High,Odd,250,High,Even,20,High,270,High,Even
Wed,24,Jul,7,2024,2024-07-24,End of Month,16,Low,Even,42,High,Even,59,High,Odd,63,High,Odd,68,High,Even,248,High,Even,13,Low,261,High,Odd
Sat,27,Jul,7,2024,2024-07-27,End of Month,3,Low,Odd,31,Low,Odd,37,High,Odd,40,High,Even,64,High,Even,175,High,Odd,17,High,192,High,Even
Mon,29,Jul,7,2024,2024-07-29,End of Month,11,Low,Odd,27,Low,Odd,30,Low,Even,33,Low,Odd,44,High,Even,145,Low,Odd,16,High,161,Low,Odd
Wed,31,Jul,7,2024,2024-07-31,End of Month,23,Low,Odd,34,Low,Even,37,High,Odd,50,High,Even,58,High,Even,202,High,Even,7,Low,209,High,Odd
Sat,3,Aug,8,2024,2024-08-03,Start of Month,13,Low,Odd,33,Low,Odd,40,High,Even,60,High,Even,61,High,Odd,207,High,Odd,20,High,227,High,Odd
Mon,5,Aug,8,2024,2024-08-05,Start of Month,29,Low,Odd,42,High,Even,44,High,Even,51,High,Odd,54,High,Even,220,High,Even,12,Low,232,High,Even
Wed,7,Aug,8,2024,2024-08-07,Start of Month,6,Low,Even,19,Low,Odd,35,High,Odd,47,High,Odd,57,High,Odd,164,Low,Even,9,Low,173,Low,Odd
Sat,10,Aug,8,2024,2024-08-10,Start of Month,9,Low,Odd,24,Low,Even,33,Low,Odd,64,High,Even,69,High,Odd,199,High,Odd,9,Low,208,High,Even
Mon,12,Aug,8,2024,2024-08-12,Start of Month,9,Low,Odd,22,Low,Even,57,High,Odd,67,High,Odd,68,High,Even,223,High,Odd,14,High,237,High,Odd
Wed,14,Aug,8,2024,2024-08-14,Start of Month,8,Low,Even,9,Low,Odd,23,Low,Odd,29,Low,Odd,62,High,Even,131,Low,Odd,13,Low,144,Low,Even
Sat,17,Aug,8,2024,2024-08-17,End of Month,12,Low,Even,31,Low,Odd,43,High,Odd,45,High,Odd,46,High,Even,177,High,Odd,22,High,199,High,Odd
Mon,19,Aug,8,2024,2024-08-19,End of Month,1,Low,Odd,2,Low,Even,15,Low,Odd,23,Low,Odd,28,Low,Even,69,Low,Odd,10,Low,79,Low,Odd
Wed,21,Aug,8,2024,2024-08-21,End of Month,27,Low,Odd,31,Low,Odd,33,Low,Odd,38,High,Even,67,High,Odd,196,High,Even,3,Low,199,High,Odd
Sat,24,Aug,8,2024,2024-08-24,End of Month,5,Low,Odd,15,Low,Odd,21,Low,Odd,24,Low,Even,43,High,Odd,108,Low,Even,17,High,125,Low,Odd
Mon,26,Aug,8,2024,2024-08-26,End of Month,2,Low,Even,4,Low,Even,23,Low,Odd,68,High,Even,69,High,Odd,166,Low,Even,15,High,181,Low,Odd
Wed,28,Aug,8,2024,2024-08-28,End of Month,5,Low,Odd,33,Low,Odd,47,High,Odd,50,High,Even,64,High,Even,199,High,Odd,20,High,219,High,Odd
Sat,31,Aug,8,2024,2024-08-31,End of Month,4,Low,Even,34,Low,Even,35,High,Odd,38,High,Even,69,High,Odd,180,High,Even,19,High,199,High,Odd
Mon,2,Sep,9,2024,2024-09-02,Start of Month,8,Low,Even,42,High,Even,46,High,Even,48,High,Even,53,High,Odd,197,High,Odd,22,High,219,High,Odd
Wed,4,Sep,9,2024,2024-09-04,Start of Month,7,Low,Odd,10,Low,Even,21,Low,Odd,33,Low,Odd,59,High,Odd,130,Low,Even,20,High,150,Low,Even
Sat,7,Sep,9,2024,2024-09-07,Start of Month,14,Low,Even,34,Low,Even,37,High,Odd,55,High,Odd,63,High,Odd,203,High,Odd,20,High,223,High,Odd
Mon,9,Sep,9,2024,2024-09-09,Start of Month,1,Low,Odd,16,Low,Even,21,Low,Odd,47,High,Odd,60,High,Even,145,Low,Odd,5,Low,150,Low,Even
Wed,11,Sep,9,2024,2024-09-11,Start of Month,10,Low,Even,12,Low,Even,55,High,Odd,65,High,Odd,67,High,Odd,209,High,Odd,3,Low,212,High,Even
Sat,14,Sep,9,2024,2024-09-14,Start of Month,29,Low,Odd,34,Low,Even,38,High,Even,48,High,Even,56,High,Even,205,High,Odd,16,High,221,High,Odd
Mon,16,Sep,9,2024,2024-09-16,End of Month,8,Low,Even,9,Low,Odd,11,Low,Odd,27,Low,Odd,31,Low,Odd,86,Low,Even,17,High,103,Low,Odd
Wed,18,Sep,9,2024,2024-09-18,End of Month,1,Low,Odd,11,Low,Odd,22,Low,Even,47,High,Odd,68,High,Even,149,Low,Odd,7,Low,156,Low,Even
Sat,21,Sep,9,2024,2024-09-21,End of Month,17,Low,Odd,19,Low,Odd,21,Low,Odd,37,High,Odd,45,High,Odd,139,Low,Odd,14,High,153,Low,Odd
Mon,23,Sep,9,2024,2024-09-23,End of Month,15,Low,Odd,21,Low,Odd,25,Low,Odd,37,High,Odd,45,High,Odd,143,Low,Odd,19,High,162,Low,Even
Wed,25,Sep,9,2024,2024-09-25,End of Month,2,Low,Even,26,Low,Even,45,High,Odd,46,High,Even,52,High,Even,171,Low,Odd,21,High,192,High,Even
Sat,28,Sep,9,2024,2024-09-28,End of Month,3,Low,Odd,11,Low,Odd,13,Low,Odd,24,Low,Even,39,High,Odd,90,Low,Even,22,High,112,Low,Even
Mon,30,Sep,9,2024,2024-09-30,End of Month,9,Low,Odd,11,Low,Odd,30,Low,Even,43,High,Odd,69,High,Odd,162,Low,Even,20,High,182,Low,Even
Wed,2,Oct,10,2024,2024-10-02,Start of Month,1,Low,Odd,2,Low,Even,21,Low,Odd,37,High,Odd,43,High,Odd,104,Low,Even,21,High,125,Low,Odd
Sat,5,Oct,10,2024,2024-10-05,Start of Month,2,Low,Even,12,Low,Even,46,High,Even,52,High,Even,65,High,Odd,177,High,Odd,3,Low,180,Low,Even
Mon,7,Oct,10,2024,2024-10-07,Start of Month,18,Low,Even,30,Low,Even,31,Low,Odd,52,High,Even,63,High,Odd,194,High,Even,22,High,216,High,Even
Wed,9,Oct,10,2024,2024-10-09,Start of Month,25,Low,Odd,32,Low,Even,43,High,Odd,53,High,Odd,66,High,Even,219,High,Odd,10,Low,229,High,Odd
Sat,12,Oct,10,2024,2024-10-12,Start of Month,5,Low,Odd,14,Low,Even,20,Low,Even,41,High,Odd,57,High,Odd,137,Low,Odd,6,Low,143,Low,Odd
Mon,14,Oct,10,2024,2024-10-14,Start of Month,14,Low,Even,18,Low,Even,33,Low,Odd,64,High,Even,67,High,Odd,196,High,Even,14,High,210,High,Even
Wed,16,Oct,10,2024,2024-10-16,End of Month,4,Low,Even,30,Low,Even,39,High,Odd,44,High,Even,60,High,Even,177,High,Odd,11,Low,188,High,Even
Sat,19,Oct,10,2024,2024-10-19,End of Month,7,Low,Odd,16,Low,Even,19,Low,Odd,45,High,Odd,64,High,Even,151,Low,Odd,25,High,176,Low,Even
Mon,21,Oct,10,2024,2024-10-21,End of Month,1,Low,Odd,25,Low,Odd,57,High,Odd,62,High,Even,64,High,Even,209,High,Odd,15,High,224,High,Even
Wed,23,Oct,10,2024,2024-10-23,End of Month,2,Low,Even,15,Low,Odd,27,Low,Odd,29,Low,Odd,39,High,Odd,112,Low,Even,20,High,132,Low,Even
Sat,26,Oct,10,2024,2024-10-26,End of Month,8,Low,Even,12,Low,Even,40,High,Even,45,High,Odd,51,High,Odd,156,Low,Even,15,High,171,Low,Odd
Mon,28,Oct,10,2024,2024-10-28,End of Month,21,Low,Odd,27,Low,Odd,32,Low,Even,48,High,Even,67,High,Odd,195,High,Odd,17,High,212,High,Even
Wed,30,Oct,10,2024,2024-10-30,End of Month,13,Low,Odd,22,Low,Even,29,Low,Odd,43,High,Odd,58,High,Even,165,Low,Odd,22,High,187,High,Odd
Sat,2,Nov,11,2024,2024-11-02,Start of Month,10,Low,Even,45,High,Odd,48,High,Even,58,High,Even,61,High,Odd,222,High,Even,2,Low,224,High,Even
Mon,4,Nov,11,2024,2024-11-04,Start of Month,6,Low,Even,18,Low,Even,33,Low,Odd,48,High,Even,53,High,Odd,158,Low,Even,21,High,179,Low,Odd
Wed,6,Nov,11,2024,2024-11-06,Start of Month,12,Low,Even,17,Low,Odd,37,High,Odd,58,High,Even,62,High,Even,186,High,Even,4,Low,190,High,Even
Sat,9,Nov,11,2024,2024-11-09,Start of Month,11,Low,Odd,24,Low,Even,50,High,Even,56,High,Even,66,High,Even,207,High,Odd,16,High,223,High,Odd
Mon,11,Nov,11,2024,2024-11-11,Start of Month,3,Low,Odd,21,Low,Odd,24,Low,Even,34,Low,Even,46,High,Even,128,Low,Even,9,Low,137,Low,Odd
Wed,13,Nov,11,2024,2024-11-13,Start of Month,9,Low,Odd,20,Low,Even,26,Low,Even,43,High,Odd,58,High,Even,156,Low,Even,9,Low,165,Low,Odd
Sat,16,Nov,11,2024,2024-11-16,End of Month,21,Low,Odd,22,Low,Even,25,Low,Odd,32,Low,Even,38,High,Even,138,Low,Even,16,High,154,Low,Even
Mon,18,Nov,11,2024,2024-11-18,End of Month,27,Low,Odd,31,Low,Odd,41,High,Odd,52,High,Even,69,High,Odd,220,High,Even,26,High,246,High,Even
Wed,20,Nov,11,2024,2024-11-20,End of Month,16,Low,Even,30,Low,Even,60,High,Even,62,High,Even,64,High,Even,232,High,Even,25,High,257,High,Odd
Sat,23,Nov,11,2024,2024-11-23,End of Month,12,Low,Even,13,Low,Odd,34,Low,Even,44,High,Even,67,High,Odd,170,Low,Even,8,Low,178,Low,Even
Mon,25,Nov,11,2024,2024-11-25,End of Month,5,Low,Odd,35,High,Odd,45,High,Odd,60,High,Even,63,High,Odd,208,High,Even,12,Low,220,High,Even
Wed,27,Nov,11,2024,2024-11-27,End of Month,1,Low,Odd,6,Low,Even,7,Low,Odd,13,Low,Odd,40,High,Even,67,Low,Odd,5,Low,72,Low,Even
Sat,30,Nov,11,2024,2024-11-30,End of Month,4,Low,Even,24,Low,Even,29,Low,Odd,39,High,Odd,63,High,Odd,159,Low,Odd,25,High,184,Low,Even
Mon,2,Dec,12,2024,2024-12-02,Start of Month,3,Low,Odd,9,Low,Odd,26,Low,Even,61,High,Odd,67,High,Odd,166,Low,Even,13,Low,179,Low,Odd
Wed,4,Dec,12,2024,2024-12-04,Start of Month,1,Low,Odd,23,Low,Odd,25,Low,Odd,28,Low,Even,61,High,Odd,138,Low,Even,13,Low,151,Low,Odd
Sat,7,Dec,12,2024,2024-12-07,Start of Month,1,Low,Odd,31,Low,Odd,43,High,Odd,55,High,Odd,57,High,Odd,187,High,Odd,22,High,209,High,Odd
Mon,9,Dec,12,2024,2024-12-09,Start of Month,35,High,Odd,37,High,Odd,40,High,Even,45,High,Odd,51,High,Odd,208,High,Even,24,High,232,High,Even
Wed,11,Dec,12,2024,2024-12-11,Start of Month,13,Low,Odd,44,High,Even,50,High,Even,52,High,Even,54,High,Even,213,High,Odd,20,High,233,High,Odd
Sat,14,Dec,12,2024,2024-12-14,Start of Month,12,Low,Even,17,Low,Odd,23,Low,Odd,52,High,Even,67,High,Odd,171,Low,Odd,1,Low,172,Low,Even
Mon,16,Dec,12,2024,2024-12-16,End of Month,9,Low,Odd,30,Low,Even,33,Low,Odd,57,High,Odd,61,High,Odd,190,High,Even,17,High,207,High,Odd
Wed,18,Dec,12,2024,2024-12-18,End of Month,6,Low,Even,15,Low,Odd,18,Low,Even,33,Low,Odd,49,High,Odd,121,Low,Odd,7,Low,128,Low,Even
Sat,21,Dec,12,2024,2024-12-21,End of Month,1,Low,Odd,12,Low,Even,17,Low,Odd,21,Low,Odd,58,High,Even,109,Low,Odd,1,Low,110,Low,Even
Mon,23,Dec,12,2024,2024-12-23,End of Month,22,Low,Even,42,High,Even,44,High,Even,57,High,Odd,64,High,Even,229,High,Odd,18,High,247,High,Odd
Wed,25,Dec,12,2024,2024-12-25,End of Month,15,Low,Odd,26,Low,Even,27,Low,Odd,30,Low,Even,35,High,Odd,133,Low,Odd,3,Low,136,Low,Even
Sat,28,Dec,12,2024,2024-12-28,End of Month,6,Low,Even,31,Low,Odd,51,High,Odd,54,High,Even,55,High,Odd,197,High,Odd,12,Low,209,High,Odd
Mon,30,Dec,12,2024,2024-12-30,End of Month,9,Low,Odd,19,Low,Odd,33,Low,Odd,38,High,Even,39,High,Odd,138,Low,Even,1,Low,139,Low,Odd
Wed,1,Jan,1,2025,2025-01-01,Start of Month,6,Low,Even,12,Low,Even,28,Low,Even,35,High,Odd,66,High,Even,147,Low,Odd,26,High,173,Low,Odd
Sat,4,Jan,1,2025,2025-01-04,Start of Month,26,Low,Even,32,Low,Even,43,High,Odd,54,High,Even,56,High,Even,211,High,Odd,24,High,235,High,Odd
Mon,6,Jan,1,2025,2025-01-06,Start of Month,17,Low,Odd,34,Low,Even,46,High,Even,66,High,Even,67,High,Odd,230,High,Even,14,High,244,High,Even
Wed,8,Jan,1,2025,2025-01-08,Start of Month,1,Low,Odd,20,Low,Even,36,High,Even,38,High,Even,43,High,Odd,138,Low,Even,24,High,162,Low,Even
Sat,11,Jan,1,2025,2025-01-11,Start of Month,3,Low,Odd,6,Low,Even,32,Low,Even,37,High,Odd,65,High,Odd,143,Low,Odd,4,Low,147,Low,Odd
Mon,13,Jan,1,2025,2025-01-13,Start of Month,4,Low,Even,6,Low,Even,16,Low,Even,39,High,Odd,66,High,Even,131,Low,Odd,9,Low,140,Low,Even
Wed,15,Jan,1,2025,2025-01-15,Start of Month,8,Low,Even,41,High,Odd,52,High,Even,53,High,Odd,58,High,Even,212,High,Even,7,Low,219,High,Odd
Sat,18,Jan,1,2025,2025-01-18,End of Month,14,Low,Even,31,Low,Odd,35,High,Odd,64,High,Even,69,High,Odd,213,High,Odd,23,High,236,High,Even
Mon,20,Jan,1,2025,2025-01-20,End of Month,15,Low,Odd,16,Low,Even,32,Low,Even,47,High,Odd,54,High,Even,164,Low,Even,6,Low,170,Low,Even
Wed,22,Jan,1,2025,2025-01-22,End of Month,5,Low,Odd,6,Low,Even,27,Low,Odd,40,High,Even,49,High,Odd,127,Low,Odd,5,Low,132,Low,Even
Sat,25,Jan,1,2025,2025-01-25,End of Month,8,Low,Even,15,Low,Odd,17,Low,Odd,53,High,Odd,66,High,Even,159,Low,Odd,14,High,173,Low,Odd
Mon,27,Jan,1,2025,2025-01-27,End of Month,2,Low,Even,40,High,Even,47,High,Odd,53,High,Odd,55,High,Odd,197,High,Odd,20,High,217,High,Odd
Wed,29,Jan,1,2025,2025-01-29,End of Month,8,Low,Even,12,Low,Even,31,Low,Odd,33,Low,Odd,38,High,Even,122,Low,Even,18,High,140,Low,Even
Sat,1,Feb,2,2025,2025-02-01,Start of Month,23,Low,Odd,29,Low,Odd,32,Low,Even,49,High,Odd,61,High,Odd,194,High,Even,8,Low,202,High,Even
Mon,3,Feb,2,2025,2025-02-03,Start of Month,12,Low,Even,37,High,Odd,47,High,Odd,54,High,Even,60,High,Even,210,High,Even,17,High,227,High,Odd
Wed,5,Feb,2,2025,2025-02-05,Start of Month,19,Low,Odd,27,Low,Odd,30,Low,Even,50,High,Even,62,High,Even,188,High,Even,14,High,202,High,Even
Sat,8,Feb,2,2025,2025-02-08,Start of Month,23,Low,Odd,44,High,Even,57,High,Odd,60,High,Even,62,High,Even,246,High,Even,9,Low,255,High,Odd
Mon,10,Feb,2,2025,2025-02-10,Start of Month,2,Low,Even,17,Low,Odd,18,Low,Even,29,Low,Odd,43,High,Odd,109,Low,Odd,3,Low,112,Low,Even
Wed,12,Feb,2,2025,2025-02-12,Start of Month,21,Low,Odd,32,Low,Even,36,High,Even,45,High,Odd,49,High,Odd,183,High,Odd,18,High,201,High,Odd
Sat,15,Feb,2,2025,2025-02-15,Start of Month,3,Low,Odd,16,Low,Even,45,High,Odd,54,High,Even,56,High,Even,174,High,Even,12,Low,186,High,Even
Mon,17,Feb,2,2025,2025-02-17,End of Month,4,Low,Even,44,High,Even,47,High,Odd,52,High,Even,57,High,Odd,204,High,Even,9,Low,213,High,Odd
Wed,19,Feb,2,2025,2025-02-19,End of Month,6,Low,Even,21,Low,Odd,28,Low,Even,49,High,Odd,60,High,Even,164,Low,Even,20,High,184,Low,Even
Sat,22,Feb,2,2025,2025-02-22,End of Month,7,Low,Odd,18,Low,Even,22,Low,Even,50,High,Even,65,High,Odd,162,Low,Even,15,High,177,Low,Odd
Mon,24,Feb,2,2025,2025-02-24,End of Month,10,Low,Even,11,Low,Odd,34,Low,Even,59,High,Odd,68,High,Even,182,High,Even,14,High,196,High,Even
Wed,26,Feb,2,2025,2025-02-26,End of Month,28,Low,Even,48,High,Even,55,High,Odd,60,High,Even,62,High,Even,253,High,Odd,20,High,273,High,Odd
Sat,1,Mar,3,2025,2025-03-01,Start of Month,2,Low,Even,23,Low,Odd,36,High,Even,44,High,Even,49,High,Odd,154,Low,Even,25,High,179,Low,Odd
Mon,3,Mar,3,2025,2025-03-03,Start of Month,18,Low,Even,20,Low,Even,50,High,Even,52,High,Even,56,High,Even,196,High,Even,20,High,216,High,Even
Wed,5,Mar,3,2025,2025-03-05,Start of Month,24,Low,Even,28,Low,Even,40,High,Even,63,High,Odd,65,High,Odd,220,High,Even,20,High,240,High,Even
Sat,8,Mar,3,2025,2025-03-08,Start of Month,2,Low,Even,4,Low,Even,16,Low,Even,23,Low,Odd,63,High,Odd,108,Low,Even,13,Low,121,Low,Odd
Mon,10,Mar,3,2025,2025-03-10,Start of Month,17,Low,Odd,40,High,Even,47,High,Odd,50,High,Even,55,High,Odd,209,High,Odd,6,Low,215,High,Odd
Wed,12,Mar,3,2025,2025-03-12,Start of Month,11,Low,Odd,13,Low,Odd,28,Low,Even,51,High,Odd,58,High,Even,161,Low,Odd,1,Low,162,Low,Even
Sat,15,Mar,3,2025,2025-03-15,Start of Month,12,Low,Even,28,Low,Even,33,Low,Odd,36,High,Even,54,High,Even,163,Low,Odd,5,Low,168,Low,Even
Mon,17,Mar,3,2025,2025-03-17,End of Month,11,Low,Odd,18,Low,Even,23,Low,Odd,38,High,Even,60,High,Even,150,Low,Even,9,Low,159,Low,Odd
Wed,19,Mar,3,2025,2025-03-19,End of Month,8,Low,Even,11,Low,Odd,21,Low,Odd,49,High,Odd,59,High,Odd,148,Low,Even,15,High,163,Low,Odd
Sat,22,Mar,3,2025,2025-03-22,End of Month,6,Low,Even,7,Low,Odd,25,Low,Odd,46,High,Even,57,High,Odd,141,Low,Odd,12,Low,153,Low,Odd
Mon,24,Mar,3,2025,2025-03-24,End of Month,6,Low,Even,23,Low,Odd,35,High,Odd,36,High,Even,47,High,Odd,147,Low,Odd,12,Low,159,Low,Odd
Wed,26,Mar,3,2025,2025-03-26,End of Month,5,Low,Odd,20,Low,Even,29,Low,Odd,39,High,Odd,53,High,Odd,146,Low,Even,6,Low,152,Low,Even
Sat,29,Mar,3,2025,2025-03-29,End of Month,7,Low,Odd,11,Low,Odd,21,Low,Odd,53,High,Odd,61,High,Odd,153,Low,Odd,2,Low,155,Low,Odd
Mon,31,Mar,3,2025,2025-03-31,End of Month,12,Low,Even,41,High,Odd,44,High,Even,52,High,Even,64,High,Even,213,High,Odd,25,High,238,High,Even
Wed,2,Apr,4,2025,2025-04-02,Start of Month,5,Low,Odd,17,Low,Odd,41,High,Odd,64,High,Even,69,High,Odd,196,High,Even,1,Low,197,High,Odd
Sat,5,Apr,4,2025,2025-04-05,Start of Month,4,Low,Even,23,Low,Odd,30,Low,Even,46,High,Even,62,High,Even,165,Low,Odd,2,Low,167,Low,Odd
Mon,7,Apr,4,2025,2025-04-07,Start of Month,20,Low,Even,23,Low,Odd,48,High,Even,59,High,Odd,66,High,Even,216,High,Even,4,Low,220,High,Even
Wed,9,Apr,4,2025,2025-04-09,Start of Month,4,Low,Even,29,Low,Odd,37,High,Odd,55,High,Odd,67,High,Odd,192,High,Even,10,Low,202,High,Even
Sat,12,Apr,4,2025,2025-04-12,Start of Month,16,Low,Even,22,Low,Even,44,High,Even,45,High,Odd,53,High,Odd,180,High,Even,19,High,199,High,Odd
Mon,14,Apr,4,2025,2025-04-14,Start of Month,3,Low,Odd,20,Low,Even,30,Low,Even,52,High,Even,62,High,Even,167,Low,Odd,1,Low,168,Low,Even
Wed,16,Apr,4,2025,2025-04-16,End of Month,20,Low,Even,24,Low,Even,42,High,Even,43,High,Odd,49,High,Odd,178,High,Even,19,High,197,High,Odd
Sat,19,Apr,4,2025,2025-04-19,End of Month,7,Low,Odd,25,Low,Odd,37,High,Odd,39,High,Odd,63,High,Odd,171,Low,Odd,1,Low,172,Low,Even
Mon,21,Apr,4,2025,2025-04-21,End of Month,4,Low,Even,33,Low,Odd,45,High,Odd,46,High,Even,51,High,Odd,179,High,Odd,25,High,204,High,Even
Wed,23,Apr,4,2025,2025-04-23,End of Month,15,Low,Odd,44,High,Even,63,High,Odd,66,High,Even,69,High,Odd,257,High,Odd,20,High,277,High,Odd
Sat,26,Apr,4,2025,2025-04-26,End of Month,1,Low,Odd,12,Low,Even,14,Low,Even,18,Low,Even,69,High,Odd,114,Low,Even,2,Low,116,Low,Even
Mon,28,Apr,4,2025,2025-04-28,End of Month,26,Low,Even,43,High,Odd,51,High,Odd,56,High,Even,60,High,Even,236,High,Even,24,High,260,High,Even
Wed,30,Apr,4,2025,2025-04-30,End of Month,1,Low,Odd,2,Low,Even,3,Low,Odd,57,High,Odd,59,High,Odd,122,Low,Even,9,Low,131,Low,Odd
Sat,3,May,5,2025,2025-05-03,Start of Month,10,Low,Even,21,Low,Odd,23,Low,Odd,35,High,Odd,65,High,Odd,154,Low,Even,24,High,178,Low,Even
Mon,5,May,5,2025,2025-05-05,Start of Month,16,Low,Even,34,Low,Even,40,High,Even,45,High,Odd,66,High,Even,201,High,Odd,19,High,220,High,Even
Wed,7,May,5,2025,2025-05-07,Start of Month,14,Low,Even,15,Low,Odd,30,Low,Even,40,High,Even,59,High,Odd,158,Low,Even,20,High,178,Low,Even
Sat,10,May,5,2025,2025-05-10,Start of Month,5,Low,Odd,20,Low,Even,28,Low,Even,39,High,Odd,42,High,Even,134,Low,Even,13,Low,147,Low,Odd
Mon,12,May,5,2025,2025-05-12,Start of Month,15,Low,Odd,16,Low,Even,41,High,Odd,48,High,Even,60,High,Even,180,High,Even,21,High,201,High,Odd
Wed,14,May,5,2025,2025-05-14,Start of Month,4,Low,Even,10,Low,Even,24,Low,Even,29,Low,Odd,53,High,Odd,120,Low,Even,4,Low,124,Low,Even
Sat,17,May,5,2025,2025-05-17,End of Month,7,Low,Odd,34,Low,Even,40,High,Even,42,High,Even,52,High,Even,175,High,Odd,15,High,190,High,Even
Mon,19,May,5,2025,2025-05-19,End of Month,13,Low,Odd,14,Low,Even,37,High,Odd,50,High,Even,60,High,Even,174,High,Even,11,Low,185,Low,Odd
Wed,21,May,5,2025,2025-05-21,End of Month,9,Low,Odd,29,Low,Odd,31,Low,Odd,34,Low,Even,43,High,Odd,146,Low,Even,2,Low,148,Low,Even
Sat,24,May,5,2025,2025-05-24,End of Month,12,Low,Even,18,Low,Even,28,Low,Even,48,High,Even,52,High,Even,158,Low,Even,5,Low,163,Low,Odd
Mon,26,May,5,2025,2025-05-26,End of Month,13,Low,Odd,47,High,Odd,52,High,Even,64,High,Even,67,High,Odd,243,High,Odd,25,High,268,High,Even
Wed,28,May,5,2025,2025-05-28,End of Month,23,Low,Odd,27,Low,Odd,32,Low,Even,35,High,Odd,59,High,Odd,176,High,Even,11,Low,187,High,Odd
Sat,31,May,5,2025,2025-05-31,End of Month,1,Low,Odd,29,Low,Odd,37,High,Odd,56,High,Even,68,High,Even,191,High,Odd,13,Low,204,High,Even
Mon,2,Jun,6,2025,2025-06-02,Start of Month,1,Low,Odd,7,Low,Odd,44,High,Even,57,High,Odd,61,High,Odd,170,Low,Even,21,High,191,High,Odd
Wed,4,Jun,6,2025,2025-06-04,Start of Month,5,Low,Odd,17,Low,Odd,23,Low,Odd,35,High,Odd,45,High,Odd,125,Low,Odd,24,High,149,Low,Odd
Sat,7,Jun,6,2025,2025-06-07,Start of Month,31,Low,Odd,36,High,Even,43,High,Odd,48,High,Even,62,High,Even,220,High,Even,25,High,245,High,Odd
Mon,9,Jun,6,2025,2025-06-09,Start of Month,30,Low,Even,33,Low,Odd,40,High,Even,43,High,Odd,52,High,Even,198,High,Even,25,High,223,High,Odd
Wed,11,Jun,6,2025,2025-06-11,Start of Month,13,Low,Odd,25,Low,Odd,29,Low,Odd,37,High,Odd,53,High,Odd,157,Low,Odd,3,Low,160,Low,Even
Sat,14,Jun,6,2025,2025-06-14,Start of Month,4,Low,Even,6,Low,Even,9,Low,Odd,23,Low,Odd,59,High,Odd,101,Low,Odd,25,High,126,Low,Even
Mon,16,Jun,6,2025,2025-06-16,End of Month,17,Low,Odd,21,Low,Odd,23,Low,Odd,27,Low,Odd,52,High,Even,140,Low,Even,19,High,159,Low,Odd
Wed,18,Jun,6,2025,2025-06-18,End of Month,23,Low,Odd,29,Low,Odd,50,High,Even,64,High,Even,67,High,Odd,233,High,Odd,11,Low,244,High,Even
Sat,21,Jun,6,2025,2025-06-21,End of Month,3,Low,Odd,16,Low,Even,32,Low,Even,52,High,Even,62,High,Even,165,Low,Odd,24,High,189,High,Odd
Mon,23,Jun,6,2025,2025-06-23,End of Month,5,Low,Odd,25,Low,Odd,42,High,Even,44,High,Even,65,High,Odd,181,High,Odd,20,High,201,High,Odd
Wed,25,Jun,6,2025,2025-06-25,End of Month,2,Low,Even,12,Low,Even,37,High,Odd,51,High,Odd,61,High,Odd,163,Low,Odd,22,High,185,Low,Odd
Sat,28,Jun,6,2025,2025-06-28,End of Month,4,Low,Even,35,High,Odd,43,High,Odd,52,High,Even,62,High,Even,196,High,Even,12,Low,208,High,Even
Mon,30,Jun,6,2025,2025-06-30,End of Month,13,Low,Odd,28,Low,Even,44,High,Even,52,High,Even,55,High,Odd,192,High,Even,6,Low,198,High,Even
Wed,2,Jul,7,2025,2025-07-02,Start of Month,7,Low,Odd,19,Low,Odd,21,Low,Odd,54,High,Even,63,High,Odd,164,Low,Even,21,High,185,Low,Odd
Sat,5,Jul,7,2025,2025-07-05,Start of Month,1,Low,Odd,28,Low,Even,34,Low,Even,50,High,Even,58,High,Even,171,Low,Odd,8,Low,179,Low,Odd
Mon,7,Jul,7,2025,2025-07-07,Start of Month,33,Low,Odd,35,High,Odd,58,High,Even,61,High,Odd,69,High,Odd,256,High,Even,25,High,281,High,Odd
Wed,9,Jul,7,2025,2025-07-09,Start of Month,5,Low,Odd,9,Low,Odd,25,Low,Odd,28,Low,Even,69,High,Odd,136,Low,Even,5,Low,141,Low,Odd
Sat,12,Jul,7,2025,2025-07-12,Start of Month,8,Low,Even,16,Low,Even,24,Low,Even,33,Low,Odd,54,High,Even,135,Low,Odd,18,High,153,Low,Odd
Mon,14,Jul,7,2025,2025-07-14,Start of Month,8,Low,Even,12,Low,Even,45,High,Odd,46,High,Even,63,High,Odd,174,High,Even,24,High,198,High,Even
Wed,16,Jul,7,2025,2025-07-16,End of Month,4,Low,Even,21,Low,Odd,43,High,Odd,48,High,Even,49,High,Odd,165,Low,Odd,22,High,187,High,Odd
Sat,19,Jul,7,2025,2025-07-19,End of Month,28,Low,Even,48,High,Even,51,High,Odd,61,High,Odd,69,High,Odd,257,High,Odd,20,High,277,High,Odd
Mon,21,Jul,7,2025,2025-07-21,End of Month,8,Low,Even,11,Low,Odd,28,Low,Even,33,Low,Odd,42,High,Even,122,Low,Even,2,Low,124,Low,Even
Wed,23,Jul,7,2025,2025-07-23,End of Month,2,Low,Even,18,Low,Even,19,Low,Odd,25,Low,Odd,35,High,Odd,99,Low,Odd,25,High,124,Low,Even
Sat,26,Jul,7,2025,2025-07-26,End of Month,8,Low,Even,31,Low,Odd,57,High,Odd,65,High,Odd,67,High,Odd,228,High,Even,23,High,251,High,Odd
Mon,28,Jul,7,2025,2025-07-28,End of Month,7,Low,Odd,35,High,Odd,36,High,Even,43,High,Odd,62,High,Even,183,High,Odd,3,Low,186,High,Even
Wed,30,Jul,7,2025,2025-07-30,End of Month,4,Low,Even,15,Low,Odd,35,High,Odd,50,High,Even,64,High,Even,168,Low,Even,8,Low,176,Low,Even
Sat,2,Aug,8,2025,2025-08-02,Start of Month,6,Low,Even,18,Low,Even,34,Low,Even,35,High,Odd,36,High,Even,129,Low,Odd,2,Low,131,Low,Odd
Mon,4,Aug,8,2025,2025-08-04,Start of Month,8,Low,Even,9,Low,Odd,19,Low,Odd,31,Low,Odd,38,High,Even,105,Low,Odd,21,High,126,Low,Even
Wed,6,Aug,8,2025,2025-08-06,Start of Month,15,Low,Odd,27,Low,Odd,43,High,Odd,45,High,Odd,53,High,Odd,183,High,Odd,9,Low,192,High,Even
Sat,9,Aug,8,2025,2025-08-09,Start of Month,7,Low,Odd,14,Low,Even,23,Low,Odd,24,Low,Even,60,High,Even,128,Low,Even,14,High,142,Low,Even
Mon,11,Aug,8,2025,2025-08-11,Start of Month,6,Low,Even,16,Low,Even,33,Low,Odd,40,High,Even,62,High,Even,157,Low,Odd,2,Low,159,Low,Odd
Wed,13,Aug,8,2025,2025-08-13,Start of Month,4,Low,Even,11,Low,Odd,40,High,Even,44,High,Even,50,High,Even,149,Low,Odd,4,Low,153,Low,Odd
Sat,16,Aug,8,2025,2025-08-16,End of Month,23,Low,Odd,40,High,Even,49,High,Odd,65,High,Odd,69,High,Odd,246,High,Even,23,High,269,High,Odd
Mon,18,Aug,8,2025,2025-08-18,End of Month,15,Low,Odd,46,High,Even,61,High,Odd,63,High,Odd,64,High,Even,249,High,Odd,1,Low,250,High,Even
Wed,20,Aug,8,2025,2025-08-20,End of Month,31,Low,Odd,59,High,Odd,62,High,Even,65,High,Odd,68,High,Even,285,High,Odd,5,Low,290,High,Even
Sat,23,Aug,8,2025,2025-08-23,End of Month,11,Low,Odd,14,Low,Even,34,Low,Even,47,High,Odd,51,High,Odd,157,Low,Odd,18,High,175,Low,Odd
Mon,25,Aug,8,2025,2025-08-25,End of Month,16,Low,Even,19,Low,Odd,34,Low,Even,37,High,Odd,64,High,Even,170,Low,Even,22,High,192,High,Even
Wed,27,Aug,8,2025,2025-08-27,End of Month,9,Low,Odd,12,Low,Even,22,Low,Even,41,High,Odd,61,High,Odd,145,Low,Odd,25,High,170,Low,Even
Sat,30,Aug,8,2025,2025-08-30,End of Month,3,Low,Odd,18,Low,Even,22,Low,Even,27,Low,Odd,33,Low,Odd,103,Low,Odd,17,High,120,Low,Even
Mon,1,Sep,9,2025,2025-09-01,Start of Month,8,Low,Even,23,Low,Odd,25,Low,Odd,40,High,Even,53,High,Odd,149,Low,Odd,5,Low,154,Low,Even
Wed,3,Sep,9,2025,2025-09-03,Start of Month,3,Low,Odd,16,Low,Even,29,Low,Odd,61,High,Odd,69,High,Odd,178,High,Even,22,High,200,High,Even
Sat,6,Sep,9,2025,2025-09-06,Start of Month,11,Low,Odd,23,Low,Odd,44,High,Even,61,High,Odd,62,High,Even,201,High,Odd,17,High,218,High,Even
Mon,8,Sep,9,2025,2025-09-08,Start of Month,26,Low,Even,28,Low,Even,41,High,Odd,53,High,Odd,64,High,Even,212,High,Even,9,Low,221,High,Odd
Wed,10,Sep,9,2025,2025-09-10,Start of Month,2,Low,Even,24,Low,Even,45,High,Odd,53,High,Odd,64,High,Even,188,High,Even,5,Low,193,High,Odd
Sat,13,Sep,9,2025,2025-09-13,Start of Month,28,Low,Even,37,High,Odd,42,High,Even,50,High,Even,53,High,Odd,210,High,Even,19,High,229,High,Odd
Mon,15,Sep,9,2025,2025-09-15,Start of Month,14,Low,Even,15,Low,Odd,32,Low,Even,42,High,Even,49,High,Odd,152,Low,Even,1,Low,153,Low,Odd
Wed,17,Sep,9,2025,2025-09-17,End of Month,7,Low,Odd,30,Low,Even,50,High,Even,54,High,Even,62,High,Even,203,High,Odd,20,High,223,High,Odd
Sat,20,Sep,9,2025,2025-09-20,End of Month,15,Low,Odd,29,Low,Odd,64,High,Even,66,High,Even,67,High,Odd,241,High,Odd,4,Low,245,High,Odd
Mon,22,Sep,9,2025,2025-09-22,End of Month,3,Low,Odd,29,Low,Odd,42,High,Even,46,High,Even,59,High,Odd,179,High,Odd,15,High,194,High,Even
Wed,24,Sep,9,2025,2025-09-24,End of Month,15,Low,Odd,31,Low,Odd,45,High,Odd,49,High,Odd,53,High,Odd,193,High,Odd,19,High,212,High,Even
Sat,27,Sep,9,2025,2025-09-27,End of Month,10,Low,Even,16,Low,Even,32,Low,Even,61,High,Odd,66,High,Even,185,High,Odd,4,Low,189,High,Odd
Mon,29,Sep,9,2025,2025-09-29,End of Month,1,Low,Odd,3,Low,Odd,27,Low,Odd,60,High,Even,65,High,Odd,156,Low,Even,16,High,172,Low,Even
Wed,1,Oct,10,2025,2025-10-01,Start of Month,8,Low,Even,17,Low,Odd,22,Low,Even,28,Low,Even,55,High,Odd,130,Low,Even,14,High,144,Low,Even
Sat,4,Oct,10,2025,2025-10-04,Start of Month,3,Low,Odd,7,Low,Odd,47,High,Odd,67,High,Odd,68,High,Even,192,High,Even,2,Low,194,High,Even
Mon,6,Oct,10,2025,2025-10-06,Start of Month,28,Low,Even,29,Low,Odd,32,Low,Even,66,High,Even,67,High,Odd,222,High,Even,3,Low,225,High,Odd
Wed,8,Oct,10,2025,2025-10-08,Start of Month,8,Low,Even,10,Low,Even,44,High,Even,48,High,Even,54,High,Even,164,Low,Even,14,High,178,Low,Even
Sat,11,Oct,10,2025,2025-10-11,Start of Month,13,Low,Odd,16,Low,Even,18,Low,Even,20,Low,Even,27,Low,Odd,94,Low,Even,10,Low,104,Low,Even
Mon,13,Oct,10,2025,2025-10-13,Start of Month,13,Low,Odd,14,Low,Even,32,Low,Even,52,High,Even,64,High,Even,175,High,Odd,12,Low,187,High,Odd
Wed,15,Oct,10,2025,2025-10-15,Start of Month,10,Low,Even,13,Low,Odd,28,Low,Even,34,Low,Even,47,High,Odd,132,Low,Even,15,High,147,Low,Odd
Sat,18,Oct,10,2025,2025-10-18,End of Month,3,Low,Odd,11,Low,Odd,27,Low,Odd,40,High,Even,58,High,Even,139,Low,Odd,10,Low,149,Low,Odd
Mon,20,Oct,10,2025,2025-10-20,End of Month,32,Low,Even,38,High,Even,66,High,Even,67,High,Odd,69,High,Odd,272,High,Even,19,High,291,High,Odd
Wed,22,Oct,10,2025,2025-10-22,End of Month,18,Low,Even,37,High,Odd,52,High,Even,54,High,Even,60,High,Even,221,High,Odd,12,Low,233,High,Odd
Sat,25,Oct,10,2025,2025-10-25,End of Month,2,Low,Even,12,Low,Even,22,Low,Even,39,High,Odd,67,High,Odd,142,Low,Even,15,High,157,Low,Odd
Mon,27,Oct,10,2025,2025-10-27,End of Month,17,Low,Odd,39,High,Odd,43,High,Odd,51,High,Odd,66,High,Even,216,High,Even,20,High,236,High,Even
Wed,29,Oct,10,2025,2025-10-29,End of Month,4,Low,Even,24,Low,Even,49,High,Odd,60,High,Even,65,High,Odd,202,High,Even,1,Low,203,High,Odd
Sat,1,Nov,11,2025,2025-11-01,Start of Month,2,Low,Even,26,Low,Even,43,High,Odd,44,High,Even,62,High,Even,177,High,Odd,22,High,199,High,Odd
Mon,3,Nov,11,2025,2025-11-03,Start of Month,3,Low,Odd,32,Low,Even,40,High,Even,43,High,Odd,57,High,Odd,175,High,Odd,18,High,193,High,Odd
Wed,5,Nov,11,2025,2025-11-05,Start of Month,9,Low,Odd,17,Low,Odd,29,Low,Odd,61,High,Odd,66,High,Even,182,High,Even,26,High,208,High,Even
Sat,8,Nov,11,2025,2025-11-08,Start of Month,3,Low,Odd,53,High,Odd,60,High,Even,62,High,Even,68,High,Even,246,High,Even,11,Low,257,High,Odd
Mon,10,Nov,11,2025,2025-11-10,Start of Month,6,Low,Even,28,Low,Even,44,High,Even,48,High,Even,58,High,Even,184,High,Even,23,High,207,High,Odd
Wed,12,Nov,11,2025,2025-11-12,Start of Month,29,Low,Odd,39,High,Odd,43,High,Odd,51,High,Odd,65,High,Odd,227,High,Odd,23,High,250,High,Even
Sat,15,Nov,11,2025,2025-11-15,Start of Month,6,Low,Even,7,Low,Odd,12,Low,Even,47,High,Odd,53,High,Odd,125,Low,Odd,21,High,146,Low,Even
Mon,17,Nov,11,2025,2025-11-17,End of Month,7,Low,Odd,33,Low,Odd,50,High,Even,57,High,Odd,66,High,Even,213,High,Odd,23,High,236,High,Even
Wed,19,Nov,11,2025,2025-11-19,End of Month,10,Low,Even,31,Low,Odd,49,High,Odd,51,High,Odd,68,High,Even,209,High,Odd,19,High,228,High,Even
Sat,22,Nov,11,2025,2025-11-22,End of Month,28,Low,Even,32,Low,Even,36,High,Even,51,High,Odd,69,High,Odd,216,High,Even,2,Low,218,High,Even
Mon,24,Nov,11,2025,2025-11-24,End of Month,8,Low,Even,16,Low,Even,26,Low,Even,30,Low,Even,58,High,Even,138,Low,Even,14,High,152,Low,Even
Wed,26,Nov,11,2025,2025-11-26,End of Month,7,Low,Odd,8,Low,Even,15,Low,Odd,19,Low,Odd,28,Low,Even,77,Low,Odd,3,Low,80,Low,Even
Sat,29,Nov,11,2025,2025-11-29,End of Month,19,Low,Odd,22,Low,Even,30,Low,Even,32,Low,Even,59,High,Odd,162,Low,Even,1,Low,163,Low,Odd
Mon,1,Dec,12,2025,2025-12-01,Start of Month,5,Low,Odd,18,Low,Even,26,Low,Even,47,High,Odd,59,High,Odd,155,Low,Odd,1,Low,156,Low,Even
Wed,3,Dec,12,2025,2025-12-03,Start of Month,1,Low,Odd,14,Low,Even,20,Low,Even,46,High,Even,51,High,Odd,132,Low,Even,26,High,158,Low,Even
Sat,6,Dec,12,2025,2025-12-06,Start of Month,13,Low,Odd,14,Low,Even,26,Low,Even,28,Low,Even,44,High,Even,125,Low,Odd,7,Low,132,Low,Even
Mon,8,Dec,12,2025,2025-12-08,Start of Month,8,Low,Even,32,Low,Even,52,High,Even,56,High,Even,64,High,Even,212,High,Even,23,High,235,High,Odd
Wed,10,Dec,12,2025,2025-12-10,Start of Month,10,Low,Even,16,Low,Even,29,Low,Odd,33,Low,Odd,69,High,Odd,157,Low,Odd,22,High,179,Low,Odd
Sat,13,Dec,12,2025,2025-12-13,Start of Month,1,Low,Odd,28,Low,Even,31,Low,Odd,57,High,Odd,58,High,Even,175,High,Odd,16,High,191,High,Odd
Mon,15,Dec,12,2025,2025-12-15,Start of Month,23,Low,Odd,35,High,Odd,59,High,Odd,63,High,Odd,68,High,Even,248,High,Even,2,Low,250,High,Even
Wed,17,Dec,12,2025,2025-12-17,End of Month,25,Low,Odd,33,Low,Odd,53,High,Odd,62,High,Even,66,High,Even,239,High,Odd,17,High,256,High,Even
Sat,20,Dec,12,2025,2025-12-20,End of Month,4,Low,Even,5,Low,Odd,28,Low,Even,52,High,Even,69,High,Odd,158,Low,Even,20,High,178,Low,Even
Mon,22,Dec,12,2025,2025-12-22,End of Month,3,Low,Odd,18,Low,Even,36,High,Even,41,High,Odd,54,High,Even,152,Low,Even,7,Low,159,Low,Odd
Wed,24,Dec,12,2025,2025-12-24,End of Month,4,Low,Even,25,Low,Odd,31,Low,Odd,52,High,Even,59,High,Odd,171,Low,Odd,19,High,190,High,Even
Sat,27,Dec,12,2025,2025-12-27,End of Month,5,Low,Odd,20,Low,Even,34,Low,Even,39,High,Odd,62,High,Even,160,Low,Even,1,Low,161,Low,Odd
Mon,29,Dec,12,2025,2025-12-29,End of Month,11,Low,Odd,19,Low,Odd,34,Low,Even,48,High,Even,53,High,Odd,165,Low,Odd,21,High,186,High,Even
Wed,31,Dec,12,2025,2025-12-31,End of Month,11,Low,Odd,18,Low,Even,21,Low,Odd,24,Low,Even,38,High,Even,112,Low,Even,26,High,138,Low,Even
Sat,3,Jan,1,2026,2026-01-03,Start of Month,18,Low,Even,21,Low,Odd,40,High,Even,53,High,Odd,60,High,Even,192,High,Even,23,High,215,High,Odd
Mon,5,Jan,1,2026,2026-01-05,Start of Month,4,Low,Even,18,Low,Even,24,Low,Even,51,High,Odd,56,High,Even,153,Low,Odd,14,High,167,Low,Odd
Wed,7,Jan,1,2026,2026-01-07,Start of Month,15,Low,Odd,28,Low,Even,57,High,Odd,58,High,Even,63,High,Odd,221,High,Odd,23,High,244,High,Even
Sat,10,Jan,1,2026,2026-01-10,Start of Month,5,Low,Odd,19,Low,Odd,21,Low,Odd,28,Low,Even,64,High,Even,137,Low,Odd,14,High,151,Low,Odd
Mon,12,Jan,1,2026,2026-01-12,Start of Month,5,Low,Odd,27,Low,Odd,45,High,Odd,56,High,Even,59,High,Odd,192,High,Even,4,Low,196,High,Even
Wed,14,Jan,1,2026,2026-01-14,Start of Month,6,Low,Even,24,Low,Even,39,High,Odd,43,High,Odd,51,High,Odd,163,Low,Odd,2,Low,165,Low,Odd
Sat,17,Jan,1,2026,2026-01-17,End of Month,5,Low,Odd,8,Low,Even,27,Low,Odd,49,High,Odd,57,High,Odd,146,Low,Even,14,High,160,Low,Even
Mon,19,Jan,1,2026,2026-01-19,End of Month,5,Low,Odd,28,Low,Even,34,Low,Even,37,High,Odd,55,High,Odd,159,Low,Odd,17,High,176,Low,Even
Wed,21,Jan,1,2026,2026-01-21,End of Month,11,Low,Odd,26,Low,Even,27,Low,Odd,53,High,Odd,55,High,Odd,172,Low,Even,12,Low,184,Low,Even
Sat,24,Jan,1,2026,2026-01-24,End of Month,2,Low,Even,16,Low,Even,35,High,Odd,61,High,Odd,63,High,Odd,177,High,Odd,5,Low,182,Low,Even
Mon,26,Jan,1,2026,2026-01-26,End of Month,21,Low,Odd,31,Low,Odd,51,High,Odd,60,High,Even,63,High,Odd,226,High,Even,18,High,244,High,Even
Wed,28,Jan,1,2026,2026-01-28,End of Month,21,Low,Odd,35,High,Odd,40,High,Even,46,High,Even,68,High,Even,210,High,Even,11,Low,221,High,Odd
Sat,31,Jan,1,2026,2026-01-31,End of Month,2,Low,Even,8,Low,Even,14,Low,Even,40,High,Even,63,High,Odd,127,Low,Odd,23,High,150,Low,Even
Mon,2,Feb,2,2026,2026-02-02,Start of Month,3,Low,Odd,8,Low,Even,31,Low,Odd,60,High,Even,65,High,Odd,167,Low,Odd,4,Low,171,Low,Odd
Wed,4,Feb,2,2026,2026-02-04,Start of Month,27,Low,Odd,29,Low,Odd,30,Low,Even,37,High,Odd,58,High,Even,181,High,Odd,15,High,196,High,Even
Sat,7,Feb,2,2026,2026-02-07,Start of Month,25,Low,Odd,36,High,Even,42,High,Even,51,High,Odd,58,High,Even,212,High,Even,6,Low,218,High,Even
Mon,9,Feb,2,2026,2026-02-09,Start of Month,6,Low,Even,19,Low,Odd,22,Low,Even,28,Low,Even,48,High,Even,123,Low,Odd,24,High,147,Low,Odd
Wed,11,Feb,2,2026,2026-02-11,Start of Month,6,Low,Even,20,Low,Even,33,Low,Odd,40,High,Even,48,High,Even,147,Low,Odd,5,Low,152,Low,Even
Sat,14,Feb,2,2026,2026-02-14,Start of Month,23,Low,Odd,43,High,Odd,58,High,Even,60,High,Even,64,High,Even,248,High,Even,24,High,272,High,Even
Mon,16,Feb,2,2026,2026-02-16,End of Month,16,Low,Even,18,Low,Even,19,Low,Odd,56,High,Even,58,High,Even,167,Low,Odd,6,Low,173,Low,Odd
Wed,18,Feb,2,2026,2026-02-18,End of Month,9,Low,Odd,33,Low,Odd,52,High,Even,64,High,Even,66,High,Even,224,High,Even,1,Low,225,High,Odd
Sat,21,Feb,2,2026,2026-02-21,End of Month,27,Low,Odd,28,Low,Even,36,High,Even,48,High,Even,49,High,Odd,188,High,Even,21,High,209,High,Odd
Mon,23,Feb,2,2026,2026-02-23,End of Month,5,Low,Odd,11,Low,Odd,23,Low,Odd,29,Low,Odd,47,High,Odd,115,Low,Odd,6,Low,121,Low,Odd
Wed,25,Feb,2,2026,2026-02-25,End of Month,50,High,Even,52,High,Even,54,High,Even,56,High,Even,64,High,Even,276,High,Even,23,High,299,High,Odd
Sat,28,Feb,2,2026,2026-02-28,End of Month,6,Low,Even,20,Low,Even,35,High,Odd,54,High,Even,65,High,Odd,180,High,Even,10,Low,190,High,Even
Mon,2,Mar,3,2026,2026-03-02,Start of Month,2,Low,Even,17,Low,Odd,18,Low,Even,38,High,Even,62,High,Even,137,Low,Odd,20,High,157,Low,Odd
Wed,4,Mar,3,2026,2026-03-04,Start of Month,7,Low,Odd,14,Low,Even,42,High,Even,47,High,Odd,56,High,Even,166,Low,Even,6,Low,172,Low,Even
Sat,7,Mar,3,2026,2026-03-07,Start of Month,17,Low,Odd,18,Low,Even,30,Low,Even,50,High,Even,68,High,Even,183,High,Odd,24,High,207,High,Odd
Mon,9,Mar,3,2026,2026-03-09,Start of Month,22,Low,Even,23,Low,Odd,28,Low,Even,36,High,Even,54,High,Even,163,Low,Odd,13,Low,176,Low,Even
Wed,11,Mar,3,2026,2026-03-11,Start of Month,3,Low,Odd,6,Low,Even,55,High,Odd,58,High,Even,63,High,Odd,185,High,Odd,12,Low,197,High,Odd
Sat,14,Mar,3,2026,2026-03-14,Start of Month,9,Low,Odd,30,Low,Even,42,High,Even,50,High,Even,52,High,Even,183,High,Odd,21,High,204,High,Even
Mon,16,Mar,3,2026,2026-03-16,End of Month,7,Low,Odd,10,Low,Even,20,Low,Even,47,High,Odd,52,High,Even,136,Low,Even,20,High,156,Low,Even
Wed,18,Mar,3,2026,2026-03-18,End of Month,14,Low,Even,18,Low,Even,19,Low,Odd,21,Low,Odd,69,High,Odd,141,Low,Odd,1,Low,142,Low,Even
Sat,21,Mar,3,2026,2026-03-21,End of Month,12,Low,Even,28,Low,Even,36,High,Even,41,High,Odd,59,High,Odd,176,High,Even,2,Low,178,Low,Even
Mon,23,Mar,3,2026,2026-03-23,End of Month,12,Low,Even,18,Low,Even,47,High,Odd,56,High,Even,63,High,Odd,196,High,Even,1,Low,197,High,Odd
Wed,25,Mar,3,2026,2026-03-25,End of Month,7,Low,Odd,21,Low,Odd,55,High,Odd,56,High,Even,64,High,Even,203,High,Odd,26,High,229,High,Odd
Sat,28,Mar,3,2026,2026-03-28,End of Month,11,Low,Odd,42,High,Even,43,High,Odd,59,High,Odd,61,High,Odd,216,High,Even,25,High,241,High,Odd
Mon,30,Mar,3,2026,2026-03-30,End of Month,7,Low,Odd,11,Low,Odd,31,Low,Odd,41,High,Odd,57,High,Odd,147,Low,Odd,20,High,167,Low,Odd
Wed,1,Apr,4,2026,2026-04-01,Start of Month,4,Low,Even,10,Low,Even,11,Low,Odd,52,High,Even,64,High,Even,141,Low,Odd,24,High,165,Low,Odd
Sat,4,Apr,4,2026,2026-04-04,Start of Month,3,Low,Odd,6,Low,Even,13,Low,Odd,41,High,Odd,65,High,Odd,128,Low,Even,1,Low,129,Low,Odd
Mon,6,Apr,4,2026,2026-04-06,Start of Month,7,Low,Odd,24,Low,Even,37,High,Odd,42,High,Even,57,High,Odd,167,Low,Odd,5,Low,172,Low,Even
Wed,8,Apr,4,2026,2026-04-08,Start of Month,3,Low,Odd,16,Low,Even,17,Low,Odd,42,High,Even,52,High,Even,130,Low,Even,3,Low,133,Low,Odd
Sat,11,Apr,4,2026,2026-04-11,Start of Month,6,Low,Even,47,High,Odd,49,High,Odd,53,High,Odd,60,High,Even,215,High,Odd,6,Low,221,High,Odd
Mon,13,Apr,4,2026,2026-04-13,Start of Month,38,High,Even,43,High,Odd,59,High,Odd,63,High,Odd,64,High,Even,267,High,Odd,15,High,282,High,Even
Wed,15,Apr,4,2026,2026-04-15,Start of Month,13,Low,Odd,21,Low,Odd,27,Low,Odd,43,High,Odd,45,High,Odd,149,Low,Odd,26,High,175,Low,Odd
Sat,18,Apr,4,2026,2026-04-18,End of Month,24,Low,Even,25,Low,Odd,39,High,Odd,46,High,Even,61,High,Odd,195,High,Odd,1,Low,196,High,Even
Mon,20,Apr,4,2026,2026-04-20,End of Month,9,Low,Odd,17,Low,Odd,36,High,Even,47,High,Odd,64,High,Even,173,High,Odd,26,High,199,High,Odd
Wed,22,Apr,4,2026,2026-04-22,End of Month,24,Low,Even,29,Low,Odd,32,Low,Even,49,High,Odd,63,High,Odd,197,High,Odd,11,Low,208,High,Even
Sat,25,Apr,4,2026,2026-04-25,End of Month,4,Low,Even,30,Low,Even,36,High,Even,52,High,Even,57,High,Odd,179,High,Odd,2,Low,181,Low,Odd
Mon,27,Apr,4,2026,2026-04-27,End of Month,18,Low,Even,31,Low,Odd,33,Low,Odd,36,High,Even,62,High,Even,180,High,Even,3,Low,183,Low,Odd
Wed,29,Apr,4,2026,2026-04-29,End of Month,3,Low,Odd,19,Low,Odd,35,High,Odd,51,High,Odd,67,High,Odd,175,High,Odd,15,High,190,High,Even
Sat,2,May,5,2026,2026-05-02,Start of Month,25,Low,Odd,37,High,Odd,42,High,Even,52,High,Even,65,High,Odd,221,High,Odd,14,High,235,High,Odd
Mon,4,May,5,2026,2026-05-04,Start of Month,30,Low,Even,36,High,Even,42,High,Even,60,High,Even,63,High,Odd,231,High,Odd,13,Low,244,High,Even
Wed,6,May,5,2026,2026-05-06,Start of Month,18,Low,Even,27,Low,Odd,51,High,Odd,65,High,Odd,68,High,Even,229,High,Odd,5,Low,234,High,Even
Sat,9,May,5,2026,2026-05-09,Start of Month,15,Low,Odd,41,High,Odd,46,High,Even,47,High,Odd,56,High,Even,205,High,Odd,22,High,227,High,Odd
Mon,11,May,5,2026,2026-05-11,Start of Month,24,Low,Even,30,Low,Even,37,High,Odd,56,High,Even,64,High,Even,211,High,Odd,7,Low,218,High,Even
Wed,13,May,5,2026,2026-05-13,Start of Month,22,Low,Even,31,Low,Odd,52,High,Even,56,High,Even,67,High,Odd,228,High,Even,15,High,243,High,Odd
Sat,16,May,5,2026,2026-05-16,End of Month,8,Low,Even,37,High,Odd,40,High,Even,44,High,Even,65,High,Odd,194,High,Even,18,High,212,High,Even
Mon,18,May,5,2026,2026-05-18,End of Month,4,Low,Even,13,Low,Odd,34,Low,Even,61,High,Odd,65,High,Odd,177,High,Odd,12,Low,189,High,Odd
Wed,20,May,5,2026,2026-05-20,End of Month,10,Low,Even,28,Low,Even,30,Low,Even,46,High,Even,57,High,Odd,171,Low,Odd,25,High,196,High,Even
Sat,23,May,5,2026,2026-05-23,End of Month,4,Low,Even,16,Low,Even,41,High,Odd,48,High,Even,66,High,Even,175,High,Odd,26,High,201,High,Odd
Mon,25,May,5,2026,2026-05-25,End of Month,17,Low,Odd,32,Low,Even,48,High,Even,60,High,Even,64,High,Even,221,High,Odd,10,Low,231,High,Odd
Wed,27,May,5,2026,2026-05-27,End of Month,5,Low,Odd,14,Low,Even,21,Low,Odd,31,Low,Odd,51,High,Odd,122,Low,Even,13,Low,135,Low,Odd
Sat,30,May,5,2026,2026-05-30,End of Month,1,Low,Odd,27,Low,Odd,35,High,Odd,44,High,Even,52,High,Even,159,Low,Odd,12,Low,171,Low,Odd
Mon,1,Jun,6,2026,2026-06-01,Start of Month,2,Low,Even,42,High,Even,47,High,Odd,57,High,Odd,58,High,Even,206,High,Even,14,High,220,High,Even
Wed,3,Jun,6,2026,2026-06-03,Start of Month,14,Low,Even,16,Low,Even,38,High,Even,55,High,Odd,64,High,Even,187,High,Odd,12,Low,199,High,Odd
Sat,6,Jun,6,2026,2026-06-06,Start of Month,16,Low,Even,32,Low,Even,55,High,Odd,59,High,Odd,64,High,Even,226,High,Even,3,Low,229,High,Odd
Mon,8,Jun,6,2026,2026-06-08,Start of Month,3,Low,Odd,24,Low,Even,34,Low,Even,43,High,Odd,49,High,Odd,153,Low,Odd,20,High,173,Low,Odd
Wed,10,Jun,6,2026,2026-06-10,Start of Month,12,Low,Even,31,Low,Odd,38,High,Even,60,High,Even,66,High,Even,207,High,Odd,14,High,221,High,Odd
Sat,13,Jun,6,2026,2026-06-13,Start of Month,3,Low,Odd,13,Low,Odd,44,High,Even,50,High,Even,53,High,Odd,163,Low,Odd,2,Low,165,Low,Odd
Mon,15,Jun,6,2026,2026-06-15,Start of Month,25,Low,Odd,55,High,Odd,57,High,Odd,60,High,Even,62,High,Even,259,High,Odd,23,High,282,High,Even
Wed,17,Jun,6,2026,2026-06-17,End of Month,3,Low,Odd,26,Low,Even,49,High,Odd,53,High,Odd,61,High,Odd,192,High,Even,12,Low,204,High,Even
Sat,20,Jun,6,2026,2026-06-20,End of Month,16,Low,Even,20,Low,Even,44,High,Even,48,High,Even,50,High,Even,178,High,Even,15,High,193,High,Odd
Mon,22,Jun,6,2026,2026-06-22,End of Month,17,Low,Odd,19,Low,Odd,21,Low,Odd,45,High,Odd,48,High,Even,150,Low,Even,13,Low,163,Low,Odd
Wed,24,Jun,6,2026,2026-06-24,End of Month,13,Low,Odd,14,Low,Even,16,Low,Even,21,Low,Odd,38,High,Even,102,Low,Even,14,High,116,Low,Even
Sat,27,Jun,6,2026,2026-06-27,End of Month,3,Low,Odd,16,Low,Even,28,Low,Even,30,Low,Even,59,High,Odd,136,Low,Even,11,Low,147,Low,Odd
Mon,29,Jun,6,2026,2026-06-29,End of Month,10,Low,Even,14,Low,Even,41,High,Odd,53,High,Odd,59,High,Odd,177,High,Odd,3,Low,180,Low,Even
Wed,1,Jul,7,2026,2026-07-01,Start of Month,2,Low,Even,6,Low,Even,26,Low,Even,39,High,Odd,68,High,Even,141,Low,Odd,6,Low,147,Low,Odd
Sat,4,Jul,7,2026,2026-07-04,Start of Month,17,Low,Odd,38,High,Even,46,High,Even,50,High,Even,69,High,Odd,220,High,Even,20,High,240,High,Even
Mon,6,Jul,7,2026,2026-07-06,Start of Month,17,Low,Odd,44,High,Even,63,High,Odd,66,High,Even,67,High,Odd,257,High,Odd,4,Low,261,High,Odd
Wed,8,Jul,7,2026,2026-07-08,Start of Month,12,Low,Even,29,Low,Odd,37,High,Odd,43,High,Odd,55,High,Odd,176,High,Even,18,High,194,High,Even
Sat,11,Jul,7,2026,2026-07-11,Start of Month,8,Low,Even,10,Low,Even,14,Low,Even,45,High,Odd,59,High,Odd,136,Low,Even,5,Low,141,Low,Odd
Mon,13,Jul,7,2026,2026-07-13,Start of Month,5,Low,Odd,25,Low,Odd,36,High,Even,40,High,Even,48,High,Even,154,Low,Even,3,Low,157,Low,Odd
Wed,15,Jul,7,2026,2026-07-15,Start of Month,2,Low,Even,7,Low,Odd,18,Low,Even,29,Low,Odd,38,High,Even,94,Low,Even,16,High,110,Low,Even
Sat,18,Jul,7,2026,2026-07-18,End of Month,9,Low,Odd,14,Low,Even,44,High,Even,50,High,Even,56,High,Even,173,High,Odd,3,Low,176,Low,Even
Mon,20,Jul,7,2026,2026-07-20,End of Month,2,Low,Even,9,Low,Odd,44,High,Even,53,High,Odd,59,High,Odd,167,Low,Odd,8,Low,175,Low,Odd
Wed,22,Jul,7,2026,2026-07-22,End of Month,4,Low,Even,5,Low,Odd,22,Low,Even,50,High,Even,58,High,Even,139,Low,Odd,1,Low,140,Low,Even
Sat,25,Jul,7,2026,2026-07-25,End of Month,3,Low,Odd,4,Low,Even,24,Low,Even,36,High,Even,47,High,Odd,114,Low,Even,17,High,131,Low,Odd
Mon,27,Jul,7,2026,2026-07-27,End of Month,6,Low,Even,26,Low,Even,46,High,Even,58,High,Even,65,High,Odd,201,High,Odd,25,High,226,High,Even
Wed,29,Jul,7,2026,2026-07-29,End of Month,30,Low,Even,36,High,Even,40,High,Even,42,High,Even,57,High,Odd,205,High,Odd,2,Low,207,High,Odd
